{
    "MFTT_031735": {
        "goal": {
            "Conference": {
                "semi": {
                    "acronym": [],
                    "year": [],
                    "fullName": [],
                    "paperDue": [],
                    "noticeDue": [],
                    "heldDate": [],
                    "abstractDue": [],
                    "finalDue": [],
                    "location": [],
                    "category": [],
                    "ccf": [],
                    "website": [],
                    "bestPaper": [],
                    "confRelated": [],
                    "journalRelated": []
                }
            },
            "Paper": {
                "semi": {
                    "doi": [],
                    "title": [],
                    "author": [
                        "张昕"
                    ],
                    "venue": [
                        "ISCAS"
                    ],
                    "year": [],
                    "institution": [],
                    "abstract": [],
                    "pdf": [],
                    "blog": []
                },
                "download": {
                    "path": []
                }
            },
            "Journal": {
                "semi": {
                    "name": [],
                    "ISSN": [],
                    "E_ISSN": [],
                    "IF": [],
                    "h_index": [],
                    "self_citing": [],
                    "ccf": [],
                    "sci": [],
                    "website": [],
                    "submit": [],
                    "OA": [],
                    "category": [],
                    "speed": [],
                    "rate": []
                }
            },
            "Author": {
                "semi": {
                    "name": [],
                    "field": [],
                    "affiliation": [],
                    "position": [],
                    "citations": [],
                    "h_index": [],
                    "pubs": []
                }
            },
            "Institution": {
                "semi": {
                    "name": [],
                    "address": [],
                    "website": []
                }
            },
            "description": [
                "Given ccf; Recommend Conference",
                "Add noticeDue; Recommend Conference",
                "Add category; Recommend Conference",
                "Given location; Recommend Conference",
                "Add ccf; Recommend Conference",
                "Add category; Recommend Conference",
                "Doubt to system response",
                "Request detail of fullName",
                "Request detail of paperDue,finalDue",
                "Confirm detail of heldDate",
                "Given venue; Recommend Paper",
                "Add author; Recommend Paper"
            ]
        },
        "log": [
            {
                "text": "咨询一下哪些会议是A类会议呢",
                "metadata": {},
                "dialog_act": {
                    "Conference-Inform": [
                        [
                            "ccf",
                            "A类"
                        ]
                    ]
                },
                "span_info": [
                    [
                        "Conference-Inform",
                        "ccf",
                        "A类",
                        9,
                        10
                    ]
                ]
            },
            {
                "text": "共有50个满足条件的会议，你想要什么时候通知的会议呢",
                "metadata": {
                    "Conference": {
                        "semi": {
                            "acronym": [],
                            "year": [],
                            "fullName": [],
                            "paperDue": [],
                            "noticeDue": [],
                            "heldDate": [],
                            "abstractDue": [],
                            "finalDue": [],
                            "location": [],
                            "category": [],
                            "ccf": [
                                "A类"
                            ],
                            "website": [],
                            "bestPaper": [],
                            "confRelated": [],
                            "journalRelated": []
                        }
                    },
                    "Paper": {
                        "semi": {
                            "doi": [],
                            "title": [],
                            "author": [],
                            "venue": [],
                            "year": [],
                            "institution": [],
                            "abstract": [],
                            "pdf": [],
                            "blog": []
                        },
                        "download": {
                            "path": []
                        }
                    },
                    "Journal": {
                        "semi": {
                            "name": [],
                            "ISSN": [],
                            "E_ISSN": [],
                            "IF": [],
                            "h_index": [],
                            "self_citing": [],
                            "ccf": [],
                            "sci": [],
                            "website": [],
                            "submit": [],
                            "OA": [],
                            "category": [],
                            "speed": [],
                            "rate": []
                        }
                    },
                    "Author": {
                        "semi": {
                            "name": [],
                            "field": [],
                            "affiliation": [],
                            "position": [],
                            "citations": [],
                            "h_index": [],
                            "pubs": []
                        }
                    },
                    "Institution": {
                        "semi": {
                            "name": [],
                            "address": [],
                            "website": []
                        }
                    }
                },
                "dialog_act": {
                    "Conference-Recommend": [
                        [
                            "Choice",
                            "515"
                        ]
                    ],
                    "Conference-Reqmore": [
                        [
                            "noticeDue",
                            "?"
                        ]
                    ]
                },
                "span_info": []
            },
            {
                "text": "那从11月7日到12月28日要通知的会议有哪些呢",
                "metadata": {},
                "dialog_act": {
                    "Conference-Inform": [
                        [
                            "noticeDue",
                            "从11月7日到12月28日"
                        ]
                    ]
                },
                "span_info": [
                    [
                        "Conference-Add",
                        "noticeDue",
                        "从11月7日到12月28日",
                        1,
                        13
                    ]
                ]
            },
            {
                "text": "共有50个满足条件的会议，您还有什么其他的要求嘛",
                "metadata": {
                    "Conference": {
                        "semi": {
                            "acronym": [],
                            "year": [],
                            "fullName": [],
                            "paperDue": [],
                            "noticeDue": [
                                "从11月7日到12月28日"
                            ],
                            "heldDate": [],
                            "abstractDue": [],
                            "finalDue": [],
                            "location": [],
                            "category": [],
                            "ccf": [
                                "A类"
                            ],
                            "website": [],
                            "bestPaper": [],
                            "confRelated": [],
                            "journalRelated": []
                        }
                    },
                    "Paper": {
                        "semi": {
                            "doi": [],
                            "title": [],
                            "author": [],
                            "venue": [],
                            "year": [],
                            "institution": [],
                            "abstract": [],
                            "pdf": [],
                            "blog": []
                        },
                        "download": {
                            "path": []
                        }
                    },
                    "Journal": {
                        "semi": {
                            "name": [],
                            "ISSN": [],
                            "E_ISSN": [],
                            "IF": [],
                            "h_index": [],
                            "self_citing": [],
                            "ccf": [],
                            "sci": [],
                            "website": [],
                            "submit": [],
                            "OA": [],
                            "category": [],
                            "speed": [],
                            "rate": []
                        }
                    },
                    "Author": {
                        "semi": {
                            "name": [],
                            "field": [],
                            "affiliation": [],
                            "position": [],
                            "citations": [],
                            "h_index": [],
                            "pubs": []
                        }
                    },
                    "Institution": {
                        "semi": {
                            "name": [],
                            "address": [],
                            "website": []
                        }
                    }
                },
                "dialog_act": {
                    "Conference-Recommend": [
                        [
                            "Choice",
                            "5"
                        ]
                    ],
                    "Conference-Reqmore": [
                        [
                            "?",
                            "?"
                        ]
                    ]
                },
                "span_info": []
            },
            {
                "text": "它们中间有属于分布式系统领域的嘛",
                "metadata": {},
                "dialog_act": {
                    "Conference-Inform": [
                        [
                            "category",
                            "分布式系统"
                        ]
                    ]
                },
                "span_info": [
                    [
                        "Conference-Add",
                        "category",
                        "分布式系统",
                        7,
                        11
                    ]
                ]
            },
            {
                "text": "没找到相应的会议",
                "metadata": {
                    "Conference": {
                        "semi": {
                            "acronym": [],
                            "year": [],
                            "fullName": [],
                            "paperDue": [],
                            "noticeDue": [
                                "从11月7日到12月28日"
                            ],
                            "heldDate": [],
                            "abstractDue": [],
                            "finalDue": [],
                            "location": [],
                            "category": [
                                "分布式系统"
                            ],
                            "ccf": [
                                "A类"
                            ],
                            "website": [],
                            "bestPaper": [],
                            "confRelated": [],
                            "journalRelated": []
                        }
                    },
                    "Paper": {
                        "semi": {
                            "doi": [],
                            "title": [],
                            "author": [],
                            "venue": [],
                            "year": [],
                            "institution": [],
                            "abstract": [],
                            "pdf": [],
                            "blog": []
                        },
                        "download": {
                            "path": []
                        }
                    },
                    "Journal": {
                        "semi": {
                            "name": [],
                            "ISSN": [],
                            "E_ISSN": [],
                            "IF": [],
                            "h_index": [],
                            "self_citing": [],
                            "ccf": [],
                            "sci": [],
                            "website": [],
                            "submit": [],
                            "OA": [],
                            "category": [],
                            "speed": [],
                            "rate": []
                        }
                    },
                    "Author": {
                        "semi": {
                            "name": [],
                            "field": [],
                            "affiliation": [],
                            "position": [],
                            "citations": [],
                            "h_index": [],
                            "pubs": []
                        }
                    },
                    "Institution": {
                        "semi": {
                            "name": [],
                            "address": [],
                            "website": []
                        }
                    }
                },
                "dialog_act": {
                    "Conference-Recommend": [
                        [
                            "Choice",
                            "0"
                        ]
                    ]
                },
                "span_info": []
            },
            {
                "text": "你知道有哪些会议是在韩国被举办的呢",
                "metadata": {},
                "dialog_act": {
                    "Conference-Inform": [
                        [
                            "location",
                            "韩国"
                        ]
                    ]
                },
                "span_info": [
                    [
                        "Conference-Inform",
                        "location",
                        "韩国",
                        10,
                        11
                    ]
                ]
            },
            {
                "text": "满足条件的会议共有50个，您还有什么其他的要求嘛",
                "metadata": {
                    "Conference": {
                        "semi": {
                            "acronym": [],
                            "year": [],
                            "fullName": [],
                            "paperDue": [],
                            "noticeDue": [],
                            "heldDate": [],
                            "abstractDue": [],
                            "finalDue": [],
                            "location": [
                                "韩国"
                            ],
                            "category": [],
                            "ccf": [],
                            "website": [],
                            "bestPaper": [],
                            "confRelated": [],
                            "journalRelated": []
                        }
                    },
                    "Paper": {
                        "semi": {
                            "doi": [],
                            "title": [],
                            "author": [],
                            "venue": [],
                            "year": [],
                            "institution": [],
                            "abstract": [],
                            "pdf": [],
                            "blog": []
                        },
                        "download": {
                            "path": []
                        }
                    },
                    "Journal": {
                        "semi": {
                            "name": [],
                            "ISSN": [],
                            "E_ISSN": [],
                            "IF": [],
                            "h_index": [],
                            "self_citing": [],
                            "ccf": [],
                            "sci": [],
                            "website": [],
                            "submit": [],
                            "OA": [],
                            "category": [],
                            "speed": [],
                            "rate": []
                        }
                    },
                    "Author": {
                        "semi": {
                            "name": [],
                            "field": [],
                            "affiliation": [],
                            "position": [],
                            "citations": [],
                            "h_index": [],
                            "pubs": []
                        }
                    },
                    "Institution": {
                        "semi": {
                            "name": [],
                            "address": [],
                            "website": []
                        }
                    }
                },
                "dialog_act": {
                    "Conference-Recommend": [
                        [
                            "Choice",
                            "158"
                        ]
                    ],
                    "Conference-Reqmore": [
                        [
                            "?",
                            "?"
                        ]
                    ]
                },
                "span_info": []
            },
            {
                "text": "它们中间有属于B类以下会议的嘛",
                "metadata": {},
                "dialog_act": {
                    "Conference-Inform": [
                        [
                            "ccf",
                            "B类以下"
                        ]
                    ]
                },
                "span_info": [
                    [
                        "Conference-Add",
                        "ccf",
                        "B类以下",
                        7,
                        10
                    ]
                ]
            },
            {
                "text": "共有50个满足条件的会议，你想要什么领域的会议呢",
                "metadata": {
                    "Conference": {
                        "semi": {
                            "acronym": [],
                            "year": [],
                            "fullName": [],
                            "paperDue": [],
                            "noticeDue": [],
                            "heldDate": [],
                            "abstractDue": [],
                            "finalDue": [],
                            "location": [
                                "韩国"
                            ],
                            "category": [],
                            "ccf": [
                                "B类以下"
                            ],
                            "website": [],
                            "bestPaper": [],
                            "confRelated": [],
                            "journalRelated": []
                        }
                    },
                    "Paper": {
                        "semi": {
                            "doi": [],
                            "title": [],
                            "author": [],
                            "venue": [],
                            "year": [],
                            "institution": [],
                            "abstract": [],
                            "pdf": [],
                            "blog": []
                        },
                        "download": {
                            "path": []
                        }
                    },
                    "Journal": {
                        "semi": {
                            "name": [],
                            "ISSN": [],
                            "E_ISSN": [],
                            "IF": [],
                            "h_index": [],
                            "self_citing": [],
                            "ccf": [],
                            "sci": [],
                            "website": [],
                            "submit": [],
                            "OA": [],
                            "category": [],
                            "speed": [],
                            "rate": []
                        }
                    },
                    "Author": {
                        "semi": {
                            "name": [],
                            "field": [],
                            "affiliation": [],
                            "position": [],
                            "citations": [],
                            "h_index": [],
                            "pubs": []
                        }
                    },
                    "Institution": {
                        "semi": {
                            "name": [],
                            "address": [],
                            "website": []
                        }
                    }
                },
                "dialog_act": {
                    "Conference-Recommend": [
                        [
                            "Choice",
                            "42"
                        ]
                    ],
                    "Conference-Reqmore": [
                        [
                            "category",
                            "?"
                        ]
                    ]
                },
                "span_info": []
            },
            {
                "text": "请问中间有属于验证领域的嘛",
                "metadata": {},
                "dialog_act": {
                    "Conference-Inform": [
                        [
                            "category",
                            "验证"
                        ]
                    ]
                },
                "span_info": [
                    [
                        "Conference-Add",
                        "category",
                        "验证",
                        7,
                        8
                    ]
                ]
            },
            {
                "text": "没找到相应的会议",
                "metadata": {
                    "Conference": {
                        "semi": {
                            "acronym": [],
                            "year": [],
                            "fullName": [],
                            "paperDue": [],
                            "noticeDue": [],
                            "heldDate": [],
                            "abstractDue": [],
                            "finalDue": [],
                            "location": [
                                "瑞士"
                            ],
                            "category": [
                                "验证"
                            ],
                            "ccf": [
                                "B类以下"
                            ],
                            "website": [],
                            "bestPaper": [],
                            "confRelated": [],
                            "journalRelated": []
                        }
                    },
                    "Paper": {
                        "semi": {
                            "doi": [],
                            "title": [],
                            "author": [],
                            "venue": [],
                            "year": [],
                            "institution": [],
                            "abstract": [],
                            "pdf": [],
                            "blog": []
                        },
                        "download": {
                            "path": []
                        }
                    },
                    "Journal": {
                        "semi": {
                            "name": [],
                            "ISSN": [],
                            "E_ISSN": [],
                            "IF": [],
                            "h_index": [],
                            "self_citing": [],
                            "ccf": [],
                            "sci": [],
                            "website": [],
                            "submit": [],
                            "OA": [],
                            "category": [],
                            "speed": [],
                            "rate": []
                        }
                    },
                    "Author": {
                        "semi": {
                            "name": [],
                            "field": [],
                            "affiliation": [],
                            "position": [],
                            "citations": [],
                            "h_index": [],
                            "pubs": []
                        }
                    },
                    "Institution": {
                        "semi": {
                            "name": [],
                            "address": [],
                            "website": []
                        }
                    }
                },
                "dialog_act": {
                    "Conference-Recommend": [
                        [
                            "Choice",
                            "0"
                        ]
                    ]
                },
                "span_info": []
            },
            {
                "text": "你没有读懂我的意思吧",
                "metadata": {},
                "dialog_act": {
                    "General-Doubt": [
                        [
                            null,
                            null
                        ]
                    ]
                },
                "span_info": []
            },
            {
                "text": "你理解的没错，为你找到了ASP-DAC会议，它是满足条件的",
                "metadata": {
                    "Conference": {
                        "semi": {
                            "acronym": [],
                            "year": [],
                            "fullName": [],
                            "paperDue": [],
                            "noticeDue": [],
                            "heldDate": [],
                            "abstractDue": [],
                            "finalDue": [],
                            "location": [
                                "瑞士"
                            ],
                            "category": [
                                "验证"
                            ],
                            "ccf": [
                                "B类以下"
                            ],
                            "website": [],
                            "bestPaper": [],
                            "confRelated": [],
                            "journalRelated": []
                        }
                    },
                    "Paper": {
                        "semi": {
                            "doi": [],
                            "title": [],
                            "author": [],
                            "venue": [],
                            "year": [],
                            "institution": [],
                            "abstract": [],
                            "pdf": [],
                            "blog": []
                        },
                        "download": {
                            "path": []
                        }
                    },
                    "Journal": {
                        "semi": {
                            "name": [],
                            "ISSN": [],
                            "E_ISSN": [],
                            "IF": [],
                            "h_index": [],
                            "self_citing": [],
                            "ccf": [],
                            "sci": [],
                            "website": [],
                            "submit": [],
                            "OA": [],
                            "category": [],
                            "speed": [],
                            "rate": []
                        }
                    },
                    "Author": {
                        "semi": {
                            "name": [],
                            "field": [],
                            "affiliation": [],
                            "position": [],
                            "citations": [],
                            "h_index": [],
                            "pubs": []
                        }
                    },
                    "Institution": {
                        "semi": {
                            "name": [],
                            "address": [],
                            "website": []
                        }
                    }
                },
                "dialog_act": {
                    "General-Positive": [
                        [
                            null,
                            null
                        ]
                    ],
                    "Conference-Recommend": [
                        [
                            "Choice",
                            "1"
                        ],
                        [
                            "acronym",
                            "ASP-DAC"
                        ]
                    ]
                },
                "span_info": [
                    [
                        "Conference-Recommend",
                        "acronym",
                        "ASP-DAC",
                        12,
                        18
                    ]
                ]
            },
            {
                "text": "ASP-DAC2011会议的全称叫什么",
                "metadata": {},
                "dialog_act": {
                    "Conference-Inform": [
                        [
                            "acronym",
                            "ASP-DAC"
                        ],
                        [
                            "year",
                            "2011"
                        ]
                    ],
                    "Conference-Request": [
                        [
                            "fullName",
                            "?"
                        ]
                    ]
                },
                "span_info": [
                    [
                        "Conference-Inform",
                        "acronym",
                        "ASP-DAC",
                        0,
                        6
                    ],
                    [
                        "Conference-Inform",
                        "year",
                        "2011",
                        7,
                        10
                    ]
                ]
            },
            {
                "text": "ASP-DAC2011的全称是16th Asia and South Pacific Design Automation Conference",
                "metadata": {
                    "Conference": {
                        "semi": {
                            "acronym": [
                                "ASP-DAC"
                            ],
                            "year": [
                                "2011"
                            ],
                            "fullName": [],
                            "paperDue": [],
                            "noticeDue": [],
                            "heldDate": [],
                            "abstractDue": [],
                            "finalDue": [],
                            "location": [
                                "瑞士"
                            ],
                            "category": [
                                "验证"
                            ],
                            "ccf": [
                                "B类以下"
                            ],
                            "website": [],
                            "bestPaper": [],
                            "confRelated": [],
                            "journalRelated": []
                        }
                    },
                    "Paper": {
                        "semi": {
                            "doi": [],
                            "title": [],
                            "author": [],
                            "venue": [],
                            "year": [],
                            "institution": [],
                            "abstract": [],
                            "pdf": [],
                            "blog": []
                        },
                        "download": {
                            "path": []
                        }
                    },
                    "Journal": {
                        "semi": {
                            "name": [],
                            "ISSN": [],
                            "E_ISSN": [],
                            "IF": [],
                            "h_index": [],
                            "self_citing": [],
                            "ccf": [],
                            "sci": [],
                            "website": [],
                            "submit": [],
                            "OA": [],
                            "category": [],
                            "speed": [],
                            "rate": []
                        }
                    },
                    "Author": {
                        "semi": {
                            "name": [],
                            "field": [],
                            "affiliation": [],
                            "position": [],
                            "citations": [],
                            "h_index": [],
                            "pubs": []
                        }
                    },
                    "Institution": {
                        "semi": {
                            "name": [],
                            "address": [],
                            "website": []
                        }
                    }
                },
                "dialog_act": {
                    "Conference-Inform": [
                        [
                            "acronym",
                            "ASP-DAC"
                        ],
                        [
                            "year",
                            "2011"
                        ],
                        [
                            "fullName",
                            "16th Asia and South Pacific Design Automation Conference"
                        ]
                    ]
                },
                "span_info": [
                    [
                        "Conference-Inform",
                        "acronym",
                        "ASP-DAC",
                        0,
                        6
                    ],
                    [
                        "Conference-Inform",
                        "year",
                        "2011",
                        7,
                        10
                    ],
                    [
                        "Conference-Inform",
                        "fullName",
                        "16th Asia and South Pacific Design Automation Conference",
                        15,
                        70
                    ]
                ]
            },
            {
                "text": "ASP-DAC2011的截稿时间和最终版截止时间分别是什么呢",
                "metadata": {},
                "dialog_act": {
                    "Conference-Inform": [
                        [
                            "acronym",
                            "ASP-DAC"
                        ],
                        [
                            "year",
                            "2011"
                        ]
                    ],
                    "Conference-Request": [
                        [
                            "paperDue",
                            "?"
                        ],
                        [
                            "finalDue",
                            "?"
                        ]
                    ]
                },
                "span_info": [
                    [
                        "Conference-Inform",
                        "acronym",
                        "ASP-DAC",
                        0,
                        6
                    ],
                    [
                        "Conference-Inform",
                        "year",
                        "2011",
                        7,
                        10
                    ]
                ]
            },
            {
                "text": "ASP-DAC2011的截稿时间是2010-07-19，最终版截稿时间是2010-07-19",
                "metadata": {
                    "Conference": {
                        "semi": {
                            "acronym": [
                                "ASP-DAC"
                            ],
                            "year": [
                                "2011"
                            ],
                            "fullName": [
                                "16th Asia and South Pacific Design Automation Conference"
                            ],
                            "paperDue": [],
                            "noticeDue": [],
                            "heldDate": [],
                            "abstractDue": [],
                            "finalDue": [],
                            "location": [
                                "瑞士"
                            ],
                            "category": [
                                "验证"
                            ],
                            "ccf": [
                                "B类以下"
                            ],
                            "website": [],
                            "bestPaper": [],
                            "confRelated": [],
                            "journalRelated": []
                        }
                    },
                    "Paper": {
                        "semi": {
                            "doi": [],
                            "title": [],
                            "author": [],
                            "venue": [],
                            "year": [],
                            "institution": [],
                            "abstract": [],
                            "pdf": [],
                            "blog": []
                        },
                        "download": {
                            "path": []
                        }
                    },
                    "Journal": {
                        "semi": {
                            "name": [],
                            "ISSN": [],
                            "E_ISSN": [],
                            "IF": [],
                            "h_index": [],
                            "self_citing": [],
                            "ccf": [],
                            "sci": [],
                            "website": [],
                            "submit": [],
                            "OA": [],
                            "category": [],
                            "speed": [],
                            "rate": []
                        }
                    },
                    "Author": {
                        "semi": {
                            "name": [],
                            "field": [],
                            "affiliation": [],
                            "position": [],
                            "citations": [],
                            "h_index": [],
                            "pubs": []
                        }
                    },
                    "Institution": {
                        "semi": {
                            "name": [],
                            "address": [],
                            "website": []
                        }
                    }
                },
                "dialog_act": {
                    "Conference-Inform": [
                        [
                            "acronym",
                            "ASP-DAC"
                        ],
                        [
                            "year",
                            "2011"
                        ],
                        [
                            "paperDue",
                            "2010-07-19"
                        ],
                        [
                            "finalDue",
                            "2010-11-15"
                        ]
                    ]
                },
                "span_info": [
                    [
                        "Conference-Inform",
                        "acronym",
                        "ASP-DAC",
                        0,
                        6
                    ],
                    [
                        "Conference-Inform",
                        "year",
                        "2011",
                        7,
                        10
                    ],
                    [
                        "Conference-Inform",
                        "paperDue",
                        "2010-07-19",
                        17,
                        26
                    ],
                    [
                        "Conference-Inform",
                        "finalDue",
                        "2010-11-15",
                        -1,
                        8
                    ]
                ]
            },
            {
                "text": "你知道ASP-DAC2011是不是马上要举办呢",
                "metadata": {},
                "dialog_act": {
                    "Conference-Inform": [
                        [
                            "acronym",
                            "ASP-DAC"
                        ],
                        [
                            "year",
                            "2011"
                        ]
                    ],
                    "Conference-Confirm": [
                        [
                            "heldDate",
                            "2001-10-19"
                        ]
                    ]
                },
                "span_info": [
                    [
                        "Conference-Inform",
                        "acronym",
                        "ASP-DAC",
                        3,
                        9
                    ],
                    [
                        "Conference-Inform",
                        "year",
                        "2011",
                        10,
                        13
                    ],
                    [
                        "Conference-Confirm",
                        "heldDate",
                        "2001-10-19",
                        -1,
                        8
                    ]
                ]
            },
            {
                "text": "你理解的没错",
                "metadata": {
                    "Conference": {
                        "semi": {
                            "acronym": [
                                "ASP-DAC"
                            ],
                            "year": [
                                "2011"
                            ],
                            "fullName": [
                                "16th Asia and South Pacific Design Automation Conference"
                            ],
                            "paperDue": [
                                "2010-07-19"
                            ],
                            "noticeDue": [],
                            "heldDate": [
                                "2001-10-19"
                            ],
                            "abstractDue": [],
                            "finalDue": [
                                "2010-11-15"
                            ],
                            "location": [
                                "瑞士"
                            ],
                            "category": [
                                "验证"
                            ],
                            "ccf": [
                                "B类以下"
                            ],
                            "website": [],
                            "bestPaper": [],
                            "confRelated": [],
                            "journalRelated": []
                        }
                    },
                    "Paper": {
                        "semi": {
                            "doi": [],
                            "title": [],
                            "author": [],
                            "venue": [],
                            "year": [],
                            "institution": [],
                            "abstract": [],
                            "pdf": [],
                            "blog": []
                        },
                        "download": {
                            "path": []
                        }
                    },
                    "Journal": {
                        "semi": {
                            "name": [],
                            "ISSN": [],
                            "E_ISSN": [],
                            "IF": [],
                            "h_index": [],
                            "self_citing": [],
                            "ccf": [],
                            "sci": [],
                            "website": [],
                            "submit": [],
                            "OA": [],
                            "category": [],
                            "speed": [],
                            "rate": []
                        }
                    },
                    "Author": {
                        "semi": {
                            "name": [],
                            "field": [],
                            "affiliation": [],
                            "position": [],
                            "citations": [],
                            "h_index": [],
                            "pubs": []
                        }
                    },
                    "Institution": {
                        "semi": {
                            "name": [],
                            "address": [],
                            "website": []
                        }
                    }
                },
                "dialog_act": {
                    "General-Positive": [
                        [
                            null,
                            null
                        ]
                    ]
                },
                "span_info": []
            },
            {
                "text": "你好ISCAS会议上发表过哪些论文呢",
                "metadata": {},
                "dialog_act": {
                    "Paper-Inform": [
                        [
                            "venue",
                            "ISCAS"
                        ]
                    ]
                },
                "span_info": [
                    [
                        "Paper-Inform",
                        "venue",
                        "ISCAS",
                        2,
                        6
                    ]
                ]
            },
            {
                "text": "共有50篇满足条件的论文，您还有什么其他的要求嘛",
                "metadata": {
                    "Conference": {
                        "semi": {
                            "acronym": [],
                            "year": [],
                            "fullName": [],
                            "paperDue": [],
                            "noticeDue": [],
                            "heldDate": [],
                            "abstractDue": [],
                            "finalDue": [],
                            "location": [],
                            "category": [],
                            "ccf": [],
                            "website": [],
                            "bestPaper": [],
                            "confRelated": [],
                            "journalRelated": []
                        }
                    },
                    "Paper": {
                        "semi": {
                            "doi": [],
                            "title": [],
                            "author": [],
                            "venue": [
                                "ISCAS"
                            ],
                            "year": [],
                            "institution": [],
                            "abstract": [],
                            "pdf": [],
                            "blog": []
                        },
                        "download": {
                            "path": []
                        }
                    },
                    "Journal": {
                        "semi": {
                            "name": [],
                            "ISSN": [],
                            "E_ISSN": [],
                            "IF": [],
                            "h_index": [],
                            "self_citing": [],
                            "ccf": [],
                            "sci": [],
                            "website": [],
                            "submit": [],
                            "OA": [],
                            "category": [],
                            "speed": [],
                            "rate": []
                        }
                    },
                    "Author": {
                        "semi": {
                            "name": [],
                            "field": [],
                            "affiliation": [],
                            "position": [],
                            "citations": [],
                            "h_index": [],
                            "pubs": []
                        }
                    },
                    "Institution": {
                        "semi": {
                            "name": [],
                            "address": [],
                            "website": []
                        }
                    }
                },
                "dialog_act": {
                    "Paper-Recommend": [
                        [
                            "Choice",
                            "218"
                        ]
                    ],
                    "Paper-Reqmore": [
                        [
                            "?",
                            "?"
                        ]
                    ]
                },
                "span_info": []
            },
            {
                "text": "请问张昕的论文有哪些呢",
                "metadata": {},
                "dialog_act": {
                    "Paper-Inform": [
                        [
                            "author",
                            "张昕"
                        ]
                    ]
                },
                "span_info": [
                    [
                        "Paper-Add",
                        "author",
                        "张昕",
                        2,
                        3
                    ]
                ]
            },
            {
                "text": "满足条件的论文共有1篇，它就是Uniform Circular Broadband Beamformer with Selective Frequency and Spatial Invariant Region",
                "metadata": {
                    "Conference": {
                        "semi": {
                            "acronym": [],
                            "year": [],
                            "fullName": [],
                            "paperDue": [],
                            "noticeDue": [],
                            "heldDate": [],
                            "abstractDue": [],
                            "finalDue": [],
                            "location": [],
                            "category": [],
                            "ccf": [],
                            "website": [],
                            "bestPaper": [],
                            "confRelated": [],
                            "journalRelated": []
                        }
                    },
                    "Paper": {
                        "semi": {
                            "doi": [],
                            "title": [],
                            "author": [
                                "张昕"
                            ],
                            "venue": [
                                "ISCAS"
                            ],
                            "year": [],
                            "institution": [],
                            "abstract": [],
                            "pdf": [],
                            "blog": []
                        },
                        "download": {
                            "path": []
                        }
                    },
                    "Journal": {
                        "semi": {
                            "name": [],
                            "ISSN": [],
                            "E_ISSN": [],
                            "IF": [],
                            "h_index": [],
                            "self_citing": [],
                            "ccf": [],
                            "sci": [],
                            "website": [],
                            "submit": [],
                            "OA": [],
                            "category": [],
                            "speed": [],
                            "rate": []
                        }
                    },
                    "Author": {
                        "semi": {
                            "name": [],
                            "field": [],
                            "affiliation": [],
                            "position": [],
                            "citations": [],
                            "h_index": [],
                            "pubs": []
                        }
                    },
                    "Institution": {
                        "semi": {
                            "name": [],
                            "address": [],
                            "website": []
                        }
                    }
                },
                "dialog_act": {
                    "Paper-Recommend": [
                        [
                            "Choice",
                            "1"
                        ],
                        [
                            "title",
                            "Uniform Circular Broadband Beamformer with Selective Frequency and Spatial Invariant Region"
                        ]
                    ]
                },
                "span_info": [
                    [
                        "Paper-Recommend",
                        "title",
                        "Uniform Circular Broadband Beamformer with Selective Frequency and Spatial Invariant Region",
                        15,
                        105
                    ]
                ]
            }
        ]
    }
}