{
    "MFTT_012068": {
        "goal": {
            "Conference": {
                "semi": {
                    "acronym": [
                        "WCNC"
                    ],
                    "year": [
                        "2008"
                    ],
                    "fullName": [],
                    "paperDue": [],
                    "noticeDue": [],
                    "heldDate": [],
                    "abstractDue": [],
                    "finalDue": [],
                    "location": [],
                    "category": [],
                    "ccf": [],
                    "website": [],
                    "bestPaper": [],
                    "confRelated": [],
                    "journalRelated": []
                }
            },
            "Paper": {
                "semi": {
                    "doi": [],
                    "title": [],
                    "author": [],
                    "venue": [
                        "GLOBECOM"
                    ],
                    "year": [],
                    "institution": [],
                    "abstract": [],
                    "pdf": [],
                    "blog": []
                },
                "download": {
                    "path": []
                }
            },
            "Journal": {
                "semi": {
                    "name": [],
                    "ISSN": [],
                    "E_ISSN": [],
                    "IF": [],
                    "h_index": [],
                    "self_citing": [],
                    "ccf": [],
                    "sci": [],
                    "website": [],
                    "submit": [],
                    "OA": [],
                    "category": [],
                    "speed": [],
                    "rate": []
                }
            },
            "Author": {
                "semi": {
                    "name": [],
                    "field": [],
                    "affiliation": [],
                    "position": [],
                    "citations": [],
                    "h_index": [],
                    "pubs": []
                }
            },
            "Institution": {
                "semi": {
                    "name": [],
                    "address": [],
                    "website": []
                }
            },
            "description": [
                "Given location,category,ccf; Recommend Conference",
                "When system confirms, give positive answer",
                "Update category; Recommend Conference",
                "When choice=0 and system confirms, give positive answer then update a constraint to continue searching",
                "Doubt to system response",
                "Request detail of noticeDue,heldDate",
                "Confirm detail of paperDue",
                "Request detail of journalRelated",
                "Request detail of bestPaper",
                "Request detail of abstractDue",
                "Request detail of finalDue",
                "Given venue; Recommend Paper",
                "When system confirms, give positive answer"
            ]
        },
        "log": [
            {
                "text": "中国上海有哪些人工智能领域的ccf b会议呢",
                "metadata": {},
                "dialog_act": {
                    "Conference-Inform": [
                        [
                            "location",
                            "中国上海"
                        ],
                        [
                            "category",
                            "人工智能"
                        ],
                        [
                            "ccf",
                            "ccf b"
                        ]
                    ]
                },
                "span_info": [
                    [
                        "Conference-Inform",
                        "location",
                        "中国上海",
                        0,
                        3
                    ],
                    [
                        "Conference-Inform",
                        "category",
                        "人工智能",
                        7,
                        10
                    ],
                    [
                        "Conference-Inform",
                        "ccf",
                        "ccf b",
                        14,
                        18
                    ]
                ]
            },
            {
                "text": "你确定找的是在中国上海举行的人工智能领域的ccf b会议嘛",
                "metadata": {
                    "Conference": {
                        "semi": {
                            "acronym": [],
                            "year": [],
                            "fullName": [],
                            "paperDue": [],
                            "noticeDue": [],
                            "heldDate": [],
                            "abstractDue": [],
                            "finalDue": [],
                            "location": [
                                "中国上海"
                            ],
                            "category": [
                                "人工智能"
                            ],
                            "ccf": [
                                "ccf b"
                            ],
                            "website": [],
                            "bestPaper": [],
                            "confRelated": [],
                            "journalRelated": []
                        }
                    },
                    "Paper": {
                        "semi": {
                            "doi": [],
                            "title": [],
                            "author": [],
                            "venue": [],
                            "year": [],
                            "institution": [],
                            "abstract": [],
                            "pdf": [],
                            "blog": []
                        },
                        "download": {
                            "path": []
                        }
                    },
                    "Journal": {
                        "semi": {
                            "name": [],
                            "ISSN": [],
                            "E_ISSN": [],
                            "IF": [],
                            "h_index": [],
                            "self_citing": [],
                            "ccf": [],
                            "sci": [],
                            "website": [],
                            "submit": [],
                            "OA": [],
                            "category": [],
                            "speed": [],
                            "rate": []
                        }
                    },
                    "Author": {
                        "semi": {
                            "name": [],
                            "field": [],
                            "affiliation": [],
                            "position": [],
                            "citations": [],
                            "h_index": [],
                            "pubs": []
                        }
                    },
                    "Institution": {
                        "semi": {
                            "name": [],
                            "address": [],
                            "website": []
                        }
                    }
                },
                "dialog_act": {
                    "Conference-Confirm": [
                        [
                            "location",
                            "中国上海"
                        ],
                        [
                            "category",
                            "人工智能"
                        ],
                        [
                            "ccf",
                            "ccf b"
                        ]
                    ]
                },
                "span_info": [
                    [
                        "Conference-Confirm",
                        "location",
                        "中国上海",
                        7,
                        10
                    ],
                    [
                        "Conference-Confirm",
                        "category",
                        "人工智能",
                        14,
                        17
                    ],
                    [
                        "Conference-Confirm",
                        "ccf",
                        "ccf b",
                        21,
                        25
                    ]
                ]
            },
            {
                "text": "嗯嗯",
                "metadata": {},
                "dialog_act": {
                    "General-Positive": [
                        [
                            null,
                            null
                        ]
                    ]
                },
                "span_info": []
            },
            {
                "text": "找到0个相关的会议唉，你要不问问分布式计算领域的会议",
                "metadata": {
                    "Conference": {
                        "semi": {
                            "acronym": [],
                            "year": [],
                            "fullName": [],
                            "paperDue": [],
                            "noticeDue": [],
                            "heldDate": [],
                            "abstractDue": [],
                            "finalDue": [],
                            "location": [
                                "中国上海"
                            ],
                            "category": [
                                "人工智能"
                            ],
                            "ccf": [
                                "ccf b"
                            ],
                            "website": [],
                            "bestPaper": [],
                            "confRelated": [],
                            "journalRelated": []
                        }
                    },
                    "Paper": {
                        "semi": {
                            "doi": [],
                            "title": [],
                            "author": [],
                            "venue": [],
                            "year": [],
                            "institution": [],
                            "abstract": [],
                            "pdf": [],
                            "blog": []
                        },
                        "download": {
                            "path": []
                        }
                    },
                    "Journal": {
                        "semi": {
                            "name": [],
                            "ISSN": [],
                            "E_ISSN": [],
                            "IF": [],
                            "h_index": [],
                            "self_citing": [],
                            "ccf": [],
                            "sci": [],
                            "website": [],
                            "submit": [],
                            "OA": [],
                            "category": [],
                            "speed": [],
                            "rate": []
                        }
                    },
                    "Author": {
                        "semi": {
                            "name": [],
                            "field": [],
                            "affiliation": [],
                            "position": [],
                            "citations": [],
                            "h_index": [],
                            "pubs": []
                        }
                    },
                    "Institution": {
                        "semi": {
                            "name": [],
                            "address": [],
                            "website": []
                        }
                    }
                },
                "dialog_act": {
                    "Conference-Recommend": [
                        [
                            "Choice",
                            "0"
                        ],
                        [
                            "category",
                            "分布式计算"
                        ]
                    ]
                },
                "span_info": [
                    [
                        "Conference-Recommend",
                        "category",
                        "分布式计算",
                        16,
                        20
                    ]
                ]
            },
            {
                "text": "有分布式计算领域的嘛",
                "metadata": {},
                "dialog_act": {
                    "Conference-Inform": [
                        [
                            "category",
                            "分布式计算"
                        ]
                    ]
                },
                "span_info": [
                    [
                        "Conference-Update",
                        "category",
                        "分布式计算",
                        1,
                        5
                    ]
                ]
            },
            {
                "text": "找到0个相关的会议唉，你确定会议是关于分布式计算的嘛",
                "metadata": {
                    "Conference": {
                        "semi": {
                            "acronym": [],
                            "year": [],
                            "fullName": [],
                            "paperDue": [],
                            "noticeDue": [],
                            "heldDate": [],
                            "abstractDue": [],
                            "finalDue": [],
                            "location": [
                                "中国上海"
                            ],
                            "category": [
                                "分布式计算"
                            ],
                            "ccf": [
                                "ccf b"
                            ],
                            "website": [],
                            "bestPaper": [],
                            "confRelated": [],
                            "journalRelated": []
                        }
                    },
                    "Paper": {
                        "semi": {
                            "doi": [],
                            "title": [],
                            "author": [],
                            "venue": [],
                            "year": [],
                            "institution": [],
                            "abstract": [],
                            "pdf": [],
                            "blog": []
                        },
                        "download": {
                            "path": []
                        }
                    },
                    "Journal": {
                        "semi": {
                            "name": [],
                            "ISSN": [],
                            "E_ISSN": [],
                            "IF": [],
                            "h_index": [],
                            "self_citing": [],
                            "ccf": [],
                            "sci": [],
                            "website": [],
                            "submit": [],
                            "OA": [],
                            "category": [],
                            "speed": [],
                            "rate": []
                        }
                    },
                    "Author": {
                        "semi": {
                            "name": [],
                            "field": [],
                            "affiliation": [],
                            "position": [],
                            "citations": [],
                            "h_index": [],
                            "pubs": []
                        }
                    },
                    "Institution": {
                        "semi": {
                            "name": [],
                            "address": [],
                            "website": []
                        }
                    }
                },
                "dialog_act": {
                    "Conference-Recommend": [
                        [
                            "Choice",
                            "0"
                        ]
                    ],
                    "Conference-Confirm": [
                        [
                            "category",
                            "分布式计算"
                        ]
                    ]
                },
                "span_info": [
                    [
                        "Conference-Confirm",
                        "category",
                        "分布式计算",
                        19,
                        23
                    ]
                ]
            },
            {
                "text": "没错，有B类以下会议的嘛",
                "metadata": {},
                "dialog_act": {
                    "Conference-Inform": [
                        [
                            "ccf",
                            "B类以下"
                        ]
                    ],
                    "General-Positive": [
                        [
                            null,
                            null
                        ]
                    ]
                },
                "span_info": [
                    [
                        "Conference-Update",
                        "ccf",
                        "B类以下",
                        4,
                        7
                    ]
                ]
            },
            {
                "text": "满足条件的会议共有1个，它就是WCNC",
                "metadata": {
                    "Conference": {
                        "semi": {
                            "acronym": [],
                            "year": [],
                            "fullName": [],
                            "paperDue": [],
                            "noticeDue": [],
                            "heldDate": [],
                            "abstractDue": [],
                            "finalDue": [],
                            "location": [
                                "中国上海"
                            ],
                            "category": [
                                "分布式计算"
                            ],
                            "ccf": [
                                "B类以下"
                            ],
                            "website": [],
                            "bestPaper": [],
                            "confRelated": [],
                            "journalRelated": []
                        }
                    },
                    "Paper": {
                        "semi": {
                            "doi": [],
                            "title": [],
                            "author": [],
                            "venue": [],
                            "year": [],
                            "institution": [],
                            "abstract": [],
                            "pdf": [],
                            "blog": []
                        },
                        "download": {
                            "path": []
                        }
                    },
                    "Journal": {
                        "semi": {
                            "name": [],
                            "ISSN": [],
                            "E_ISSN": [],
                            "IF": [],
                            "h_index": [],
                            "self_citing": [],
                            "ccf": [],
                            "sci": [],
                            "website": [],
                            "submit": [],
                            "OA": [],
                            "category": [],
                            "speed": [],
                            "rate": []
                        }
                    },
                    "Author": {
                        "semi": {
                            "name": [],
                            "field": [],
                            "affiliation": [],
                            "position": [],
                            "citations": [],
                            "h_index": [],
                            "pubs": []
                        }
                    },
                    "Institution": {
                        "semi": {
                            "name": [],
                            "address": [],
                            "website": []
                        }
                    }
                },
                "dialog_act": {
                    "Conference-Recommend": [
                        [
                            "Choice",
                            "1"
                        ],
                        [
                            "acronym",
                            "WCNC"
                        ]
                    ]
                },
                "span_info": [
                    [
                        "Conference-Recommend",
                        "acronym",
                        "WCNC",
                        15,
                        18
                    ]
                ]
            },
            {
                "text": "不对的吧",
                "metadata": {},
                "dialog_act": {
                    "General-Doubt": [
                        [
                            null,
                            null
                        ]
                    ]
                },
                "span_info": []
            },
            {
                "text": "你理解不错",
                "metadata": {
                    "Conference": {
                        "semi": {
                            "acronym": [
                                "WCNC"
                            ],
                            "year": [],
                            "fullName": [],
                            "paperDue": [],
                            "noticeDue": [],
                            "heldDate": [],
                            "abstractDue": [],
                            "finalDue": [],
                            "location": [
                                "中国上海"
                            ],
                            "category": [
                                "分布式计算"
                            ],
                            "ccf": [
                                "B类以下"
                            ],
                            "website": [],
                            "bestPaper": [],
                            "confRelated": [],
                            "journalRelated": []
                        }
                    },
                    "Paper": {
                        "semi": {
                            "doi": [],
                            "title": [],
                            "author": [],
                            "venue": [],
                            "year": [],
                            "institution": [],
                            "abstract": [],
                            "pdf": [],
                            "blog": []
                        },
                        "download": {
                            "path": []
                        }
                    },
                    "Journal": {
                        "semi": {
                            "name": [],
                            "ISSN": [],
                            "E_ISSN": [],
                            "IF": [],
                            "h_index": [],
                            "self_citing": [],
                            "ccf": [],
                            "sci": [],
                            "website": [],
                            "submit": [],
                            "OA": [],
                            "category": [],
                            "speed": [],
                            "rate": []
                        }
                    },
                    "Author": {
                        "semi": {
                            "name": [],
                            "field": [],
                            "affiliation": [],
                            "position": [],
                            "citations": [],
                            "h_index": [],
                            "pubs": []
                        }
                    },
                    "Institution": {
                        "semi": {
                            "name": [],
                            "address": [],
                            "website": []
                        }
                    }
                },
                "dialog_act": {
                    "General-Negative": [
                        [
                            null,
                            null
                        ]
                    ]
                },
                "span_info": []
            },
            {
                "text": "WCNC2008的发布通告和举行日期分别是什么呢",
                "metadata": {},
                "dialog_act": {
                    "Conference-Inform": [
                        [
                            "acronym",
                            "WCNC"
                        ],
                        [
                            "year",
                            "2008"
                        ]
                    ],
                    "Conference-Request": [
                        [
                            "noticeDue",
                            "?"
                        ],
                        [
                            "heldDate",
                            "?"
                        ]
                    ]
                },
                "span_info": [
                    [
                        "Conference-Inform",
                        "acronym",
                        "WCNC",
                        0,
                        3
                    ],
                    [
                        "Conference-Inform",
                        "year",
                        "2008",
                        4,
                        7
                    ]
                ]
            },
            {
                "text": "WCNC2008的通知时间是2007-12-03，举行时间是2007-12-03",
                "metadata": {
                    "Conference": {
                        "semi": {
                            "acronym": [
                                "WCNC"
                            ],
                            "year": [
                                "2008"
                            ],
                            "fullName": [],
                            "paperDue": [],
                            "noticeDue": [],
                            "heldDate": [],
                            "abstractDue": [],
                            "finalDue": [],
                            "location": [
                                "中国上海"
                            ],
                            "category": [
                                "分布式计算"
                            ],
                            "ccf": [
                                "B类以下"
                            ],
                            "website": [],
                            "bestPaper": [],
                            "confRelated": [],
                            "journalRelated": []
                        }
                    },
                    "Paper": {
                        "semi": {
                            "doi": [],
                            "title": [],
                            "author": [],
                            "venue": [],
                            "year": [],
                            "institution": [],
                            "abstract": [],
                            "pdf": [],
                            "blog": []
                        },
                        "download": {
                            "path": []
                        }
                    },
                    "Journal": {
                        "semi": {
                            "name": [],
                            "ISSN": [],
                            "E_ISSN": [],
                            "IF": [],
                            "h_index": [],
                            "self_citing": [],
                            "ccf": [],
                            "sci": [],
                            "website": [],
                            "submit": [],
                            "OA": [],
                            "category": [],
                            "speed": [],
                            "rate": []
                        }
                    },
                    "Author": {
                        "semi": {
                            "name": [],
                            "field": [],
                            "affiliation": [],
                            "position": [],
                            "citations": [],
                            "h_index": [],
                            "pubs": []
                        }
                    },
                    "Institution": {
                        "semi": {
                            "name": [],
                            "address": [],
                            "website": []
                        }
                    }
                },
                "dialog_act": {
                    "Conference-Inform": [
                        [
                            "acronym",
                            "WCNC"
                        ],
                        [
                            "year",
                            "2008"
                        ],
                        [
                            "noticeDue",
                            "2007-12-03"
                        ],
                        [
                            "heldDate",
                            "2008-03-30"
                        ]
                    ]
                },
                "span_info": [
                    [
                        "Conference-Inform",
                        "acronym",
                        "WCNC",
                        0,
                        3
                    ],
                    [
                        "Conference-Inform",
                        "year",
                        "2008",
                        4,
                        7
                    ],
                    [
                        "Conference-Inform",
                        "noticeDue",
                        "2007-12-03",
                        14,
                        23
                    ],
                    [
                        "Conference-Inform",
                        "heldDate",
                        "2008-03-30",
                        -1,
                        8
                    ]
                ]
            },
            {
                "text": "你知道WCNC2008是不是2006-11-20要截稿了呢",
                "metadata": {},
                "dialog_act": {
                    "Conference-Inform": [
                        [
                            "acronym",
                            "WCNC"
                        ],
                        [
                            "year",
                            "2008"
                        ]
                    ],
                    "Conference-Confirm": [
                        [
                            "paperDue",
                            "2006-11-20"
                        ]
                    ]
                },
                "span_info": [
                    [
                        "Conference-Inform",
                        "acronym",
                        "WCNC",
                        3,
                        6
                    ],
                    [
                        "Conference-Inform",
                        "year",
                        "2008",
                        7,
                        10
                    ],
                    [
                        "Conference-Confirm",
                        "paperDue",
                        "2006-11-20",
                        14,
                        23
                    ]
                ]
            },
            {
                "text": "嗯嗯是的呢",
                "metadata": {
                    "Conference": {
                        "semi": {
                            "acronym": [
                                "WCNC"
                            ],
                            "year": [
                                "2008"
                            ],
                            "fullName": [],
                            "paperDue": [
                                "2006-11-20"
                            ],
                            "noticeDue": [
                                "2007-12-03"
                            ],
                            "heldDate": [
                                "2008-03-30"
                            ],
                            "abstractDue": [],
                            "finalDue": [],
                            "location": [
                                "中国上海"
                            ],
                            "category": [
                                "分布式计算"
                            ],
                            "ccf": [
                                "B类以下"
                            ],
                            "website": [],
                            "bestPaper": [],
                            "confRelated": [],
                            "journalRelated": []
                        }
                    },
                    "Paper": {
                        "semi": {
                            "doi": [],
                            "title": [],
                            "author": [],
                            "venue": [],
                            "year": [],
                            "institution": [],
                            "abstract": [],
                            "pdf": [],
                            "blog": []
                        },
                        "download": {
                            "path": []
                        }
                    },
                    "Journal": {
                        "semi": {
                            "name": [],
                            "ISSN": [],
                            "E_ISSN": [],
                            "IF": [],
                            "h_index": [],
                            "self_citing": [],
                            "ccf": [],
                            "sci": [],
                            "website": [],
                            "submit": [],
                            "OA": [],
                            "category": [],
                            "speed": [],
                            "rate": []
                        }
                    },
                    "Author": {
                        "semi": {
                            "name": [],
                            "field": [],
                            "affiliation": [],
                            "position": [],
                            "citations": [],
                            "h_index": [],
                            "pubs": []
                        }
                    },
                    "Institution": {
                        "semi": {
                            "name": [],
                            "address": [],
                            "website": []
                        }
                    }
                },
                "dialog_act": {
                    "General-Positive": [
                        [
                            null,
                            null
                        ]
                    ]
                },
                "span_info": []
            },
            {
                "text": "你知道WCNC的相关期刊有哪些",
                "metadata": {},
                "dialog_act": {
                    "Conference-Inform": [
                        [
                            "acronym",
                            "WCNC"
                        ]
                    ],
                    "Conference-Request": [
                        [
                            "journalRelated",
                            "?"
                        ]
                    ]
                },
                "span_info": [
                    [
                        "Conference-Inform",
                        "acronym",
                        "WCNC",
                        3,
                        6
                    ]
                ]
            },
            {
                "text": "WCNC会议的相关期刊有IEEE Transactions on Communications",
                "metadata": {
                    "Conference": {
                        "semi": {
                            "acronym": [
                                "WCNC"
                            ],
                            "year": [
                                "2008"
                            ],
                            "fullName": [],
                            "paperDue": [
                                "2006-11-20"
                            ],
                            "noticeDue": [
                                "2007-12-03"
                            ],
                            "heldDate": [
                                "2008-03-30"
                            ],
                            "abstractDue": [],
                            "finalDue": [],
                            "location": [
                                "中国上海"
                            ],
                            "category": [
                                "分布式计算"
                            ],
                            "ccf": [
                                "B类以下"
                            ],
                            "website": [],
                            "bestPaper": [],
                            "confRelated": [],
                            "journalRelated": []
                        }
                    },
                    "Paper": {
                        "semi": {
                            "doi": [],
                            "title": [],
                            "author": [],
                            "venue": [],
                            "year": [],
                            "institution": [],
                            "abstract": [],
                            "pdf": [],
                            "blog": []
                        },
                        "download": {
                            "path": []
                        }
                    },
                    "Journal": {
                        "semi": {
                            "name": [],
                            "ISSN": [],
                            "E_ISSN": [],
                            "IF": [],
                            "h_index": [],
                            "self_citing": [],
                            "ccf": [],
                            "sci": [],
                            "website": [],
                            "submit": [],
                            "OA": [],
                            "category": [],
                            "speed": [],
                            "rate": []
                        }
                    },
                    "Author": {
                        "semi": {
                            "name": [],
                            "field": [],
                            "affiliation": [],
                            "position": [],
                            "citations": [],
                            "h_index": [],
                            "pubs": []
                        }
                    },
                    "Institution": {
                        "semi": {
                            "name": [],
                            "address": [],
                            "website": []
                        }
                    }
                },
                "dialog_act": {
                    "Conference-Inform": [
                        [
                            "acronym",
                            "WCNC"
                        ],
                        [
                            "journalRelated",
                            "IEEE Transactions on Communications"
                        ]
                    ]
                },
                "span_info": [
                    [
                        "Conference-Inform",
                        "acronym",
                        "WCNC",
                        0,
                        3
                    ],
                    [
                        "Conference-Inform",
                        "journalRelated",
                        "IEEE Transactions on Communications",
                        12,
                        46
                    ]
                ]
            },
            {
                "text": "请问WCNC有哪些最佳论文呢",
                "metadata": {},
                "dialog_act": {
                    "Conference-Inform": [
                        [
                            "acronym",
                            "WCNC"
                        ]
                    ],
                    "Conference-Request": [
                        [
                            "bestPaper",
                            "?"
                        ]
                    ]
                },
                "span_info": [
                    [
                        "Conference-Inform",
                        "acronym",
                        "WCNC",
                        2,
                        5
                    ]
                ]
            },
            {
                "text": "目前数据库中没有找到WCNC会议的最佳论文，你想了解一下WCNC会议的相关会议嘛",
                "metadata": {
                    "Conference": {
                        "semi": {
                            "acronym": [
                                "WCNC"
                            ],
                            "year": [
                                "2008"
                            ],
                            "fullName": [],
                            "paperDue": [
                                "2006-11-20"
                            ],
                            "noticeDue": [
                                "2007-12-03"
                            ],
                            "heldDate": [
                                "2008-03-30"
                            ],
                            "abstractDue": [],
                            "finalDue": [],
                            "location": [
                                "中国上海"
                            ],
                            "category": [
                                "分布式计算"
                            ],
                            "ccf": [
                                "B类以下"
                            ],
                            "website": [],
                            "bestPaper": [],
                            "confRelated": [],
                            "journalRelated": [
                                "IEEE Transactions on Communications"
                            ]
                        }
                    },
                    "Paper": {
                        "semi": {
                            "doi": [],
                            "title": [],
                            "author": [],
                            "venue": [],
                            "year": [],
                            "institution": [],
                            "abstract": [],
                            "pdf": [],
                            "blog": []
                        },
                        "download": {
                            "path": []
                        }
                    },
                    "Journal": {
                        "semi": {
                            "name": [],
                            "ISSN": [],
                            "E_ISSN": [],
                            "IF": [],
                            "h_index": [],
                            "self_citing": [],
                            "ccf": [],
                            "sci": [],
                            "website": [],
                            "submit": [],
                            "OA": [],
                            "category": [],
                            "speed": [],
                            "rate": []
                        }
                    },
                    "Author": {
                        "semi": {
                            "name": [],
                            "field": [],
                            "affiliation": [],
                            "position": [],
                            "citations": [],
                            "h_index": [],
                            "pubs": []
                        }
                    },
                    "Institution": {
                        "semi": {
                            "name": [],
                            "address": [],
                            "website": []
                        }
                    }
                },
                "dialog_act": {
                    "Conference-Inform": [
                        [
                            "acronym",
                            "WCNC"
                        ]
                    ],
                    "Conference-NoInform": [
                        [
                            "bestPaper",
                            null
                        ]
                    ],
                    "Conference-Recommend": [
                        [
                            "confRelated",
                            "?"
                        ]
                    ]
                },
                "span_info": [
                    [
                        "Conference-Inform",
                        "acronym",
                        "WCNC",
                        10,
                        13
                    ]
                ]
            },
            {
                "text": "你知道到什么时候WCNC2008截止提交摘要呢",
                "metadata": {},
                "dialog_act": {
                    "Conference-Inform": [
                        [
                            "acronym",
                            "WCNC"
                        ],
                        [
                            "year",
                            "2008"
                        ]
                    ],
                    "Conference-Request": [
                        [
                            "abstractDue",
                            "?"
                        ]
                    ]
                },
                "span_info": [
                    [
                        "Conference-Inform",
                        "acronym",
                        "WCNC",
                        8,
                        11
                    ],
                    [
                        "Conference-Inform",
                        "year",
                        "2008",
                        12,
                        15
                    ]
                ]
            },
            {
                "text": "目前数据库中没有找到WCNC2008的摘要截稿时间，你想了解一下WCNC会议的相关会议嘛",
                "metadata": {
                    "Conference": {
                        "semi": {
                            "acronym": [
                                "WCNC"
                            ],
                            "year": [
                                "2008"
                            ],
                            "fullName": [],
                            "paperDue": [
                                "2006-11-20"
                            ],
                            "noticeDue": [
                                "2007-12-03"
                            ],
                            "heldDate": [
                                "2008-03-30"
                            ],
                            "abstractDue": [],
                            "finalDue": [],
                            "location": [
                                "中国上海"
                            ],
                            "category": [
                                "分布式计算"
                            ],
                            "ccf": [
                                "B类以下"
                            ],
                            "website": [],
                            "bestPaper": [],
                            "confRelated": [],
                            "journalRelated": [
                                "IEEE Transactions on Communications"
                            ]
                        }
                    },
                    "Paper": {
                        "semi": {
                            "doi": [],
                            "title": [],
                            "author": [],
                            "venue": [],
                            "year": [],
                            "institution": [],
                            "abstract": [],
                            "pdf": [],
                            "blog": []
                        },
                        "download": {
                            "path": []
                        }
                    },
                    "Journal": {
                        "semi": {
                            "name": [],
                            "ISSN": [],
                            "E_ISSN": [],
                            "IF": [],
                            "h_index": [],
                            "self_citing": [],
                            "ccf": [],
                            "sci": [],
                            "website": [],
                            "submit": [],
                            "OA": [],
                            "category": [],
                            "speed": [],
                            "rate": []
                        }
                    },
                    "Author": {
                        "semi": {
                            "name": [],
                            "field": [],
                            "affiliation": [],
                            "position": [],
                            "citations": [],
                            "h_index": [],
                            "pubs": []
                        }
                    },
                    "Institution": {
                        "semi": {
                            "name": [],
                            "address": [],
                            "website": []
                        }
                    }
                },
                "dialog_act": {
                    "Conference-Inform": [
                        [
                            "acronym",
                            "WCNC"
                        ],
                        [
                            "year",
                            "2008"
                        ]
                    ],
                    "Conference-NoInform": [
                        [
                            "abstractDue",
                            null
                        ]
                    ],
                    "Conference-Recommend": [
                        [
                            "confRelated",
                            "?"
                        ]
                    ]
                },
                "span_info": [
                    [
                        "Conference-Inform",
                        "acronym",
                        "WCNC",
                        10,
                        13
                    ],
                    [
                        "Conference-Inform",
                        "year",
                        "2008",
                        14,
                        17
                    ]
                ]
            },
            {
                "text": "到什么时候WCNC2008截止提交最终版论文呢",
                "metadata": {},
                "dialog_act": {
                    "Conference-Inform": [
                        [
                            "acronym",
                            "WCNC"
                        ],
                        [
                            "year",
                            "2008"
                        ]
                    ],
                    "Conference-Request": [
                        [
                            "finalDue",
                            "?"
                        ]
                    ]
                },
                "span_info": [
                    [
                        "Conference-Inform",
                        "acronym",
                        "WCNC",
                        5,
                        8
                    ],
                    [
                        "Conference-Inform",
                        "year",
                        "2008",
                        9,
                        12
                    ]
                ]
            },
            {
                "text": "目前数据库中没有找到WCNC2008的最终版截稿时间，你想了解一下WCNC2008的全称嘛",
                "metadata": {
                    "Conference": {
                        "semi": {
                            "acronym": [
                                "WCNC"
                            ],
                            "year": [
                                "2008"
                            ],
                            "fullName": [],
                            "paperDue": [
                                "2006-11-20"
                            ],
                            "noticeDue": [
                                "2007-12-03"
                            ],
                            "heldDate": [
                                "2008-03-30"
                            ],
                            "abstractDue": [],
                            "finalDue": [],
                            "location": [
                                "中国上海"
                            ],
                            "category": [
                                "分布式计算"
                            ],
                            "ccf": [
                                "B类以下"
                            ],
                            "website": [],
                            "bestPaper": [],
                            "confRelated": [],
                            "journalRelated": [
                                "IEEE Transactions on Communications"
                            ]
                        }
                    },
                    "Paper": {
                        "semi": {
                            "doi": [],
                            "title": [],
                            "author": [],
                            "venue": [],
                            "year": [],
                            "institution": [],
                            "abstract": [],
                            "pdf": [],
                            "blog": []
                        },
                        "download": {
                            "path": []
                        }
                    },
                    "Journal": {
                        "semi": {
                            "name": [],
                            "ISSN": [],
                            "E_ISSN": [],
                            "IF": [],
                            "h_index": [],
                            "self_citing": [],
                            "ccf": [],
                            "sci": [],
                            "website": [],
                            "submit": [],
                            "OA": [],
                            "category": [],
                            "speed": [],
                            "rate": []
                        }
                    },
                    "Author": {
                        "semi": {
                            "name": [],
                            "field": [],
                            "affiliation": [],
                            "position": [],
                            "citations": [],
                            "h_index": [],
                            "pubs": []
                        }
                    },
                    "Institution": {
                        "semi": {
                            "name": [],
                            "address": [],
                            "website": []
                        }
                    }
                },
                "dialog_act": {
                    "Conference-Inform": [
                        [
                            "acronym",
                            "WCNC"
                        ],
                        [
                            "year",
                            "2008"
                        ]
                    ],
                    "Conference-NoInform": [
                        [
                            "finalDue",
                            null
                        ]
                    ],
                    "Conference-Recommend": [
                        [
                            "fullName",
                            "?"
                        ]
                    ]
                },
                "span_info": [
                    [
                        "Conference-Inform",
                        "acronym",
                        "WCNC",
                        10,
                        13
                    ],
                    [
                        "Conference-Inform",
                        "year",
                        "2008",
                        14,
                        17
                    ]
                ]
            },
            {
                "text": "你好GLOBECOM会议上发表过哪些论文呢",
                "metadata": {},
                "dialog_act": {
                    "Paper-Inform": [
                        [
                            "venue",
                            "GLOBECOM"
                        ]
                    ]
                },
                "span_info": [
                    [
                        "Paper-Inform",
                        "venue",
                        "GLOBECOM",
                        2,
                        9
                    ]
                ]
            },
            {
                "text": "共有50篇满足条件的论文，你确定要返回结果嘛",
                "metadata": {
                    "Conference": {
                        "semi": {
                            "acronym": [
                                "WCNC"
                            ],
                            "year": [
                                "2008"
                            ],
                            "fullName": [],
                            "paperDue": [],
                            "noticeDue": [],
                            "heldDate": [],
                            "abstractDue": [],
                            "finalDue": [],
                            "location": [],
                            "category": [],
                            "ccf": [],
                            "website": [],
                            "bestPaper": [],
                            "confRelated": [],
                            "journalRelated": []
                        }
                    },
                    "Paper": {
                        "semi": {
                            "doi": [],
                            "title": [],
                            "author": [],
                            "venue": [
                                "GLOBECOM"
                            ],
                            "year": [],
                            "institution": [],
                            "abstract": [],
                            "pdf": [],
                            "blog": []
                        },
                        "download": {
                            "path": []
                        }
                    },
                    "Journal": {
                        "semi": {
                            "name": [],
                            "ISSN": [],
                            "E_ISSN": [],
                            "IF": [],
                            "h_index": [],
                            "self_citing": [],
                            "ccf": [],
                            "sci": [],
                            "website": [],
                            "submit": [],
                            "OA": [],
                            "category": [],
                            "speed": [],
                            "rate": []
                        }
                    },
                    "Author": {
                        "semi": {
                            "name": [],
                            "field": [],
                            "affiliation": [],
                            "position": [],
                            "citations": [],
                            "h_index": [],
                            "pubs": []
                        }
                    },
                    "Institution": {
                        "semi": {
                            "name": [],
                            "address": [],
                            "website": []
                        }
                    }
                },
                "dialog_act": {
                    "Paper-Recommend": [
                        [
                            "Choice",
                            "419"
                        ]
                    ],
                    "Paper-Confirm": [
                        [
                            null,
                            null
                        ]
                    ]
                },
                "span_info": []
            },
            {
                "text": "嗯嗯是的呢",
                "metadata": {},
                "dialog_act": {
                    "General-Positive": [
                        [
                            null,
                            null
                        ]
                    ]
                },
                "span_info": []
            },
            {
                "text": "共有50篇满足条件的论文，点击展开可查看具体信息",
                "metadata": {
                    "Conference": {
                        "semi": {
                            "acronym": [
                                "WCNC"
                            ],
                            "year": [
                                "2008"
                            ],
                            "fullName": [],
                            "paperDue": [],
                            "noticeDue": [],
                            "heldDate": [],
                            "abstractDue": [],
                            "finalDue": [],
                            "location": [],
                            "category": [],
                            "ccf": [],
                            "website": [],
                            "bestPaper": [],
                            "confRelated": [],
                            "journalRelated": []
                        }
                    },
                    "Paper": {
                        "semi": {
                            "doi": [],
                            "title": [],
                            "author": [],
                            "venue": [
                                "GLOBECOM"
                            ],
                            "year": [],
                            "institution": [],
                            "abstract": [],
                            "pdf": [],
                            "blog": []
                        },
                        "download": {
                            "path": []
                        }
                    },
                    "Journal": {
                        "semi": {
                            "name": [],
                            "ISSN": [],
                            "E_ISSN": [],
                            "IF": [],
                            "h_index": [],
                            "self_citing": [],
                            "ccf": [],
                            "sci": [],
                            "website": [],
                            "submit": [],
                            "OA": [],
                            "category": [],
                            "speed": [],
                            "rate": []
                        }
                    },
                    "Author": {
                        "semi": {
                            "name": [],
                            "field": [],
                            "affiliation": [],
                            "position": [],
                            "citations": [],
                            "h_index": [],
                            "pubs": []
                        }
                    },
                    "Institution": {
                        "semi": {
                            "name": [],
                            "address": [],
                            "website": []
                        }
                    }
                },
                "dialog_act": {
                    "Paper-Recommend": [
                        [
                            "Choice",
                            "419"
                        ],
                        [
                            "title",
                            "Experimental characterization of traffic light to vehicle VLC link performance"
                        ],
                        [
                            "title",
                            "On optimum time division multiple access for energy harvesting channels"
                        ],
                        [
                            "title",
                            "Distributionally Robust Physical Layer Secrecy Design for Full-Duplex Two-Way Relay System"
                        ]
                    ]
                },
                "span_info": [
                    [
                        "Paper-Recommend",
                        "title",
                        "Experimental characterization of traffic light to vehicle VLC link performance",
                        -1,
                        76
                    ],
                    [
                        "Paper-Recommend",
                        "title",
                        "On optimum time division multiple access for energy harvesting channels",
                        -1,
                        69
                    ],
                    [
                        "Paper-Recommend",
                        "title",
                        "Distributionally Robust Physical Layer Secrecy Design for Full-Duplex Two-Way Relay System",
                        -1,
                        88
                    ]
                ]
            }
        ]
    }
}