[
 {
  "name": "Institute of Physics, Chinese Academy of Sciences",
  "name_zh": "",
  "address": "",
  "website": ""
 },
 {
  "name": "Beijing Entry-Exit Inspection and Quarantine Bureau,Beijing ,China",
  "name_zh": "",
  "address": "",
  "website": ""
 },
 {
  "name": "University of Chinese Academy of Sciences",
  "name_zh": "",
  "address": "",
  "website": ""
 },
 {
  "name": "The First Institute of Oceanography,SOA,Qingdao ,China",
  "name_zh": "",
  "address": "",
  "website": ""
 },
 {
  "name": "Shanghai University of Traditional Chinese Medicine",
  "name_zh": "",
  "address": "",
  "website": ""
 },
 {
  "name": "School of Life Sciences, Fudan University",
  "name_zh": "",
  "address": "",
  "website": ""
 },
 {
  "name": "Institute of Materia Medica, Peking Union Medical College",
  "name_zh": "",
  "address": "",
  "website": ""
 },
 {
  "name": "School of Chemistry and Molecular Engineering, East China University of Science and Technology",
  "name_zh": "",
  "address": "",
  "website": ""
 },
 {
  "name": "Shuguang Hospital Affiliated to Shanghai University of Traditional Chinese Medicine",
  "name_zh": "",
  "address": "",
  "website": ""
 },
 {
  "name": "School of Public Health,Tianjin Medical University,Tianjin ,China",
  "name_zh": "",
  "address": "",
  "website": ""
 },
 {
  "name": "School of Electronic Science and Engineering,Southeast University,Nanjing ,China",
  "name_zh": "",
  "address": "",
  "website": ""
 },
 {
  "name": "Sichuan Meteorological Observatory,Chengdu,",
  "name_zh": "",
  "address": "",
  "website": ""
 },
 {
  "name": "Key Laboratory of Crop Physiology,Ecology,Genetics and Breeding,Ministry of Education,Key Laboratory of Crop Physiology,Ecology and Genetic Breeding of Jiangxi Province,College of Agronomy,Jiangxi Agricultural University,Nanchang ,China",
  "name_zh": "",
  "address": "",
  "website": ""
 },
 {
  "name": "Shanghai Key Laboratory of Functional Materials Chemistry,East China University of Science and Technology,Shanghai ,China",
  "name_zh": "",
  "address": "",
  "website": ""
 },
 {
  "name": "Key Laboratory of Chemical Biology and Molecular Engineering of Ministry of Education,Institute of Biotechnology,Shanxi University,Taiyuan ,China",
  "name_zh": "",
  "address": "",
  "website": ""
 },
 {
  "name": "Department of Physics, Fudan University",
  "name_zh": "",
  "address": "",
  "website": ""
 },
 {
  "name": "School of Public Health, Tianjin Medical University",
  "name_zh": "",
  "address": "",
  "website": ""
 },
 {
  "name": "Energy Saving & Environmental Protection & Occupational Safety and Health Research Institute, China Academy of Railway Sciences,Beijing ,China",
  "name_zh": "",
  "address": "",
  "website": ""
 },
 {
  "name": "Department of Computer Science and Technology, Tsinghua University",
  "name_zh": "",
  "address": "",
  "website": ""
 },
 {
  "name": "Shanghai Institute of Materia Medica, Chinese Academy of Sciences",
  "name_zh": "",
  "address": "",
  "website": ""
 },
 {
  "name": "School of Biological Science & Medical Engineering, Southeast University",
  "name_zh": "",
  "address": "",
  "website": ""
 },
 {
  "name": "Institute of Materials and Equipment Technology, Fudan University",
  "name_zh": "",
  "address": "",
  "website": ""
 },
 {
  "name": "Institute of Semiconductors, Chinese Academy of Sciences",
  "name_zh": "",
  "address": "",
  "website": ""
 },
 {
  "name": "College of Environmental Science and Engineering,Hohai University,Nanjing ,China;State Key Laboratory of Hydrology-Water Resources and Hydraulic Engineering,Hohai University,Nanjing ,China;Key Laboratory of Integrated Regulation and Resource Development on Shallow Lakes <Ministry of Education>,Hohai University,Nanjing ,China",
  "name_zh": "",
  "address": "",
  "website": ""
 },
 {
  "name": "College of Information Engineering,Taiyuan University of Technology,Taiyuan ,China",
  "name_zh": "",
  "address": "",
  "website": ""
 },
 {
  "name": "Institutes of Brain Science, Fudan University",
  "name_zh": "",
  "address": "",
  "website": ""
 },
 {
  "name": "Department of Information Systems, City University of Hong Kong",
  "name_zh": "",
  "address": "",
  "website": ""
 },
 {
  "name": "Shanghai Jiaotong University School of Medicine",
  "name_zh": "",
  "address": "",
  "website": ""
 },
 {
  "name": "College of Materials Science and Engineering,Chongqing University,Chongqing ,China",
  "name_zh": "",
  "address": "",
  "website": ""
 },
 {
  "name": "Cancer Hospital Chinese Academy of Medical Sciences",
  "name_zh": "",
  "address": "",
  "website": ""
 }
]