{
    "MFTF_007632": {
        "goal": {
            "Conference": {
                "semi": {
                    "acronym": [
                        "ICAART"
                    ],
                    "year": [],
                    "fullName": [],
                    "paperDue": [],
                    "noticeDue": [],
                    "heldDate": [],
                    "abstractDue": [],
                    "finalDue": [],
                    "location": [],
                    "category": [],
                    "ccf": [],
                    "website": [],
                    "bestPaper": [],
                    "confRelated": [],
                    "journalRelated": []
                }
            },
            "Paper": {
                "semi": {
                    "doi": [],
                    "title": [],
                    "author": [],
                    "venue": [
                        "MICCAI"
                    ],
                    "year": [],
                    "institution": [],
                    "abstract": [],
                    "pdf": [],
                    "blog": []
                },
                "download": {
                    "path": []
                }
            },
            "Journal": {
                "semi": {
                    "name": [],
                    "ISSN": [],
                    "E_ISSN": [],
                    "IF": [],
                    "h_index": [],
                    "self_citing": [],
                    "ccf": [],
                    "sci": [],
                    "website": [],
                    "submit": [],
                    "OA": [],
                    "category": [],
                    "speed": [],
                    "rate": []
                }
            },
            "Author": {
                "semi": {
                    "name": [],
                    "field": [],
                    "affiliation": [],
                    "position": [],
                    "citations": [],
                    "h_index": [],
                    "pubs": []
                }
            },
            "Institution": {
                "semi": {
                    "name": [],
                    "address": [],
                    "website": []
                }
            },
            "description": [
                "Given location; Recommend Conference",
                "When system confirms, give positive answer",
                "Add category; Recommend Conference",
                "Add heldDate; Recommend Conference",
                "When choice=0 and system confirms, give positive answer then inform again",
                "Add category; Recommend Conference",
                "Given venue; Recommend Paper",
                "When system confirms, give positive answer"
            ]
        },
        "log": [
            {
                "text": "请问在中国北京举办的会议有哪些",
                "metadata": {},
                "dialog_act": {
                    "Conference-Inform": [
                        [
                            "location",
                            "中国北京"
                        ]
                    ]
                },
                "span_info": [
                    [
                        "Conference-Inform",
                        "location",
                        "中国北京",
                        3,
                        6
                    ]
                ]
            },
            {
                "text": "你确定找的是在中国北京举办的会议嘛",
                "metadata": {
                    "Conference": {
                        "semi": {
                            "acronym": [],
                            "year": [],
                            "fullName": [],
                            "paperDue": [],
                            "noticeDue": [],
                            "heldDate": [],
                            "abstractDue": [],
                            "finalDue": [],
                            "location": [
                                "中国北京"
                            ],
                            "category": [],
                            "ccf": [],
                            "website": [],
                            "bestPaper": [],
                            "confRelated": [],
                            "journalRelated": []
                        }
                    },
                    "Paper": {
                        "semi": {
                            "doi": [],
                            "title": [],
                            "author": [],
                            "venue": [],
                            "year": [],
                            "institution": [],
                            "abstract": [],
                            "pdf": [],
                            "blog": []
                        },
                        "download": {
                            "path": []
                        }
                    },
                    "Journal": {
                        "semi": {
                            "name": [],
                            "ISSN": [],
                            "E_ISSN": [],
                            "IF": [],
                            "h_index": [],
                            "self_citing": [],
                            "ccf": [],
                            "sci": [],
                            "website": [],
                            "submit": [],
                            "OA": [],
                            "category": [],
                            "speed": [],
                            "rate": []
                        }
                    },
                    "Author": {
                        "semi": {
                            "name": [],
                            "field": [],
                            "affiliation": [],
                            "position": [],
                            "citations": [],
                            "h_index": [],
                            "pubs": []
                        }
                    },
                    "Institution": {
                        "semi": {
                            "name": [],
                            "address": [],
                            "website": []
                        }
                    }
                },
                "dialog_act": {
                    "Conference-Confirm": [
                        [
                            "location",
                            "中国北京"
                        ]
                    ]
                },
                "span_info": [
                    [
                        "Conference-Confirm",
                        "location",
                        "中国北京",
                        7,
                        10
                    ]
                ]
            },
            {
                "text": "嗯嗯",
                "metadata": {},
                "dialog_act": {
                    "General-Positive": [
                        [
                            null,
                            null
                        ]
                    ]
                },
                "span_info": []
            },
            {
                "text": "共有50个满足条件的会议，您还有什么其他的要求嘛",
                "metadata": {
                    "Conference": {
                        "semi": {
                            "acronym": [],
                            "year": [],
                            "fullName": [],
                            "paperDue": [],
                            "noticeDue": [],
                            "heldDate": [],
                            "abstractDue": [],
                            "finalDue": [],
                            "location": [
                                "中国北京"
                            ],
                            "category": [],
                            "ccf": [],
                            "website": [],
                            "bestPaper": [],
                            "confRelated": [],
                            "journalRelated": []
                        }
                    },
                    "Paper": {
                        "semi": {
                            "doi": [],
                            "title": [],
                            "author": [],
                            "venue": [],
                            "year": [],
                            "institution": [],
                            "abstract": [],
                            "pdf": [],
                            "blog": []
                        },
                        "download": {
                            "path": []
                        }
                    },
                    "Journal": {
                        "semi": {
                            "name": [],
                            "ISSN": [],
                            "E_ISSN": [],
                            "IF": [],
                            "h_index": [],
                            "self_citing": [],
                            "ccf": [],
                            "sci": [],
                            "website": [],
                            "submit": [],
                            "OA": [],
                            "category": [],
                            "speed": [],
                            "rate": []
                        }
                    },
                    "Author": {
                        "semi": {
                            "name": [],
                            "field": [],
                            "affiliation": [],
                            "position": [],
                            "citations": [],
                            "h_index": [],
                            "pubs": []
                        }
                    },
                    "Institution": {
                        "semi": {
                            "name": [],
                            "address": [],
                            "website": []
                        }
                    }
                },
                "dialog_act": {
                    "Conference-Recommend": [
                        [
                            "Choice",
                            "126"
                        ]
                    ],
                    "Conference-Reqmore": [
                        [
                            "?",
                            "?"
                        ]
                    ]
                },
                "span_info": []
            },
            {
                "text": "告诉我有哪些属于机器学习领域的",
                "metadata": {},
                "dialog_act": {
                    "Conference-Inform": [
                        [
                            "category",
                            "机器学习"
                        ]
                    ]
                },
                "span_info": [
                    [
                        "Conference-Add",
                        "category",
                        "机器学习",
                        8,
                        11
                    ]
                ]
            },
            {
                "text": "共有50个满足条件的会议，你想要什么时候举行的会议呢",
                "metadata": {
                    "Conference": {
                        "semi": {
                            "acronym": [],
                            "year": [],
                            "fullName": [],
                            "paperDue": [],
                            "noticeDue": [],
                            "heldDate": [],
                            "abstractDue": [],
                            "finalDue": [],
                            "location": [
                                "中国北京"
                            ],
                            "category": [
                                "机器学习"
                            ],
                            "ccf": [],
                            "website": [],
                            "bestPaper": [],
                            "confRelated": [],
                            "journalRelated": []
                        }
                    },
                    "Paper": {
                        "semi": {
                            "doi": [],
                            "title": [],
                            "author": [],
                            "venue": [],
                            "year": [],
                            "institution": [],
                            "abstract": [],
                            "pdf": [],
                            "blog": []
                        },
                        "download": {
                            "path": []
                        }
                    },
                    "Journal": {
                        "semi": {
                            "name": [],
                            "ISSN": [],
                            "E_ISSN": [],
                            "IF": [],
                            "h_index": [],
                            "self_citing": [],
                            "ccf": [],
                            "sci": [],
                            "website": [],
                            "submit": [],
                            "OA": [],
                            "category": [],
                            "speed": [],
                            "rate": []
                        }
                    },
                    "Author": {
                        "semi": {
                            "name": [],
                            "field": [],
                            "affiliation": [],
                            "position": [],
                            "citations": [],
                            "h_index": [],
                            "pubs": []
                        }
                    },
                    "Institution": {
                        "semi": {
                            "name": [],
                            "address": [],
                            "website": []
                        }
                    }
                },
                "dialog_act": {
                    "Conference-Recommend": [
                        [
                            "Choice",
                            "7"
                        ]
                    ],
                    "Conference-Reqmore": [
                        [
                            "heldDate",
                            "?"
                        ]
                    ]
                },
                "span_info": []
            },
            {
                "text": "你知道它们中间有从11月12日到12月16日要举办的嘛",
                "metadata": {},
                "dialog_act": {
                    "Conference-Inform": [
                        [
                            "heldDate",
                            "从11月12日到12月16日"
                        ]
                    ]
                },
                "span_info": [
                    [
                        "Conference-Add",
                        "heldDate",
                        "从11月12日到12月16日",
                        8,
                        21
                    ]
                ]
            },
            {
                "text": "没找到相应的会议，你确定会议举行时间是从11月12日到12月16日嘛",
                "metadata": {
                    "Conference": {
                        "semi": {
                            "acronym": [],
                            "year": [],
                            "fullName": [],
                            "paperDue": [],
                            "noticeDue": [],
                            "heldDate": [
                                "从11月12日到12月16日"
                            ],
                            "abstractDue": [],
                            "finalDue": [],
                            "location": [
                                "中国北京"
                            ],
                            "category": [
                                "机器学习"
                            ],
                            "ccf": [],
                            "website": [],
                            "bestPaper": [],
                            "confRelated": [],
                            "journalRelated": []
                        }
                    },
                    "Paper": {
                        "semi": {
                            "doi": [],
                            "title": [],
                            "author": [],
                            "venue": [],
                            "year": [],
                            "institution": [],
                            "abstract": [],
                            "pdf": [],
                            "blog": []
                        },
                        "download": {
                            "path": []
                        }
                    },
                    "Journal": {
                        "semi": {
                            "name": [],
                            "ISSN": [],
                            "E_ISSN": [],
                            "IF": [],
                            "h_index": [],
                            "self_citing": [],
                            "ccf": [],
                            "sci": [],
                            "website": [],
                            "submit": [],
                            "OA": [],
                            "category": [],
                            "speed": [],
                            "rate": []
                        }
                    },
                    "Author": {
                        "semi": {
                            "name": [],
                            "field": [],
                            "affiliation": [],
                            "position": [],
                            "citations": [],
                            "h_index": [],
                            "pubs": []
                        }
                    },
                    "Institution": {
                        "semi": {
                            "name": [],
                            "address": [],
                            "website": []
                        }
                    }
                },
                "dialog_act": {
                    "Conference-Recommend": [
                        [
                            "Choice",
                            "0"
                        ]
                    ],
                    "Conference-Confirm": [
                        [
                            "heldDate",
                            "从11月12日到12月16日"
                        ]
                    ]
                },
                "span_info": [
                    [
                        "Conference-Confirm",
                        "heldDate",
                        "从11月12日到12月16日",
                        19,
                        32
                    ]
                ]
            },
            {
                "text": "你理解的没错，咨询一下哪些会议的截稿时间在最近三星期呢",
                "metadata": {},
                "dialog_act": {
                    "Conference-Inform": [
                        [
                            "paperDue",
                            "最近三星期"
                        ]
                    ],
                    "General-Positive": [
                        [
                            null,
                            null
                        ]
                    ]
                },
                "span_info": [
                    [
                        "Conference-Inform",
                        "paperDue",
                        "最近三星期",
                        21,
                        25
                    ]
                ]
            },
            {
                "text": "共有50个满足条件的会议，您还有什么其他的要求嘛",
                "metadata": {
                    "Conference": {
                        "semi": {
                            "acronym": [],
                            "year": [],
                            "fullName": [],
                            "paperDue": [
                                "最近三星期"
                            ],
                            "noticeDue": [],
                            "heldDate": [
                                "从11月12日到12月16日"
                            ],
                            "abstractDue": [],
                            "finalDue": [],
                            "location": [],
                            "category": [],
                            "ccf": [],
                            "website": [],
                            "bestPaper": [],
                            "confRelated": [],
                            "journalRelated": []
                        }
                    },
                    "Paper": {
                        "semi": {
                            "doi": [],
                            "title": [],
                            "author": [],
                            "venue": [],
                            "year": [],
                            "institution": [],
                            "abstract": [],
                            "pdf": [],
                            "blog": []
                        },
                        "download": {
                            "path": []
                        }
                    },
                    "Journal": {
                        "semi": {
                            "name": [],
                            "ISSN": [],
                            "E_ISSN": [],
                            "IF": [],
                            "h_index": [],
                            "self_citing": [],
                            "ccf": [],
                            "sci": [],
                            "website": [],
                            "submit": [],
                            "OA": [],
                            "category": [],
                            "speed": [],
                            "rate": []
                        }
                    },
                    "Author": {
                        "semi": {
                            "name": [],
                            "field": [],
                            "affiliation": [],
                            "position": [],
                            "citations": [],
                            "h_index": [],
                            "pubs": []
                        }
                    },
                    "Institution": {
                        "semi": {
                            "name": [],
                            "address": [],
                            "website": []
                        }
                    }
                },
                "dialog_act": {
                    "Conference-Recommend": [
                        [
                            "Choice",
                            "18"
                        ]
                    ],
                    "Conference-Reqmore": [
                        [
                            "?",
                            "?"
                        ]
                    ]
                },
                "span_info": []
            },
            {
                "text": "请问中间有属于系统领域的嘛",
                "metadata": {},
                "dialog_act": {
                    "Conference-Inform": [
                        [
                            "category",
                            "系统"
                        ]
                    ]
                },
                "span_info": [
                    [
                        "Conference-Add",
                        "category",
                        "系统",
                        7,
                        8
                    ]
                ]
            },
            {
                "text": "为你找到了ICAART会议，它是满足条件的",
                "metadata": {
                    "Conference": {
                        "semi": {
                            "acronym": [],
                            "year": [],
                            "fullName": [],
                            "paperDue": [
                                "最近三星期"
                            ],
                            "noticeDue": [],
                            "heldDate": [
                                "从11月12日到12月16日"
                            ],
                            "abstractDue": [],
                            "finalDue": [],
                            "location": [],
                            "category": [
                                "系统"
                            ],
                            "ccf": [],
                            "website": [],
                            "bestPaper": [],
                            "confRelated": [],
                            "journalRelated": []
                        }
                    },
                    "Paper": {
                        "semi": {
                            "doi": [],
                            "title": [],
                            "author": [],
                            "venue": [],
                            "year": [],
                            "institution": [],
                            "abstract": [],
                            "pdf": [],
                            "blog": []
                        },
                        "download": {
                            "path": []
                        }
                    },
                    "Journal": {
                        "semi": {
                            "name": [],
                            "ISSN": [],
                            "E_ISSN": [],
                            "IF": [],
                            "h_index": [],
                            "self_citing": [],
                            "ccf": [],
                            "sci": [],
                            "website": [],
                            "submit": [],
                            "OA": [],
                            "category": [],
                            "speed": [],
                            "rate": []
                        }
                    },
                    "Author": {
                        "semi": {
                            "name": [],
                            "field": [],
                            "affiliation": [],
                            "position": [],
                            "citations": [],
                            "h_index": [],
                            "pubs": []
                        }
                    },
                    "Institution": {
                        "semi": {
                            "name": [],
                            "address": [],
                            "website": []
                        }
                    }
                },
                "dialog_act": {
                    "Conference-Recommend": [
                        [
                            "Choice",
                            "1"
                        ],
                        [
                            "acronym",
                            "ICAART"
                        ]
                    ]
                },
                "span_info": [
                    [
                        "Conference-Recommend",
                        "acronym",
                        "ICAART",
                        5,
                        10
                    ]
                ]
            },
            {
                "text": "你知道MICCAI会议上发表的论文有哪些呢",
                "metadata": {},
                "dialog_act": {
                    "Paper-Inform": [
                        [
                            "venue",
                            "MICCAI"
                        ]
                    ]
                },
                "span_info": [
                    [
                        "Paper-Inform",
                        "venue",
                        "MICCAI",
                        3,
                        8
                    ]
                ]
            },
            {
                "text": "共有50篇满足条件的论文，你确定要输出嘛",
                "metadata": {
                    "Conference": {
                        "semi": {
                            "acronym": [
                                "ICAART"
                            ],
                            "year": [],
                            "fullName": [],
                            "paperDue": [],
                            "noticeDue": [],
                            "heldDate": [],
                            "abstractDue": [],
                            "finalDue": [],
                            "location": [],
                            "category": [],
                            "ccf": [],
                            "website": [],
                            "bestPaper": [],
                            "confRelated": [],
                            "journalRelated": []
                        }
                    },
                    "Paper": {
                        "semi": {
                            "doi": [],
                            "title": [],
                            "author": [],
                            "venue": [
                                "MICCAI"
                            ],
                            "year": [],
                            "institution": [],
                            "abstract": [],
                            "pdf": [],
                            "blog": []
                        },
                        "download": {
                            "path": []
                        }
                    },
                    "Journal": {
                        "semi": {
                            "name": [],
                            "ISSN": [],
                            "E_ISSN": [],
                            "IF": [],
                            "h_index": [],
                            "self_citing": [],
                            "ccf": [],
                            "sci": [],
                            "website": [],
                            "submit": [],
                            "OA": [],
                            "category": [],
                            "speed": [],
                            "rate": []
                        }
                    },
                    "Author": {
                        "semi": {
                            "name": [],
                            "field": [],
                            "affiliation": [],
                            "position": [],
                            "citations": [],
                            "h_index": [],
                            "pubs": []
                        }
                    },
                    "Institution": {
                        "semi": {
                            "name": [],
                            "address": [],
                            "website": []
                        }
                    }
                },
                "dialog_act": {
                    "Paper-Recommend": [
                        [
                            "Choice",
                            "102"
                        ]
                    ],
                    "Paper-Confirm": [
                        [
                            null,
                            null
                        ]
                    ]
                },
                "span_info": []
            },
            {
                "text": "是的呢",
                "metadata": {},
                "dialog_act": {
                    "General-Positive": [
                        [
                            null,
                            null
                        ]
                    ]
                },
                "span_info": []
            },
            {
                "text": "满足条件的论文共有50篇，点击展开可查看具体信息",
                "metadata": {
                    "Conference": {
                        "semi": {
                            "acronym": [
                                "ICAART"
                            ],
                            "year": [],
                            "fullName": [],
                            "paperDue": [],
                            "noticeDue": [],
                            "heldDate": [],
                            "abstractDue": [],
                            "finalDue": [],
                            "location": [],
                            "category": [],
                            "ccf": [],
                            "website": [],
                            "bestPaper": [],
                            "confRelated": [],
                            "journalRelated": []
                        }
                    },
                    "Paper": {
                        "semi": {
                            "doi": [],
                            "title": [],
                            "author": [],
                            "venue": [
                                "MICCAI"
                            ],
                            "year": [],
                            "institution": [],
                            "abstract": [],
                            "pdf": [],
                            "blog": []
                        },
                        "download": {
                            "path": []
                        }
                    },
                    "Journal": {
                        "semi": {
                            "name": [],
                            "ISSN": [],
                            "E_ISSN": [],
                            "IF": [],
                            "h_index": [],
                            "self_citing": [],
                            "ccf": [],
                            "sci": [],
                            "website": [],
                            "submit": [],
                            "OA": [],
                            "category": [],
                            "speed": [],
                            "rate": []
                        }
                    },
                    "Author": {
                        "semi": {
                            "name": [],
                            "field": [],
                            "affiliation": [],
                            "position": [],
                            "citations": [],
                            "h_index": [],
                            "pubs": []
                        }
                    },
                    "Institution": {
                        "semi": {
                            "name": [],
                            "address": [],
                            "website": []
                        }
                    }
                },
                "dialog_act": {
                    "Paper-Recommend": [
                        [
                            "Choice",
                            "102"
                        ],
                        [
                            "title",
                            "The Tumor Mix-Up in 3D Unet for Glioma Segmentation"
                        ],
                        [
                            "title",
                            "Brain Tumor Segmentation Using Attention-Based Network in 3D MRI Images"
                        ],
                        [
                            "title",
                            "Deep Fusion Net for Multi-atlas Segmentation: Application to Cardiac MR Images"
                        ]
                    ]
                },
                "span_info": [
                    [
                        "Paper-Recommend",
                        "title",
                        "The Tumor Mix-Up in 3D Unet for Glioma Segmentation",
                        -1,
                        49
                    ],
                    [
                        "Paper-Recommend",
                        "title",
                        "Brain Tumor Segmentation Using Attention-Based Network in 3D MRI Images",
                        -1,
                        69
                    ],
                    [
                        "Paper-Recommend",
                        "title",
                        "Deep Fusion Net for Multi-atlas Segmentation: Application to Cardiac MR Images",
                        -1,
                        76
                    ]
                ]
            }
        ]
    }
}