{
    "MFTF_012427": {
        "goal": {
            "Conference": {
                "semi": {
                    "acronym": [
                        "ACSAC"
                    ],
                    "year": [],
                    "fullName": [],
                    "paperDue": [],
                    "noticeDue": [],
                    "heldDate": [],
                    "abstractDue": [],
                    "finalDue": [],
                    "location": [],
                    "category": [],
                    "ccf": [],
                    "website": [],
                    "bestPaper": [],
                    "confRelated": [
                        "MVA"
                    ],
                    "journalRelated": []
                }
            },
            "Paper": {
                "semi": {
                    "doi": [],
                    "title": [],
                    "author": [],
                    "venue": [
                        "IEEE Internet Things J."
                    ],
                    "year": [],
                    "institution": [
                        "华中科技大学同济医学院协和医院"
                    ],
                    "abstract": [],
                    "pdf": [],
                    "blog": []
                },
                "download": {
                    "path": []
                }
            },
            "Journal": {
                "semi": {
                    "name": [],
                    "ISSN": [],
                    "E_ISSN": [],
                    "IF": [],
                    "h_index": [],
                    "self_citing": [],
                    "ccf": [],
                    "sci": [],
                    "website": [],
                    "submit": [],
                    "OA": [],
                    "category": [],
                    "speed": [],
                    "rate": []
                }
            },
            "Author": {
                "semi": {
                    "name": [],
                    "field": [],
                    "affiliation": [],
                    "position": [],
                    "citations": [],
                    "h_index": [],
                    "pubs": []
                }
            },
            "Institution": {
                "semi": {
                    "name": [],
                    "address": [],
                    "website": []
                }
            },
            "description": [
                "Given location,ccf; Recommend Conference",
                "When system confirms, give positive answer",
                "Request detail of journalRelated",
                "Confirm detail of noticeDue",
                "Request detail of website",
                "Request detail of paperDue",
                "Request detail of heldDate",
                "Request detail of confRelated",
                "Given venue; Recommend Paper",
                "Add institution; Recommend Paper"
            ]
        },
        "log": [
            {
                "text": "告诉我加利福尼亚州的B类以下会议都有哪些呢",
                "metadata": {},
                "dialog_act": {
                    "Conference-Inform": [
                        [
                            "location",
                            "加利福尼亚州"
                        ],
                        [
                            "ccf",
                            "B类以下"
                        ]
                    ]
                },
                "span_info": [
                    [
                        "Conference-Inform",
                        "location",
                        "加利福尼亚州",
                        3,
                        8
                    ],
                    [
                        "Conference-Inform",
                        "ccf",
                        "B类以下",
                        10,
                        13
                    ]
                ]
            },
            {
                "text": "共找到50个符合条件的会议，你确定要返回结果嘛",
                "metadata": {
                    "Conference": {
                        "semi": {
                            "acronym": [],
                            "year": [],
                            "fullName": [],
                            "paperDue": [],
                            "noticeDue": [],
                            "heldDate": [],
                            "abstractDue": [],
                            "finalDue": [],
                            "location": [
                                "加利福尼亚州"
                            ],
                            "category": [],
                            "ccf": [
                                "B类以下"
                            ],
                            "website": [],
                            "bestPaper": [],
                            "confRelated": [],
                            "journalRelated": []
                        }
                    },
                    "Paper": {
                        "semi": {
                            "doi": [],
                            "title": [],
                            "author": [],
                            "venue": [],
                            "year": [],
                            "institution": [],
                            "abstract": [],
                            "pdf": [],
                            "blog": []
                        },
                        "download": {
                            "path": []
                        }
                    },
                    "Journal": {
                        "semi": {
                            "name": [],
                            "ISSN": [],
                            "E_ISSN": [],
                            "IF": [],
                            "h_index": [],
                            "self_citing": [],
                            "ccf": [],
                            "sci": [],
                            "website": [],
                            "submit": [],
                            "OA": [],
                            "category": [],
                            "speed": [],
                            "rate": []
                        }
                    },
                    "Author": {
                        "semi": {
                            "name": [],
                            "field": [],
                            "affiliation": [],
                            "position": [],
                            "citations": [],
                            "h_index": [],
                            "pubs": []
                        }
                    },
                    "Institution": {
                        "semi": {
                            "name": [],
                            "address": [],
                            "website": []
                        }
                    }
                },
                "dialog_act": {
                    "Conference-Recommend": [
                        [
                            "Choice",
                            "96"
                        ]
                    ],
                    "Conference-Confirm": [
                        [
                            null,
                            null
                        ]
                    ]
                },
                "span_info": []
            },
            {
                "text": "确定",
                "metadata": {},
                "dialog_act": {
                    "General-Positive": [
                        [
                            null,
                            null
                        ]
                    ]
                },
                "span_info": []
            },
            {
                "text": "共有50个满足条件的会议，点击展开可查看具体信息",
                "metadata": {
                    "Conference": {
                        "semi": {
                            "acronym": [],
                            "year": [],
                            "fullName": [],
                            "paperDue": [],
                            "noticeDue": [],
                            "heldDate": [],
                            "abstractDue": [],
                            "finalDue": [],
                            "location": [
                                "加利福尼亚州"
                            ],
                            "category": [],
                            "ccf": [
                                "B类以下"
                            ],
                            "website": [],
                            "bestPaper": [],
                            "confRelated": [],
                            "journalRelated": []
                        }
                    },
                    "Paper": {
                        "semi": {
                            "doi": [],
                            "title": [],
                            "author": [],
                            "venue": [],
                            "year": [],
                            "institution": [],
                            "abstract": [],
                            "pdf": [],
                            "blog": []
                        },
                        "download": {
                            "path": []
                        }
                    },
                    "Journal": {
                        "semi": {
                            "name": [],
                            "ISSN": [],
                            "E_ISSN": [],
                            "IF": [],
                            "h_index": [],
                            "self_citing": [],
                            "ccf": [],
                            "sci": [],
                            "website": [],
                            "submit": [],
                            "OA": [],
                            "category": [],
                            "speed": [],
                            "rate": []
                        }
                    },
                    "Author": {
                        "semi": {
                            "name": [],
                            "field": [],
                            "affiliation": [],
                            "position": [],
                            "citations": [],
                            "h_index": [],
                            "pubs": []
                        }
                    },
                    "Institution": {
                        "semi": {
                            "name": [],
                            "address": [],
                            "website": []
                        }
                    }
                },
                "dialog_act": {
                    "Conference-Recommend": [
                        [
                            "Choice",
                            "96"
                        ],
                        [
                            "acronym",
                            "ACSAC"
                        ],
                        [
                            "acronym",
                            "CCC"
                        ],
                        [
                            "acronym",
                            "CGO"
                        ]
                    ]
                },
                "span_info": [
                    [
                        "Conference-Recommend",
                        "acronym",
                        "ACSAC",
                        -1,
                        3
                    ],
                    [
                        "Conference-Recommend",
                        "acronym",
                        "CCC",
                        -1,
                        1
                    ],
                    [
                        "Conference-Recommend",
                        "acronym",
                        "CGO",
                        -1,
                        1
                    ]
                ]
            },
            {
                "text": "ACSAC有哪些相关期刊呢",
                "metadata": {},
                "dialog_act": {
                    "Conference-Inform": [
                        [
                            "acronym",
                            "ACSAC"
                        ]
                    ],
                    "Conference-Request": [
                        [
                            "journalRelated",
                            "?"
                        ]
                    ]
                },
                "span_info": [
                    [
                        "Conference-Inform",
                        "acronym",
                        "ACSAC",
                        0,
                        4
                    ]
                ]
            },
            {
                "text": "ACSAC会议的相关期刊有IEEE Computer Graphics and Applications",
                "metadata": {
                    "Conference": {
                        "semi": {
                            "acronym": [
                                "ACSAC"
                            ],
                            "year": [],
                            "fullName": [],
                            "paperDue": [],
                            "noticeDue": [],
                            "heldDate": [],
                            "abstractDue": [],
                            "finalDue": [],
                            "location": [
                                "加利福尼亚州"
                            ],
                            "category": [],
                            "ccf": [
                                "B类以下"
                            ],
                            "website": [],
                            "bestPaper": [],
                            "confRelated": [],
                            "journalRelated": []
                        }
                    },
                    "Paper": {
                        "semi": {
                            "doi": [],
                            "title": [],
                            "author": [],
                            "venue": [],
                            "year": [],
                            "institution": [],
                            "abstract": [],
                            "pdf": [],
                            "blog": []
                        },
                        "download": {
                            "path": []
                        }
                    },
                    "Journal": {
                        "semi": {
                            "name": [],
                            "ISSN": [],
                            "E_ISSN": [],
                            "IF": [],
                            "h_index": [],
                            "self_citing": [],
                            "ccf": [],
                            "sci": [],
                            "website": [],
                            "submit": [],
                            "OA": [],
                            "category": [],
                            "speed": [],
                            "rate": []
                        }
                    },
                    "Author": {
                        "semi": {
                            "name": [],
                            "field": [],
                            "affiliation": [],
                            "position": [],
                            "citations": [],
                            "h_index": [],
                            "pubs": []
                        }
                    },
                    "Institution": {
                        "semi": {
                            "name": [],
                            "address": [],
                            "website": []
                        }
                    }
                },
                "dialog_act": {
                    "Conference-Inform": [
                        [
                            "acronym",
                            "ACSAC"
                        ],
                        [
                            "journalRelated",
                            "IEEE Computer Graphics and Applications"
                        ]
                    ]
                },
                "span_info": [
                    [
                        "Conference-Inform",
                        "acronym",
                        "ACSAC",
                        0,
                        4
                    ],
                    [
                        "Conference-Inform",
                        "journalRelated",
                        "IEEE Computer Graphics and Applications",
                        13,
                        51
                    ]
                ]
            },
            {
                "text": "请问ACSAC2016是不是2016-08-15要通知呢",
                "metadata": {},
                "dialog_act": {
                    "Conference-Inform": [
                        [
                            "acronym",
                            "ACSAC"
                        ],
                        [
                            "year",
                            "2016"
                        ]
                    ],
                    "Conference-Confirm": [
                        [
                            "noticeDue",
                            "2016-08-15"
                        ]
                    ]
                },
                "span_info": [
                    [
                        "Conference-Inform",
                        "acronym",
                        "ACSAC",
                        2,
                        6
                    ],
                    [
                        "Conference-Inform",
                        "year",
                        "2016",
                        7,
                        10
                    ],
                    [
                        "Conference-Confirm",
                        "noticeDue",
                        "2016-08-15",
                        14,
                        23
                    ]
                ]
            },
            {
                "text": "没有问题",
                "metadata": {
                    "Conference": {
                        "semi": {
                            "acronym": [
                                "ACSAC"
                            ],
                            "year": [
                                "2016"
                            ],
                            "fullName": [],
                            "paperDue": [],
                            "noticeDue": [
                                "2016-08-15"
                            ],
                            "heldDate": [],
                            "abstractDue": [],
                            "finalDue": [],
                            "location": [
                                "加利福尼亚州"
                            ],
                            "category": [],
                            "ccf": [
                                "B类以下"
                            ],
                            "website": [],
                            "bestPaper": [],
                            "confRelated": [],
                            "journalRelated": [
                                "IEEE Computer Graphics and Applications"
                            ]
                        }
                    },
                    "Paper": {
                        "semi": {
                            "doi": [],
                            "title": [],
                            "author": [],
                            "venue": [],
                            "year": [],
                            "institution": [],
                            "abstract": [],
                            "pdf": [],
                            "blog": []
                        },
                        "download": {
                            "path": []
                        }
                    },
                    "Journal": {
                        "semi": {
                            "name": [],
                            "ISSN": [],
                            "E_ISSN": [],
                            "IF": [],
                            "h_index": [],
                            "self_citing": [],
                            "ccf": [],
                            "sci": [],
                            "website": [],
                            "submit": [],
                            "OA": [],
                            "category": [],
                            "speed": [],
                            "rate": []
                        }
                    },
                    "Author": {
                        "semi": {
                            "name": [],
                            "field": [],
                            "affiliation": [],
                            "position": [],
                            "citations": [],
                            "h_index": [],
                            "pubs": []
                        }
                    },
                    "Institution": {
                        "semi": {
                            "name": [],
                            "address": [],
                            "website": []
                        }
                    }
                },
                "dialog_act": {
                    "General-Positive": [
                        [
                            null,
                            null
                        ]
                    ]
                },
                "span_info": []
            },
            {
                "text": "介绍一下ACSAC2016会议的官网",
                "metadata": {},
                "dialog_act": {
                    "Conference-Inform": [
                        [
                            "acronym",
                            "ACSAC"
                        ],
                        [
                            "year",
                            "2016"
                        ]
                    ],
                    "Conference-Request": [
                        [
                            "website",
                            "?"
                        ]
                    ]
                },
                "span_info": [
                    [
                        "Conference-Inform",
                        "acronym",
                        "ACSAC",
                        4,
                        8
                    ],
                    [
                        "Conference-Inform",
                        "year",
                        "2016",
                        9,
                        12
                    ]
                ]
            },
            {
                "text": "ACSAC2016的官网是https://www.acsac.org/2016/cfp/",
                "metadata": {
                    "Conference": {
                        "semi": {
                            "acronym": [
                                "ACSAC"
                            ],
                            "year": [
                                "2016"
                            ],
                            "fullName": [],
                            "paperDue": [],
                            "noticeDue": [
                                "2016-08-15"
                            ],
                            "heldDate": [],
                            "abstractDue": [],
                            "finalDue": [],
                            "location": [
                                "加利福尼亚州"
                            ],
                            "category": [],
                            "ccf": [
                                "B类以下"
                            ],
                            "website": [],
                            "bestPaper": [],
                            "confRelated": [],
                            "journalRelated": [
                                "IEEE Computer Graphics and Applications"
                            ]
                        }
                    },
                    "Paper": {
                        "semi": {
                            "doi": [],
                            "title": [],
                            "author": [],
                            "venue": [],
                            "year": [],
                            "institution": [],
                            "abstract": [],
                            "pdf": [],
                            "blog": []
                        },
                        "download": {
                            "path": []
                        }
                    },
                    "Journal": {
                        "semi": {
                            "name": [],
                            "ISSN": [],
                            "E_ISSN": [],
                            "IF": [],
                            "h_index": [],
                            "self_citing": [],
                            "ccf": [],
                            "sci": [],
                            "website": [],
                            "submit": [],
                            "OA": [],
                            "category": [],
                            "speed": [],
                            "rate": []
                        }
                    },
                    "Author": {
                        "semi": {
                            "name": [],
                            "field": [],
                            "affiliation": [],
                            "position": [],
                            "citations": [],
                            "h_index": [],
                            "pubs": []
                        }
                    },
                    "Institution": {
                        "semi": {
                            "name": [],
                            "address": [],
                            "website": []
                        }
                    }
                },
                "dialog_act": {
                    "Conference-Inform": [
                        [
                            "acronym",
                            "ACSAC"
                        ],
                        [
                            "year",
                            "2016"
                        ],
                        [
                            "website",
                            "https://www.acsac.org/2016/cfp/"
                        ]
                    ]
                },
                "span_info": [
                    [
                        "Conference-Inform",
                        "acronym",
                        "ACSAC",
                        0,
                        4
                    ],
                    [
                        "Conference-Inform",
                        "year",
                        "2016",
                        5,
                        8
                    ],
                    [
                        "Conference-Inform",
                        "website",
                        "https://www.acsac.org/2016/cfp/",
                        13,
                        43
                    ]
                ]
            },
            {
                "text": "ACSAC2016的截稿日期是什么呢",
                "metadata": {},
                "dialog_act": {
                    "Conference-Inform": [
                        [
                            "acronym",
                            "ACSAC"
                        ],
                        [
                            "year",
                            "2016"
                        ]
                    ],
                    "Conference-Request": [
                        [
                            "paperDue",
                            "?"
                        ]
                    ]
                },
                "span_info": [
                    [
                        "Conference-Inform",
                        "acronym",
                        "ACSAC",
                        0,
                        4
                    ],
                    [
                        "Conference-Inform",
                        "year",
                        "2016",
                        5,
                        8
                    ]
                ]
            },
            {
                "text": "ACSAC2016的截稿时间是2016-06-01",
                "metadata": {
                    "Conference": {
                        "semi": {
                            "acronym": [
                                "ACSAC"
                            ],
                            "year": [
                                "2016"
                            ],
                            "fullName": [],
                            "paperDue": [],
                            "noticeDue": [
                                "2016-08-15"
                            ],
                            "heldDate": [],
                            "abstractDue": [],
                            "finalDue": [],
                            "location": [
                                "加利福尼亚州"
                            ],
                            "category": [],
                            "ccf": [
                                "B类以下"
                            ],
                            "website": [
                                "https://www.acsac.org/2016/cfp/"
                            ],
                            "bestPaper": [],
                            "confRelated": [],
                            "journalRelated": [
                                "IEEE Computer Graphics and Applications"
                            ]
                        }
                    },
                    "Paper": {
                        "semi": {
                            "doi": [],
                            "title": [],
                            "author": [],
                            "venue": [],
                            "year": [],
                            "institution": [],
                            "abstract": [],
                            "pdf": [],
                            "blog": []
                        },
                        "download": {
                            "path": []
                        }
                    },
                    "Journal": {
                        "semi": {
                            "name": [],
                            "ISSN": [],
                            "E_ISSN": [],
                            "IF": [],
                            "h_index": [],
                            "self_citing": [],
                            "ccf": [],
                            "sci": [],
                            "website": [],
                            "submit": [],
                            "OA": [],
                            "category": [],
                            "speed": [],
                            "rate": []
                        }
                    },
                    "Author": {
                        "semi": {
                            "name": [],
                            "field": [],
                            "affiliation": [],
                            "position": [],
                            "citations": [],
                            "h_index": [],
                            "pubs": []
                        }
                    },
                    "Institution": {
                        "semi": {
                            "name": [],
                            "address": [],
                            "website": []
                        }
                    }
                },
                "dialog_act": {
                    "Conference-Inform": [
                        [
                            "acronym",
                            "ACSAC"
                        ],
                        [
                            "year",
                            "2016"
                        ],
                        [
                            "paperDue",
                            "2016-06-01"
                        ]
                    ]
                },
                "span_info": [
                    [
                        "Conference-Inform",
                        "acronym",
                        "ACSAC",
                        0,
                        4
                    ],
                    [
                        "Conference-Inform",
                        "year",
                        "2016",
                        5,
                        8
                    ],
                    [
                        "Conference-Inform",
                        "paperDue",
                        "2016-06-01",
                        15,
                        24
                    ]
                ]
            },
            {
                "text": "你知道到什么时候ACSAC2016举办呢",
                "metadata": {},
                "dialog_act": {
                    "Conference-Inform": [
                        [
                            "acronym",
                            "ACSAC"
                        ],
                        [
                            "year",
                            "2016"
                        ]
                    ],
                    "Conference-Request": [
                        [
                            "heldDate",
                            "?"
                        ]
                    ]
                },
                "span_info": [
                    [
                        "Conference-Inform",
                        "acronym",
                        "ACSAC",
                        8,
                        12
                    ],
                    [
                        "Conference-Inform",
                        "year",
                        "2016",
                        13,
                        16
                    ]
                ]
            },
            {
                "text": "ACSAC2016的举行时间是2016-12-05",
                "metadata": {
                    "Conference": {
                        "semi": {
                            "acronym": [
                                "ACSAC"
                            ],
                            "year": [
                                "2016"
                            ],
                            "fullName": [],
                            "paperDue": [
                                "2016-06-01"
                            ],
                            "noticeDue": [
                                "2016-08-15"
                            ],
                            "heldDate": [],
                            "abstractDue": [],
                            "finalDue": [],
                            "location": [
                                "加利福尼亚州"
                            ],
                            "category": [],
                            "ccf": [
                                "B类以下"
                            ],
                            "website": [
                                "https://www.acsac.org/2016/cfp/"
                            ],
                            "bestPaper": [],
                            "confRelated": [],
                            "journalRelated": [
                                "IEEE Computer Graphics and Applications"
                            ]
                        }
                    },
                    "Paper": {
                        "semi": {
                            "doi": [],
                            "title": [],
                            "author": [],
                            "venue": [],
                            "year": [],
                            "institution": [],
                            "abstract": [],
                            "pdf": [],
                            "blog": []
                        },
                        "download": {
                            "path": []
                        }
                    },
                    "Journal": {
                        "semi": {
                            "name": [],
                            "ISSN": [],
                            "E_ISSN": [],
                            "IF": [],
                            "h_index": [],
                            "self_citing": [],
                            "ccf": [],
                            "sci": [],
                            "website": [],
                            "submit": [],
                            "OA": [],
                            "category": [],
                            "speed": [],
                            "rate": []
                        }
                    },
                    "Author": {
                        "semi": {
                            "name": [],
                            "field": [],
                            "affiliation": [],
                            "position": [],
                            "citations": [],
                            "h_index": [],
                            "pubs": []
                        }
                    },
                    "Institution": {
                        "semi": {
                            "name": [],
                            "address": [],
                            "website": []
                        }
                    }
                },
                "dialog_act": {
                    "Conference-Inform": [
                        [
                            "acronym",
                            "ACSAC"
                        ],
                        [
                            "year",
                            "2016"
                        ],
                        [
                            "heldDate",
                            "2016-12-05"
                        ]
                    ]
                },
                "span_info": [
                    [
                        "Conference-Inform",
                        "acronym",
                        "ACSAC",
                        0,
                        4
                    ],
                    [
                        "Conference-Inform",
                        "year",
                        "2016",
                        5,
                        8
                    ],
                    [
                        "Conference-Inform",
                        "heldDate",
                        "2016-12-05",
                        15,
                        24
                    ]
                ]
            },
            {
                "text": "ACSAC的相关会议有哪些",
                "metadata": {},
                "dialog_act": {
                    "Conference-Inform": [
                        [
                            "acronym",
                            "ACSAC"
                        ]
                    ],
                    "Conference-Request": [
                        [
                            "confRelated",
                            "?"
                        ]
                    ]
                },
                "span_info": [
                    [
                        "Conference-Inform",
                        "acronym",
                        "ACSAC",
                        0,
                        4
                    ]
                ]
            },
            {
                "text": "ACSAC会议的相关会议有MVA",
                "metadata": {
                    "Conference": {
                        "semi": {
                            "acronym": [
                                "ACSAC"
                            ],
                            "year": [
                                "2016"
                            ],
                            "fullName": [],
                            "paperDue": [
                                "2016-06-01"
                            ],
                            "noticeDue": [
                                "2016-08-15"
                            ],
                            "heldDate": [
                                "2016-12-05"
                            ],
                            "abstractDue": [],
                            "finalDue": [],
                            "location": [
                                "加利福尼亚州"
                            ],
                            "category": [],
                            "ccf": [
                                "B类以下"
                            ],
                            "website": [
                                "https://www.acsac.org/2016/cfp/"
                            ],
                            "bestPaper": [],
                            "confRelated": [],
                            "journalRelated": [
                                "IEEE Computer Graphics and Applications"
                            ]
                        }
                    },
                    "Paper": {
                        "semi": {
                            "doi": [],
                            "title": [],
                            "author": [],
                            "venue": [],
                            "year": [],
                            "institution": [],
                            "abstract": [],
                            "pdf": [],
                            "blog": []
                        },
                        "download": {
                            "path": []
                        }
                    },
                    "Journal": {
                        "semi": {
                            "name": [],
                            "ISSN": [],
                            "E_ISSN": [],
                            "IF": [],
                            "h_index": [],
                            "self_citing": [],
                            "ccf": [],
                            "sci": [],
                            "website": [],
                            "submit": [],
                            "OA": [],
                            "category": [],
                            "speed": [],
                            "rate": []
                        }
                    },
                    "Author": {
                        "semi": {
                            "name": [],
                            "field": [],
                            "affiliation": [],
                            "position": [],
                            "citations": [],
                            "h_index": [],
                            "pubs": []
                        }
                    },
                    "Institution": {
                        "semi": {
                            "name": [],
                            "address": [],
                            "website": []
                        }
                    }
                },
                "dialog_act": {
                    "Conference-Inform": [
                        [
                            "acronym",
                            "ACSAC"
                        ],
                        [
                            "confRelated",
                            "MVA"
                        ]
                    ]
                },
                "span_info": [
                    [
                        "Conference-Inform",
                        "acronym",
                        "ACSAC",
                        0,
                        4
                    ],
                    [
                        "Conference-Inform",
                        "confRelated",
                        "MVA",
                        13,
                        15
                    ]
                ]
            },
            {
                "text": "你知道IEEE Internet Things J.会议上发表过哪些论文呢",
                "metadata": {},
                "dialog_act": {
                    "Paper-Inform": [
                        [
                            "venue",
                            "IEEE Internet Things J."
                        ]
                    ]
                },
                "span_info": [
                    [
                        "Paper-Inform",
                        "venue",
                        "IEEE Internet Things J.",
                        3,
                        25
                    ]
                ]
            },
            {
                "text": "满足条件的会议共有50个，你想要什么机构发表的论文呢",
                "metadata": {
                    "Conference": {
                        "semi": {
                            "acronym": [
                                "ACSAC"
                            ],
                            "year": [],
                            "fullName": [],
                            "paperDue": [],
                            "noticeDue": [],
                            "heldDate": [],
                            "abstractDue": [],
                            "finalDue": [],
                            "location": [],
                            "category": [],
                            "ccf": [],
                            "website": [],
                            "bestPaper": [],
                            "confRelated": [
                                "MVA"
                            ],
                            "journalRelated": []
                        }
                    },
                    "Paper": {
                        "semi": {
                            "doi": [],
                            "title": [],
                            "author": [],
                            "venue": [
                                "IEEE Internet Things J."
                            ],
                            "year": [],
                            "institution": [],
                            "abstract": [],
                            "pdf": [],
                            "blog": []
                        },
                        "download": {
                            "path": []
                        }
                    },
                    "Journal": {
                        "semi": {
                            "name": [],
                            "ISSN": [],
                            "E_ISSN": [],
                            "IF": [],
                            "h_index": [],
                            "self_citing": [],
                            "ccf": [],
                            "sci": [],
                            "website": [],
                            "submit": [],
                            "OA": [],
                            "category": [],
                            "speed": [],
                            "rate": []
                        }
                    },
                    "Author": {
                        "semi": {
                            "name": [],
                            "field": [],
                            "affiliation": [],
                            "position": [],
                            "citations": [],
                            "h_index": [],
                            "pubs": []
                        }
                    },
                    "Institution": {
                        "semi": {
                            "name": [],
                            "address": [],
                            "website": []
                        }
                    }
                },
                "dialog_act": {
                    "Paper-Recommend": [
                        [
                            "Choice",
                            "128"
                        ]
                    ],
                    "Paper-Reqmore": [
                        [
                            "institution",
                            "?"
                        ]
                    ]
                },
                "span_info": []
            },
            {
                "text": "属于华中科技大学同济医学院协和医院发表的论文有哪些呢",
                "metadata": {},
                "dialog_act": {
                    "Paper-Inform": [
                        [
                            "institution",
                            "华中科技大学同济医学院协和医院"
                        ]
                    ]
                },
                "span_info": [
                    [
                        "Paper-Add",
                        "institution",
                        "华中科技大学同济医学院协和医院",
                        2,
                        16
                    ]
                ]
            },
            {
                "text": "为你找到了Energy Scheduling for Networked Microgrids With Co-Generation and Energy Storage和Distributed Energy Management for Multiuser Mobile-Edge Computing Systems With Energy Harvesting Devices and QoS Constraints，它是满足条件的",
                "metadata": {
                    "Conference": {
                        "semi": {
                            "acronym": [
                                "ACSAC"
                            ],
                            "year": [],
                            "fullName": [],
                            "paperDue": [],
                            "noticeDue": [],
                            "heldDate": [],
                            "abstractDue": [],
                            "finalDue": [],
                            "location": [],
                            "category": [],
                            "ccf": [],
                            "website": [],
                            "bestPaper": [],
                            "confRelated": [
                                "MVA"
                            ],
                            "journalRelated": []
                        }
                    },
                    "Paper": {
                        "semi": {
                            "doi": [],
                            "title": [],
                            "author": [],
                            "venue": [
                                "IEEE Internet Things J."
                            ],
                            "year": [],
                            "institution": [
                                "华中科技大学同济医学院协和医院"
                            ],
                            "abstract": [],
                            "pdf": [],
                            "blog": []
                        },
                        "download": {
                            "path": []
                        }
                    },
                    "Journal": {
                        "semi": {
                            "name": [],
                            "ISSN": [],
                            "E_ISSN": [],
                            "IF": [],
                            "h_index": [],
                            "self_citing": [],
                            "ccf": [],
                            "sci": [],
                            "website": [],
                            "submit": [],
                            "OA": [],
                            "category": [],
                            "speed": [],
                            "rate": []
                        }
                    },
                    "Author": {
                        "semi": {
                            "name": [],
                            "field": [],
                            "affiliation": [],
                            "position": [],
                            "citations": [],
                            "h_index": [],
                            "pubs": []
                        }
                    },
                    "Institution": {
                        "semi": {
                            "name": [],
                            "address": [],
                            "website": []
                        }
                    }
                },
                "dialog_act": {
                    "Paper-Recommend": [
                        [
                            "Choice",
                            "2"
                        ],
                        [
                            "title",
                            "Energy Scheduling for Networked Microgrids With Co-Generation and Energy Storage"
                        ],
                        [
                            "title",
                            "Distributed Energy Management for Multiuser Mobile-Edge Computing Systems With Energy Harvesting Devices and QoS Constraints"
                        ]
                    ]
                },
                "span_info": [
                    [
                        "Paper-Recommend",
                        "title",
                        "Energy Scheduling for Networked Microgrids With Co-Generation and Energy Storage",
                        5,
                        84
                    ],
                    [
                        "Paper-Recommend",
                        "title",
                        "Distributed Energy Management for Multiuser Mobile-Edge Computing Systems With Energy Harvesting Devices and QoS Constraints",
                        86,
                        209
                    ]
                ]
            }
        ]
    }
}