{
    "MFTF_010530": {
        "goal": {
            "Conference": {
                "semi": {
                    "acronym": [
                        "FCST"
                    ],
                    "year": [
                        "2011"
                    ],
                    "fullName": [],
                    "paperDue": [],
                    "noticeDue": [],
                    "heldDate": [
                        "2011-11-16"
                    ],
                    "abstractDue": [],
                    "finalDue": [],
                    "location": [],
                    "category": [],
                    "ccf": [],
                    "website": [],
                    "bestPaper": [],
                    "confRelated": [],
                    "journalRelated": []
                }
            },
            "Paper": {
                "semi": {
                    "doi": [],
                    "title": [],
                    "author": [],
                    "venue": [
                        "Wirel. Pers. Commun."
                    ],
                    "year": [
                        "2006"
                    ],
                    "institution": [],
                    "abstract": [],
                    "pdf": [],
                    "blog": []
                },
                "download": {
                    "path": []
                }
            },
            "Journal": {
                "semi": {
                    "name": [],
                    "ISSN": [],
                    "E_ISSN": [],
                    "IF": [],
                    "h_index": [],
                    "self_citing": [],
                    "ccf": [],
                    "sci": [],
                    "website": [],
                    "submit": [],
                    "OA": [],
                    "category": [],
                    "speed": [],
                    "rate": []
                }
            },
            "Author": {
                "semi": {
                    "name": [],
                    "field": [],
                    "affiliation": [],
                    "position": [],
                    "citations": [],
                    "h_index": [],
                    "pubs": []
                }
            },
            "Institution": {
                "semi": {
                    "name": [],
                    "address": [],
                    "website": []
                }
            },
            "description": [
                "Given location,category; Recommend Conference",
                "When system confirms, give positive answer",
                "Request detail of finalDue",
                "Confirm detail of abstractDue",
                "Request detail of journalRelated",
                "Confirm detail of noticeDue",
                "Request detail of heldDate",
                "Given venue; Recommend Paper",
                "Add year; Recommend Paper"
            ]
        },
        "log": [
            {
                "text": "告诉我法国巴黎的安全会议都有哪些呢",
                "metadata": {},
                "dialog_act": {
                    "Conference-Inform": [
                        [
                            "location",
                            "法国巴黎"
                        ],
                        [
                            "category",
                            "安全"
                        ]
                    ]
                },
                "span_info": [
                    [
                        "Conference-Inform",
                        "location",
                        "法国巴黎",
                        3,
                        6
                    ],
                    [
                        "Conference-Inform",
                        "category",
                        "安全",
                        8,
                        9
                    ]
                ]
            },
            {
                "text": "满足条件的会议共有50个，你确定要输出嘛",
                "metadata": {
                    "Conference": {
                        "semi": {
                            "acronym": [],
                            "year": [],
                            "fullName": [],
                            "paperDue": [],
                            "noticeDue": [],
                            "heldDate": [],
                            "abstractDue": [],
                            "finalDue": [],
                            "location": [
                                "法国巴黎"
                            ],
                            "category": [
                                "安全"
                            ],
                            "ccf": [],
                            "website": [],
                            "bestPaper": [],
                            "confRelated": [],
                            "journalRelated": []
                        }
                    },
                    "Paper": {
                        "semi": {
                            "doi": [],
                            "title": [],
                            "author": [],
                            "venue": [],
                            "year": [],
                            "institution": [],
                            "abstract": [],
                            "pdf": [],
                            "blog": []
                        },
                        "download": {
                            "path": []
                        }
                    },
                    "Journal": {
                        "semi": {
                            "name": [],
                            "ISSN": [],
                            "E_ISSN": [],
                            "IF": [],
                            "h_index": [],
                            "self_citing": [],
                            "ccf": [],
                            "sci": [],
                            "website": [],
                            "submit": [],
                            "OA": [],
                            "category": [],
                            "speed": [],
                            "rate": []
                        }
                    },
                    "Author": {
                        "semi": {
                            "name": [],
                            "field": [],
                            "affiliation": [],
                            "position": [],
                            "citations": [],
                            "h_index": [],
                            "pubs": []
                        }
                    },
                    "Institution": {
                        "semi": {
                            "name": [],
                            "address": [],
                            "website": []
                        }
                    }
                },
                "dialog_act": {
                    "Conference-Recommend": [
                        [
                            "Choice",
                            "6"
                        ]
                    ],
                    "Conference-Confirm": [
                        [
                            null,
                            null
                        ]
                    ]
                },
                "span_info": []
            },
            {
                "text": "没错",
                "metadata": {},
                "dialog_act": {
                    "General-Positive": [
                        [
                            null,
                            null
                        ]
                    ]
                },
                "span_info": []
            },
            {
                "text": "满足条件的会议共有50个，点击展开可查看具体信息",
                "metadata": {
                    "Conference": {
                        "semi": {
                            "acronym": [],
                            "year": [],
                            "fullName": [],
                            "paperDue": [],
                            "noticeDue": [],
                            "heldDate": [],
                            "abstractDue": [],
                            "finalDue": [],
                            "location": [
                                "法国巴黎"
                            ],
                            "category": [
                                "安全"
                            ],
                            "ccf": [],
                            "website": [],
                            "bestPaper": [],
                            "confRelated": [],
                            "journalRelated": []
                        }
                    },
                    "Paper": {
                        "semi": {
                            "doi": [],
                            "title": [],
                            "author": [],
                            "venue": [],
                            "year": [],
                            "institution": [],
                            "abstract": [],
                            "pdf": [],
                            "blog": []
                        },
                        "download": {
                            "path": []
                        }
                    },
                    "Journal": {
                        "semi": {
                            "name": [],
                            "ISSN": [],
                            "E_ISSN": [],
                            "IF": [],
                            "h_index": [],
                            "self_citing": [],
                            "ccf": [],
                            "sci": [],
                            "website": [],
                            "submit": [],
                            "OA": [],
                            "category": [],
                            "speed": [],
                            "rate": []
                        }
                    },
                    "Author": {
                        "semi": {
                            "name": [],
                            "field": [],
                            "affiliation": [],
                            "position": [],
                            "citations": [],
                            "h_index": [],
                            "pubs": []
                        }
                    },
                    "Institution": {
                        "semi": {
                            "name": [],
                            "address": [],
                            "website": []
                        }
                    }
                },
                "dialog_act": {
                    "Conference-Recommend": [
                        [
                            "Choice",
                            "6"
                        ],
                        [
                            "acronym",
                            "FCST"
                        ],
                        [
                            "acronym",
                            "ICCT"
                        ],
                        [
                            "acronym",
                            "ICETE"
                        ]
                    ]
                },
                "span_info": [
                    [
                        "Conference-Recommend",
                        "acronym",
                        "FCST",
                        -1,
                        2
                    ],
                    [
                        "Conference-Recommend",
                        "acronym",
                        "ICCT",
                        -1,
                        2
                    ],
                    [
                        "Conference-Recommend",
                        "acronym",
                        "ICETE",
                        -1,
                        3
                    ]
                ]
            },
            {
                "text": "咨询一下FCST2011的截止提交最终版论文日期是什么呢",
                "metadata": {},
                "dialog_act": {
                    "Conference-Inform": [
                        [
                            "acronym",
                            "FCST"
                        ],
                        [
                            "year",
                            "2011"
                        ]
                    ],
                    "Conference-Request": [
                        [
                            "finalDue",
                            "?"
                        ]
                    ]
                },
                "span_info": [
                    [
                        "Conference-Inform",
                        "acronym",
                        "FCST",
                        4,
                        7
                    ],
                    [
                        "Conference-Inform",
                        "year",
                        "2011",
                        8,
                        11
                    ]
                ]
            },
            {
                "text": "FCST2011的最终版截稿时间是2011-09-30",
                "metadata": {
                    "Conference": {
                        "semi": {
                            "acronym": [
                                "FCST"
                            ],
                            "year": [
                                "2011"
                            ],
                            "fullName": [],
                            "paperDue": [],
                            "noticeDue": [],
                            "heldDate": [],
                            "abstractDue": [],
                            "finalDue": [],
                            "location": [
                                "法国巴黎"
                            ],
                            "category": [
                                "安全"
                            ],
                            "ccf": [],
                            "website": [],
                            "bestPaper": [],
                            "confRelated": [],
                            "journalRelated": []
                        }
                    },
                    "Paper": {
                        "semi": {
                            "doi": [],
                            "title": [],
                            "author": [],
                            "venue": [],
                            "year": [],
                            "institution": [],
                            "abstract": [],
                            "pdf": [],
                            "blog": []
                        },
                        "download": {
                            "path": []
                        }
                    },
                    "Journal": {
                        "semi": {
                            "name": [],
                            "ISSN": [],
                            "E_ISSN": [],
                            "IF": [],
                            "h_index": [],
                            "self_citing": [],
                            "ccf": [],
                            "sci": [],
                            "website": [],
                            "submit": [],
                            "OA": [],
                            "category": [],
                            "speed": [],
                            "rate": []
                        }
                    },
                    "Author": {
                        "semi": {
                            "name": [],
                            "field": [],
                            "affiliation": [],
                            "position": [],
                            "citations": [],
                            "h_index": [],
                            "pubs": []
                        }
                    },
                    "Institution": {
                        "semi": {
                            "name": [],
                            "address": [],
                            "website": []
                        }
                    }
                },
                "dialog_act": {
                    "Conference-Inform": [
                        [
                            "acronym",
                            "FCST"
                        ],
                        [
                            "year",
                            "2011"
                        ],
                        [
                            "finalDue",
                            "2011-09-30"
                        ]
                    ]
                },
                "span_info": [
                    [
                        "Conference-Inform",
                        "acronym",
                        "FCST",
                        0,
                        3
                    ],
                    [
                        "Conference-Inform",
                        "year",
                        "2011",
                        4,
                        7
                    ],
                    [
                        "Conference-Inform",
                        "finalDue",
                        "2011-09-30",
                        17,
                        26
                    ]
                ]
            },
            {
                "text": "请问FCST2011是不是2015-09-10截止提交摘要呢",
                "metadata": {},
                "dialog_act": {
                    "Conference-Inform": [
                        [
                            "acronym",
                            "FCST"
                        ],
                        [
                            "year",
                            "2011"
                        ]
                    ],
                    "Conference-Confirm": [
                        [
                            "abstractDue",
                            "2015-09-10"
                        ]
                    ]
                },
                "span_info": [
                    [
                        "Conference-Inform",
                        "acronym",
                        "FCST",
                        2,
                        5
                    ],
                    [
                        "Conference-Inform",
                        "year",
                        "2011",
                        6,
                        9
                    ],
                    [
                        "Conference-Confirm",
                        "abstractDue",
                        "2015-09-10",
                        13,
                        22
                    ]
                ]
            },
            {
                "text": "是的",
                "metadata": {
                    "Conference": {
                        "semi": {
                            "acronym": [
                                "FCST"
                            ],
                            "year": [
                                "2011"
                            ],
                            "fullName": [],
                            "paperDue": [],
                            "noticeDue": [],
                            "heldDate": [],
                            "abstractDue": [
                                "2015-09-10"
                            ],
                            "finalDue": [
                                "2011-09-30"
                            ],
                            "location": [
                                "法国巴黎"
                            ],
                            "category": [
                                "安全"
                            ],
                            "ccf": [],
                            "website": [],
                            "bestPaper": [],
                            "confRelated": [],
                            "journalRelated": []
                        }
                    },
                    "Paper": {
                        "semi": {
                            "doi": [],
                            "title": [],
                            "author": [],
                            "venue": [],
                            "year": [],
                            "institution": [],
                            "abstract": [],
                            "pdf": [],
                            "blog": []
                        },
                        "download": {
                            "path": []
                        }
                    },
                    "Journal": {
                        "semi": {
                            "name": [],
                            "ISSN": [],
                            "E_ISSN": [],
                            "IF": [],
                            "h_index": [],
                            "self_citing": [],
                            "ccf": [],
                            "sci": [],
                            "website": [],
                            "submit": [],
                            "OA": [],
                            "category": [],
                            "speed": [],
                            "rate": []
                        }
                    },
                    "Author": {
                        "semi": {
                            "name": [],
                            "field": [],
                            "affiliation": [],
                            "position": [],
                            "citations": [],
                            "h_index": [],
                            "pubs": []
                        }
                    },
                    "Institution": {
                        "semi": {
                            "name": [],
                            "address": [],
                            "website": []
                        }
                    }
                },
                "dialog_act": {
                    "General-Positive": [
                        [
                            null,
                            null
                        ]
                    ]
                },
                "span_info": []
            },
            {
                "text": "介绍一下FCST有哪些相关期刊呢",
                "metadata": {},
                "dialog_act": {
                    "Conference-Inform": [
                        [
                            "acronym",
                            "FCST"
                        ]
                    ],
                    "Conference-Request": [
                        [
                            "journalRelated",
                            "?"
                        ]
                    ]
                },
                "span_info": [
                    [
                        "Conference-Inform",
                        "acronym",
                        "FCST",
                        4,
                        7
                    ]
                ]
            },
            {
                "text": "FCST会议的相关期刊有Networks",
                "metadata": {
                    "Conference": {
                        "semi": {
                            "acronym": [
                                "FCST"
                            ],
                            "year": [
                                "2011"
                            ],
                            "fullName": [],
                            "paperDue": [],
                            "noticeDue": [],
                            "heldDate": [],
                            "abstractDue": [
                                "2015-09-10"
                            ],
                            "finalDue": [
                                "2011-09-30"
                            ],
                            "location": [
                                "法国巴黎"
                            ],
                            "category": [
                                "安全"
                            ],
                            "ccf": [],
                            "website": [],
                            "bestPaper": [],
                            "confRelated": [],
                            "journalRelated": []
                        }
                    },
                    "Paper": {
                        "semi": {
                            "doi": [],
                            "title": [],
                            "author": [],
                            "venue": [],
                            "year": [],
                            "institution": [],
                            "abstract": [],
                            "pdf": [],
                            "blog": []
                        },
                        "download": {
                            "path": []
                        }
                    },
                    "Journal": {
                        "semi": {
                            "name": [],
                            "ISSN": [],
                            "E_ISSN": [],
                            "IF": [],
                            "h_index": [],
                            "self_citing": [],
                            "ccf": [],
                            "sci": [],
                            "website": [],
                            "submit": [],
                            "OA": [],
                            "category": [],
                            "speed": [],
                            "rate": []
                        }
                    },
                    "Author": {
                        "semi": {
                            "name": [],
                            "field": [],
                            "affiliation": [],
                            "position": [],
                            "citations": [],
                            "h_index": [],
                            "pubs": []
                        }
                    },
                    "Institution": {
                        "semi": {
                            "name": [],
                            "address": [],
                            "website": []
                        }
                    }
                },
                "dialog_act": {
                    "Conference-Inform": [
                        [
                            "acronym",
                            "FCST"
                        ],
                        [
                            "journalRelated",
                            "Networks"
                        ]
                    ]
                },
                "span_info": [
                    [
                        "Conference-Inform",
                        "acronym",
                        "FCST",
                        0,
                        3
                    ],
                    [
                        "Conference-Inform",
                        "journalRelated",
                        "Networks",
                        12,
                        19
                    ]
                ]
            },
            {
                "text": "FCST2011该不会马上要通知了吧",
                "metadata": {},
                "dialog_act": {
                    "Conference-Inform": [
                        [
                            "acronym",
                            "FCST"
                        ],
                        [
                            "year",
                            "2011"
                        ]
                    ],
                    "Conference-Confirm": [
                        [
                            "noticeDue",
                            "0008-05-23"
                        ]
                    ]
                },
                "span_info": [
                    [
                        "Conference-Inform",
                        "acronym",
                        "FCST",
                        0,
                        3
                    ],
                    [
                        "Conference-Inform",
                        "year",
                        "2011",
                        4,
                        7
                    ],
                    [
                        "Conference-Confirm",
                        "noticeDue",
                        "0008-05-23",
                        -1,
                        8
                    ]
                ]
            },
            {
                "text": "是的",
                "metadata": {
                    "Conference": {
                        "semi": {
                            "acronym": [
                                "FCST"
                            ],
                            "year": [
                                "2011"
                            ],
                            "fullName": [],
                            "paperDue": [],
                            "noticeDue": [
                                "0008-05-23"
                            ],
                            "heldDate": [],
                            "abstractDue": [
                                "2015-09-10"
                            ],
                            "finalDue": [
                                "2011-09-30"
                            ],
                            "location": [
                                "法国巴黎"
                            ],
                            "category": [
                                "安全"
                            ],
                            "ccf": [],
                            "website": [],
                            "bestPaper": [],
                            "confRelated": [],
                            "journalRelated": [
                                "Networks"
                            ]
                        }
                    },
                    "Paper": {
                        "semi": {
                            "doi": [],
                            "title": [],
                            "author": [],
                            "venue": [],
                            "year": [],
                            "institution": [],
                            "abstract": [],
                            "pdf": [],
                            "blog": []
                        },
                        "download": {
                            "path": []
                        }
                    },
                    "Journal": {
                        "semi": {
                            "name": [],
                            "ISSN": [],
                            "E_ISSN": [],
                            "IF": [],
                            "h_index": [],
                            "self_citing": [],
                            "ccf": [],
                            "sci": [],
                            "website": [],
                            "submit": [],
                            "OA": [],
                            "category": [],
                            "speed": [],
                            "rate": []
                        }
                    },
                    "Author": {
                        "semi": {
                            "name": [],
                            "field": [],
                            "affiliation": [],
                            "position": [],
                            "citations": [],
                            "h_index": [],
                            "pubs": []
                        }
                    },
                    "Institution": {
                        "semi": {
                            "name": [],
                            "address": [],
                            "website": []
                        }
                    }
                },
                "dialog_act": {
                    "General-Positive": [
                        [
                            null,
                            null
                        ]
                    ]
                },
                "span_info": []
            },
            {
                "text": "FCST 2011什么时候举办呢",
                "metadata": {},
                "dialog_act": {
                    "Conference-Inform": [
                        [
                            "acronym",
                            "FCST"
                        ],
                        [
                            "year",
                            "2011"
                        ]
                    ],
                    "Conference-Request": [
                        [
                            "heldDate",
                            "?"
                        ]
                    ]
                },
                "span_info": [
                    [
                        "Conference-Inform",
                        "acronym",
                        "FCST",
                        0,
                        3
                    ],
                    [
                        "Conference-Inform",
                        "year",
                        "2011",
                        5,
                        8
                    ]
                ]
            },
            {
                "text": "FCST2011的举行时间是2011-11-16",
                "metadata": {
                    "Conference": {
                        "semi": {
                            "acronym": [
                                "FCST"
                            ],
                            "year": [
                                "2011"
                            ],
                            "fullName": [],
                            "paperDue": [],
                            "noticeDue": [
                                "0008-05-23"
                            ],
                            "heldDate": [],
                            "abstractDue": [
                                "2015-09-10"
                            ],
                            "finalDue": [
                                "2011-09-30"
                            ],
                            "location": [
                                "法国巴黎"
                            ],
                            "category": [
                                "安全"
                            ],
                            "ccf": [],
                            "website": [],
                            "bestPaper": [],
                            "confRelated": [],
                            "journalRelated": [
                                "Networks"
                            ]
                        }
                    },
                    "Paper": {
                        "semi": {
                            "doi": [],
                            "title": [],
                            "author": [],
                            "venue": [],
                            "year": [],
                            "institution": [],
                            "abstract": [],
                            "pdf": [],
                            "blog": []
                        },
                        "download": {
                            "path": []
                        }
                    },
                    "Journal": {
                        "semi": {
                            "name": [],
                            "ISSN": [],
                            "E_ISSN": [],
                            "IF": [],
                            "h_index": [],
                            "self_citing": [],
                            "ccf": [],
                            "sci": [],
                            "website": [],
                            "submit": [],
                            "OA": [],
                            "category": [],
                            "speed": [],
                            "rate": []
                        }
                    },
                    "Author": {
                        "semi": {
                            "name": [],
                            "field": [],
                            "affiliation": [],
                            "position": [],
                            "citations": [],
                            "h_index": [],
                            "pubs": []
                        }
                    },
                    "Institution": {
                        "semi": {
                            "name": [],
                            "address": [],
                            "website": []
                        }
                    }
                },
                "dialog_act": {
                    "Conference-Inform": [
                        [
                            "acronym",
                            "FCST"
                        ],
                        [
                            "year",
                            "2011"
                        ],
                        [
                            "heldDate",
                            "2011-11-16"
                        ]
                    ]
                },
                "span_info": [
                    [
                        "Conference-Inform",
                        "acronym",
                        "FCST",
                        0,
                        3
                    ],
                    [
                        "Conference-Inform",
                        "year",
                        "2011",
                        4,
                        7
                    ],
                    [
                        "Conference-Inform",
                        "heldDate",
                        "2011-11-16",
                        14,
                        23
                    ]
                ]
            },
            {
                "text": "告诉我Wirel. Pers. Commun.会议上发表过哪些论文呢",
                "metadata": {},
                "dialog_act": {
                    "Paper-Inform": [
                        [
                            "venue",
                            "Wirel. Pers. Commun."
                        ]
                    ]
                },
                "span_info": [
                    [
                        "Paper-Inform",
                        "venue",
                        "Wirel. Pers. Commun.",
                        3,
                        22
                    ]
                ]
            },
            {
                "text": "满足条件的论文共有50篇，您还有什么其他的要求嘛",
                "metadata": {
                    "Conference": {
                        "semi": {
                            "acronym": [
                                "FCST"
                            ],
                            "year": [
                                "2011"
                            ],
                            "fullName": [],
                            "paperDue": [],
                            "noticeDue": [],
                            "heldDate": [
                                "2011-11-16"
                            ],
                            "abstractDue": [],
                            "finalDue": [],
                            "location": [],
                            "category": [],
                            "ccf": [],
                            "website": [],
                            "bestPaper": [],
                            "confRelated": [],
                            "journalRelated": []
                        }
                    },
                    "Paper": {
                        "semi": {
                            "doi": [],
                            "title": [],
                            "author": [],
                            "venue": [
                                "Wirel. Pers. Commun."
                            ],
                            "year": [],
                            "institution": [],
                            "abstract": [],
                            "pdf": [],
                            "blog": []
                        },
                        "download": {
                            "path": []
                        }
                    },
                    "Journal": {
                        "semi": {
                            "name": [],
                            "ISSN": [],
                            "E_ISSN": [],
                            "IF": [],
                            "h_index": [],
                            "self_citing": [],
                            "ccf": [],
                            "sci": [],
                            "website": [],
                            "submit": [],
                            "OA": [],
                            "category": [],
                            "speed": [],
                            "rate": []
                        }
                    },
                    "Author": {
                        "semi": {
                            "name": [],
                            "field": [],
                            "affiliation": [],
                            "position": [],
                            "citations": [],
                            "h_index": [],
                            "pubs": []
                        }
                    },
                    "Institution": {
                        "semi": {
                            "name": [],
                            "address": [],
                            "website": []
                        }
                    }
                },
                "dialog_act": {
                    "Paper-Recommend": [
                        [
                            "Choice",
                            "113"
                        ]
                    ],
                    "Paper-Reqmore": [
                        [
                            "?",
                            "?"
                        ]
                    ]
                },
                "span_info": []
            },
            {
                "text": "请问2006发表的论文有哪些呢",
                "metadata": {},
                "dialog_act": {
                    "Paper-Inform": [
                        [
                            "year",
                            "2006"
                        ]
                    ]
                },
                "span_info": [
                    [
                        "Paper-Add",
                        "year",
                        "2006",
                        2,
                        5
                    ]
                ]
            },
            {
                "text": "满足条件的论文共有1篇，它就是Capacity and Error Probability for Maximal Ratio Combining Reception over Correlated Nakagami Fading Channels",
                "metadata": {
                    "Conference": {
                        "semi": {
                            "acronym": [
                                "FCST"
                            ],
                            "year": [
                                "2011"
                            ],
                            "fullName": [],
                            "paperDue": [],
                            "noticeDue": [],
                            "heldDate": [
                                "2011-11-16"
                            ],
                            "abstractDue": [],
                            "finalDue": [],
                            "location": [],
                            "category": [],
                            "ccf": [],
                            "website": [],
                            "bestPaper": [],
                            "confRelated": [],
                            "journalRelated": []
                        }
                    },
                    "Paper": {
                        "semi": {
                            "doi": [],
                            "title": [],
                            "author": [],
                            "venue": [
                                "Wirel. Pers. Commun."
                            ],
                            "year": [
                                "2006"
                            ],
                            "institution": [],
                            "abstract": [],
                            "pdf": [],
                            "blog": []
                        },
                        "download": {
                            "path": []
                        }
                    },
                    "Journal": {
                        "semi": {
                            "name": [],
                            "ISSN": [],
                            "E_ISSN": [],
                            "IF": [],
                            "h_index": [],
                            "self_citing": [],
                            "ccf": [],
                            "sci": [],
                            "website": [],
                            "submit": [],
                            "OA": [],
                            "category": [],
                            "speed": [],
                            "rate": []
                        }
                    },
                    "Author": {
                        "semi": {
                            "name": [],
                            "field": [],
                            "affiliation": [],
                            "position": [],
                            "citations": [],
                            "h_index": [],
                            "pubs": []
                        }
                    },
                    "Institution": {
                        "semi": {
                            "name": [],
                            "address": [],
                            "website": []
                        }
                    }
                },
                "dialog_act": {
                    "Paper-Recommend": [
                        [
                            "Choice",
                            "1"
                        ],
                        [
                            "title",
                            "Capacity and Error Probability for Maximal Ratio Combining Reception over Correlated Nakagami Fading Channels"
                        ]
                    ]
                },
                "span_info": [
                    [
                        "Paper-Recommend",
                        "title",
                        "Capacity and Error Probability for Maximal Ratio Combining Reception over Correlated Nakagami Fading Channels",
                        15,
                        123
                    ]
                ]
            }
        ]
    }
}