{
    "MFTF_017268": {
        "goal": {
            "Conference": {
                "semi": {
                    "acronym": [],
                    "year": [],
                    "fullName": [],
                    "paperDue": [],
                    "noticeDue": [],
                    "heldDate": [],
                    "abstractDue": [],
                    "finalDue": [],
                    "location": [],
                    "category": [],
                    "ccf": [],
                    "website": [],
                    "bestPaper": [],
                    "confRelated": [],
                    "journalRelated": []
                }
            },
            "Paper": {
                "semi": {
                    "doi": [],
                    "title": [],
                    "author": [
                        "李航"
                    ],
                    "venue": [
                        "Appl. Math. Comput."
                    ],
                    "year": [
                        "2002年"
                    ],
                    "institution": [],
                    "abstract": [],
                    "pdf": [],
                    "blog": []
                },
                "download": {
                    "path": []
                }
            },
            "Journal": {
                "semi": {
                    "name": [],
                    "ISSN": [],
                    "E_ISSN": [],
                    "IF": [],
                    "h_index": [],
                    "self_citing": [],
                    "ccf": [],
                    "sci": [],
                    "website": [],
                    "submit": [],
                    "OA": [],
                    "category": [],
                    "speed": [],
                    "rate": []
                }
            },
            "Author": {
                "semi": {
                    "name": [],
                    "field": [],
                    "affiliation": [],
                    "position": [],
                    "citations": [],
                    "h_index": [],
                    "pubs": []
                }
            },
            "Institution": {
                "semi": {
                    "name": [],
                    "address": [],
                    "website": []
                }
            },
            "description": [
                "Given paperDue,ccf; Recommend Conference",
                "Update paperDue; Recommend Conference",
                "When choice=0 and system confirms, give positive answer then update a constraint to continue searching",
                "Add category; Recommend Conference",
                "Given venue; Recommend Paper",
                "Add year; Recommend Paper",
                "When choice=0 and system confirms, give positive answer then inform again",
                "Add author; Recommend Paper",
                "Add venue; Recommend Paper",
                "When choice=0 and system confirms, give positive answer then inform again",
                "Add author; Recommend Paper",
                "When system confirms, give positive answer"
            ]
        },
        "log": [
            {
                "text": "从12月3日到18日有哪些ccf-a会议要截稿呢",
                "metadata": {},
                "dialog_act": {
                    "Conference-Inform": [
                        [
                            "paperDue",
                            "从12月3日到18日"
                        ],
                        [
                            "ccf",
                            "ccf-a"
                        ]
                    ]
                },
                "span_info": [
                    [
                        "Conference-Inform",
                        "paperDue",
                        "从12月3日到18日",
                        0,
                        9
                    ],
                    [
                        "Conference-Inform",
                        "ccf",
                        "ccf-a",
                        13,
                        17
                    ]
                ]
            },
            {
                "text": "找到0个相关的会议唉，你要不问问12月5号到16号截稿的会议",
                "metadata": {
                    "Conference": {
                        "semi": {
                            "acronym": [],
                            "year": [],
                            "fullName": [],
                            "paperDue": [
                                "从12月3日到18日"
                            ],
                            "noticeDue": [],
                            "heldDate": [],
                            "abstractDue": [],
                            "finalDue": [],
                            "location": [],
                            "category": [],
                            "ccf": [
                                "ccf-a"
                            ],
                            "website": [],
                            "bestPaper": [],
                            "confRelated": [],
                            "journalRelated": []
                        }
                    },
                    "Paper": {
                        "semi": {
                            "doi": [],
                            "title": [],
                            "author": [],
                            "venue": [],
                            "year": [],
                            "institution": [],
                            "abstract": [],
                            "pdf": [],
                            "blog": []
                        },
                        "download": {
                            "path": []
                        }
                    },
                    "Journal": {
                        "semi": {
                            "name": [],
                            "ISSN": [],
                            "E_ISSN": [],
                            "IF": [],
                            "h_index": [],
                            "self_citing": [],
                            "ccf": [],
                            "sci": [],
                            "website": [],
                            "submit": [],
                            "OA": [],
                            "category": [],
                            "speed": [],
                            "rate": []
                        }
                    },
                    "Author": {
                        "semi": {
                            "name": [],
                            "field": [],
                            "affiliation": [],
                            "position": [],
                            "citations": [],
                            "h_index": [],
                            "pubs": []
                        }
                    },
                    "Institution": {
                        "semi": {
                            "name": [],
                            "address": [],
                            "website": []
                        }
                    }
                },
                "dialog_act": {
                    "Conference-Recommend": [
                        [
                            "Choice",
                            "0"
                        ],
                        [
                            "paperDue",
                            "12月5号到16号"
                        ]
                    ]
                },
                "span_info": [
                    [
                        "Conference-Recommend",
                        "paperDue",
                        "12月5号到16号",
                        16,
                        24
                    ]
                ]
            },
            {
                "text": "那12月5号到16号截稿的呢",
                "metadata": {},
                "dialog_act": {
                    "Conference-Inform": [
                        [
                            "paperDue",
                            "12月5号到16号"
                        ]
                    ]
                },
                "span_info": [
                    [
                        "Conference-Update",
                        "paperDue",
                        "12月5号到16号",
                        1,
                        9
                    ]
                ]
            },
            {
                "text": "没有符合条件的会议，你确定会议截稿时间是12月5号到16号嘛",
                "metadata": {
                    "Conference": {
                        "semi": {
                            "acronym": [],
                            "year": [],
                            "fullName": [],
                            "paperDue": [
                                "12月5号到16号"
                            ],
                            "noticeDue": [],
                            "heldDate": [],
                            "abstractDue": [],
                            "finalDue": [],
                            "location": [],
                            "category": [],
                            "ccf": [
                                "ccf-a"
                            ],
                            "website": [],
                            "bestPaper": [],
                            "confRelated": [],
                            "journalRelated": []
                        }
                    },
                    "Paper": {
                        "semi": {
                            "doi": [],
                            "title": [],
                            "author": [],
                            "venue": [],
                            "year": [],
                            "institution": [],
                            "abstract": [],
                            "pdf": [],
                            "blog": []
                        },
                        "download": {
                            "path": []
                        }
                    },
                    "Journal": {
                        "semi": {
                            "name": [],
                            "ISSN": [],
                            "E_ISSN": [],
                            "IF": [],
                            "h_index": [],
                            "self_citing": [],
                            "ccf": [],
                            "sci": [],
                            "website": [],
                            "submit": [],
                            "OA": [],
                            "category": [],
                            "speed": [],
                            "rate": []
                        }
                    },
                    "Author": {
                        "semi": {
                            "name": [],
                            "field": [],
                            "affiliation": [],
                            "position": [],
                            "citations": [],
                            "h_index": [],
                            "pubs": []
                        }
                    },
                    "Institution": {
                        "semi": {
                            "name": [],
                            "address": [],
                            "website": []
                        }
                    }
                },
                "dialog_act": {
                    "Conference-Recommend": [
                        [
                            "Choice",
                            "0"
                        ]
                    ],
                    "Conference-Confirm": [
                        [
                            "paperDue",
                            "12月5号到16号"
                        ]
                    ]
                },
                "span_info": [
                    [
                        "Conference-Confirm",
                        "paperDue",
                        "12月5号到16号",
                        20,
                        28
                    ]
                ]
            },
            {
                "text": "没错，帮我找一下这个问题的答案吧，你知道有从11月8日到12月11日截稿的",
                "metadata": {},
                "dialog_act": {
                    "Conference-Inform": [
                        [
                            "paperDue",
                            "从11月8日到12月11日"
                        ]
                    ],
                    "General-Positive": [
                        [
                            null,
                            null
                        ]
                    ]
                },
                "span_info": [
                    [
                        "Conference-Update",
                        "paperDue",
                        "从11月8日到12月11日",
                        21,
                        33
                    ]
                ]
            },
            {
                "text": "满足条件的会议共有50个，你想要什么领域的会议呢",
                "metadata": {
                    "Conference": {
                        "semi": {
                            "acronym": [],
                            "year": [],
                            "fullName": [],
                            "paperDue": [
                                "从11月8日到12月11日"
                            ],
                            "noticeDue": [],
                            "heldDate": [],
                            "abstractDue": [],
                            "finalDue": [],
                            "location": [],
                            "category": [],
                            "ccf": [
                                "ccf-a"
                            ],
                            "website": [],
                            "bestPaper": [],
                            "confRelated": [],
                            "journalRelated": []
                        }
                    },
                    "Paper": {
                        "semi": {
                            "doi": [],
                            "title": [],
                            "author": [],
                            "venue": [],
                            "year": [],
                            "institution": [],
                            "abstract": [],
                            "pdf": [],
                            "blog": []
                        },
                        "download": {
                            "path": []
                        }
                    },
                    "Journal": {
                        "semi": {
                            "name": [],
                            "ISSN": [],
                            "E_ISSN": [],
                            "IF": [],
                            "h_index": [],
                            "self_citing": [],
                            "ccf": [],
                            "sci": [],
                            "website": [],
                            "submit": [],
                            "OA": [],
                            "category": [],
                            "speed": [],
                            "rate": []
                        }
                    },
                    "Author": {
                        "semi": {
                            "name": [],
                            "field": [],
                            "affiliation": [],
                            "position": [],
                            "citations": [],
                            "h_index": [],
                            "pubs": []
                        }
                    },
                    "Institution": {
                        "semi": {
                            "name": [],
                            "address": [],
                            "website": []
                        }
                    }
                },
                "dialog_act": {
                    "Conference-Recommend": [
                        [
                            "Choice",
                            "6"
                        ]
                    ],
                    "Conference-Reqmore": [
                        [
                            "category",
                            "?"
                        ]
                    ]
                },
                "span_info": []
            },
            {
                "text": "那属于机器学习领域的有哪些呢",
                "metadata": {},
                "dialog_act": {
                    "Conference-Inform": [
                        [
                            "category",
                            "机器学习"
                        ]
                    ]
                },
                "span_info": [
                    [
                        "Conference-Add",
                        "category",
                        "机器学习",
                        3,
                        6
                    ]
                ]
            },
            {
                "text": "为你找到了CVPR会议，它是满足条件的",
                "metadata": {
                    "Conference": {
                        "semi": {
                            "acronym": [],
                            "year": [],
                            "fullName": [],
                            "paperDue": [
                                "从11月8日到12月11日"
                            ],
                            "noticeDue": [],
                            "heldDate": [],
                            "abstractDue": [],
                            "finalDue": [],
                            "location": [],
                            "category": [
                                "机器学习"
                            ],
                            "ccf": [
                                "ccf-a"
                            ],
                            "website": [],
                            "bestPaper": [],
                            "confRelated": [],
                            "journalRelated": []
                        }
                    },
                    "Paper": {
                        "semi": {
                            "doi": [],
                            "title": [],
                            "author": [],
                            "venue": [],
                            "year": [],
                            "institution": [],
                            "abstract": [],
                            "pdf": [],
                            "blog": []
                        },
                        "download": {
                            "path": []
                        }
                    },
                    "Journal": {
                        "semi": {
                            "name": [],
                            "ISSN": [],
                            "E_ISSN": [],
                            "IF": [],
                            "h_index": [],
                            "self_citing": [],
                            "ccf": [],
                            "sci": [],
                            "website": [],
                            "submit": [],
                            "OA": [],
                            "category": [],
                            "speed": [],
                            "rate": []
                        }
                    },
                    "Author": {
                        "semi": {
                            "name": [],
                            "field": [],
                            "affiliation": [],
                            "position": [],
                            "citations": [],
                            "h_index": [],
                            "pubs": []
                        }
                    },
                    "Institution": {
                        "semi": {
                            "name": [],
                            "address": [],
                            "website": []
                        }
                    }
                },
                "dialog_act": {
                    "Conference-Recommend": [
                        [
                            "Choice",
                            "1"
                        ],
                        [
                            "acronym",
                            "CVPR"
                        ]
                    ]
                },
                "span_info": [
                    [
                        "Conference-Recommend",
                        "acronym",
                        "CVPR",
                        5,
                        8
                    ]
                ]
            },
            {
                "text": "你知道IECON会议上发表过哪些论文呢",
                "metadata": {},
                "dialog_act": {
                    "Paper-Inform": [
                        [
                            "venue",
                            "IECON"
                        ]
                    ]
                },
                "span_info": [
                    [
                        "Paper-Inform",
                        "venue",
                        "IECON",
                        3,
                        7
                    ]
                ]
            },
            {
                "text": "共找到50篇符合条件的论文，您还有什么其他的要求嘛",
                "metadata": {
                    "Conference": {
                        "semi": {
                            "acronym": [
                                "CVPR"
                            ],
                            "year": [],
                            "fullName": [],
                            "paperDue": [],
                            "noticeDue": [],
                            "heldDate": [],
                            "abstractDue": [],
                            "finalDue": [],
                            "location": [],
                            "category": [],
                            "ccf": [],
                            "website": [],
                            "bestPaper": [],
                            "confRelated": [],
                            "journalRelated": []
                        }
                    },
                    "Paper": {
                        "semi": {
                            "doi": [],
                            "title": [],
                            "author": [],
                            "venue": [
                                "IECON"
                            ],
                            "year": [],
                            "institution": [],
                            "abstract": [],
                            "pdf": [],
                            "blog": []
                        },
                        "download": {
                            "path": []
                        }
                    },
                    "Journal": {
                        "semi": {
                            "name": [],
                            "ISSN": [],
                            "E_ISSN": [],
                            "IF": [],
                            "h_index": [],
                            "self_citing": [],
                            "ccf": [],
                            "sci": [],
                            "website": [],
                            "submit": [],
                            "OA": [],
                            "category": [],
                            "speed": [],
                            "rate": []
                        }
                    },
                    "Author": {
                        "semi": {
                            "name": [],
                            "field": [],
                            "affiliation": [],
                            "position": [],
                            "citations": [],
                            "h_index": [],
                            "pubs": []
                        }
                    },
                    "Institution": {
                        "semi": {
                            "name": [],
                            "address": [],
                            "website": []
                        }
                    }
                },
                "dialog_act": {
                    "Paper-Recommend": [
                        [
                            "Choice",
                            "159"
                        ]
                    ],
                    "Paper-Reqmore": [
                        [
                            "?",
                            "?"
                        ]
                    ]
                },
                "span_info": []
            },
            {
                "text": "告诉我2005年发表的论文有哪些呢",
                "metadata": {},
                "dialog_act": {
                    "Paper-Inform": [
                        [
                            "year",
                            "2005年"
                        ]
                    ]
                },
                "span_info": [
                    [
                        "Paper-Add",
                        "year",
                        "2005年",
                        3,
                        7
                    ]
                ]
            },
            {
                "text": "符合条件的会议有0个，你确定找的是2005年发表的论文嘛",
                "metadata": {
                    "Conference": {
                        "semi": {
                            "acronym": [
                                "CVPR"
                            ],
                            "year": [],
                            "fullName": [],
                            "paperDue": [],
                            "noticeDue": [],
                            "heldDate": [],
                            "abstractDue": [],
                            "finalDue": [],
                            "location": [],
                            "category": [],
                            "ccf": [],
                            "website": [],
                            "bestPaper": [],
                            "confRelated": [],
                            "journalRelated": []
                        }
                    },
                    "Paper": {
                        "semi": {
                            "doi": [],
                            "title": [],
                            "author": [],
                            "venue": [
                                "IECON"
                            ],
                            "year": [
                                "2005年"
                            ],
                            "institution": [],
                            "abstract": [],
                            "pdf": [],
                            "blog": []
                        },
                        "download": {
                            "path": []
                        }
                    },
                    "Journal": {
                        "semi": {
                            "name": [],
                            "ISSN": [],
                            "E_ISSN": [],
                            "IF": [],
                            "h_index": [],
                            "self_citing": [],
                            "ccf": [],
                            "sci": [],
                            "website": [],
                            "submit": [],
                            "OA": [],
                            "category": [],
                            "speed": [],
                            "rate": []
                        }
                    },
                    "Author": {
                        "semi": {
                            "name": [],
                            "field": [],
                            "affiliation": [],
                            "position": [],
                            "citations": [],
                            "h_index": [],
                            "pubs": []
                        }
                    },
                    "Institution": {
                        "semi": {
                            "name": [],
                            "address": [],
                            "website": []
                        }
                    }
                },
                "dialog_act": {
                    "Paper-Recommend": [
                        [
                            "Choice",
                            "0"
                        ]
                    ],
                    "Paper-Confirm": [
                        [
                            "year",
                            "2005年"
                        ]
                    ]
                },
                "span_info": [
                    [
                        "Paper-Confirm",
                        "year",
                        "2005年",
                        17,
                        21
                    ]
                ]
            },
            {
                "text": "没错，就是这个问题，告诉我2002年论文有哪些呢",
                "metadata": {},
                "dialog_act": {
                    "Paper-Inform": [
                        [
                            "year",
                            "2002年"
                        ]
                    ],
                    "General-Positive": [
                        [
                            null,
                            null
                        ]
                    ]
                },
                "span_info": [
                    [
                        "Paper-Inform",
                        "year",
                        "2002年",
                        13,
                        17
                    ]
                ]
            },
            {
                "text": "满足条件的论文共有50篇，您还有什么其他的要求嘛",
                "metadata": {
                    "Conference": {
                        "semi": {
                            "acronym": [],
                            "year": [],
                            "fullName": [],
                            "paperDue": [],
                            "noticeDue": [],
                            "heldDate": [],
                            "abstractDue": [],
                            "finalDue": [],
                            "location": [],
                            "category": [],
                            "ccf": [],
                            "website": [],
                            "bestPaper": [],
                            "confRelated": [],
                            "journalRelated": []
                        }
                    },
                    "Paper": {
                        "semi": {
                            "doi": [],
                            "title": [],
                            "author": [],
                            "venue": [],
                            "year": [
                                "2002年"
                            ],
                            "institution": [],
                            "abstract": [],
                            "pdf": [],
                            "blog": []
                        },
                        "download": {
                            "path": []
                        }
                    },
                    "Journal": {
                        "semi": {
                            "name": [],
                            "ISSN": [],
                            "E_ISSN": [],
                            "IF": [],
                            "h_index": [],
                            "self_citing": [],
                            "ccf": [],
                            "sci": [],
                            "website": [],
                            "submit": [],
                            "OA": [],
                            "category": [],
                            "speed": [],
                            "rate": []
                        }
                    },
                    "Author": {
                        "semi": {
                            "name": [],
                            "field": [],
                            "affiliation": [],
                            "position": [],
                            "citations": [],
                            "h_index": [],
                            "pubs": []
                        }
                    },
                    "Institution": {
                        "semi": {
                            "name": [],
                            "address": [],
                            "website": []
                        }
                    }
                },
                "dialog_act": {
                    "Paper-Recommend": [
                        [
                            "Choice",
                            "221"
                        ]
                    ],
                    "Paper-Reqmore": [
                        [
                            "?",
                            "?"
                        ]
                    ]
                },
                "span_info": []
            },
            {
                "text": "那徐熠的论文有哪些呢",
                "metadata": {},
                "dialog_act": {
                    "Paper-Inform": [
                        [
                            "author",
                            "徐熠"
                        ]
                    ]
                },
                "span_info": [
                    [
                        "Paper-Add",
                        "author",
                        "徐熠",
                        1,
                        2
                    ]
                ]
            },
            {
                "text": "只有2篇满足条件的论文，您还有什么其他的要求嘛",
                "metadata": {
                    "Conference": {
                        "semi": {
                            "acronym": [],
                            "year": [],
                            "fullName": [],
                            "paperDue": [],
                            "noticeDue": [],
                            "heldDate": [],
                            "abstractDue": [],
                            "finalDue": [],
                            "location": [],
                            "category": [],
                            "ccf": [],
                            "website": [],
                            "bestPaper": [],
                            "confRelated": [],
                            "journalRelated": []
                        }
                    },
                    "Paper": {
                        "semi": {
                            "doi": [],
                            "title": [],
                            "author": [
                                "徐熠"
                            ],
                            "venue": [],
                            "year": [
                                "2002年"
                            ],
                            "institution": [],
                            "abstract": [],
                            "pdf": [],
                            "blog": []
                        },
                        "download": {
                            "path": []
                        }
                    },
                    "Journal": {
                        "semi": {
                            "name": [],
                            "ISSN": [],
                            "E_ISSN": [],
                            "IF": [],
                            "h_index": [],
                            "self_citing": [],
                            "ccf": [],
                            "sci": [],
                            "website": [],
                            "submit": [],
                            "OA": [],
                            "category": [],
                            "speed": [],
                            "rate": []
                        }
                    },
                    "Author": {
                        "semi": {
                            "name": [],
                            "field": [],
                            "affiliation": [],
                            "position": [],
                            "citations": [],
                            "h_index": [],
                            "pubs": []
                        }
                    },
                    "Institution": {
                        "semi": {
                            "name": [],
                            "address": [],
                            "website": []
                        }
                    }
                },
                "dialog_act": {
                    "Paper-Recommend": [
                        [
                            "Choice",
                            "2"
                        ]
                    ],
                    "Paper-Reqmore": [
                        [
                            "?",
                            "?"
                        ]
                    ]
                },
                "span_info": []
            },
            {
                "text": "告诉我在Appl. Math. Comput.上的论文有哪些呢",
                "metadata": {},
                "dialog_act": {
                    "Paper-Inform": [
                        [
                            "venue",
                            "Appl. Math. Comput."
                        ]
                    ]
                },
                "span_info": [
                    [
                        "Paper-Add",
                        "venue",
                        "Appl. Math. Comput.",
                        4,
                        22
                    ]
                ]
            },
            {
                "text": "没有符合条件的会议，你确定找的是Appl. Math. Comput.上发表的论文嘛",
                "metadata": {
                    "Conference": {
                        "semi": {
                            "acronym": [],
                            "year": [],
                            "fullName": [],
                            "paperDue": [],
                            "noticeDue": [],
                            "heldDate": [],
                            "abstractDue": [],
                            "finalDue": [],
                            "location": [],
                            "category": [],
                            "ccf": [],
                            "website": [],
                            "bestPaper": [],
                            "confRelated": [],
                            "journalRelated": []
                        }
                    },
                    "Paper": {
                        "semi": {
                            "doi": [],
                            "title": [],
                            "author": [
                                "徐熠"
                            ],
                            "venue": [
                                "Appl. Math. Comput."
                            ],
                            "year": [
                                "2002年"
                            ],
                            "institution": [],
                            "abstract": [],
                            "pdf": [],
                            "blog": []
                        },
                        "download": {
                            "path": []
                        }
                    },
                    "Journal": {
                        "semi": {
                            "name": [],
                            "ISSN": [],
                            "E_ISSN": [],
                            "IF": [],
                            "h_index": [],
                            "self_citing": [],
                            "ccf": [],
                            "sci": [],
                            "website": [],
                            "submit": [],
                            "OA": [],
                            "category": [],
                            "speed": [],
                            "rate": []
                        }
                    },
                    "Author": {
                        "semi": {
                            "name": [],
                            "field": [],
                            "affiliation": [],
                            "position": [],
                            "citations": [],
                            "h_index": [],
                            "pubs": []
                        }
                    },
                    "Institution": {
                        "semi": {
                            "name": [],
                            "address": [],
                            "website": []
                        }
                    }
                },
                "dialog_act": {
                    "Paper-Recommend": [
                        [
                            "Choice",
                            "0"
                        ]
                    ],
                    "Paper-Confirm": [
                        [
                            "venue",
                            "Appl. Math. Comput."
                        ]
                    ]
                },
                "span_info": [
                    [
                        "Paper-Confirm",
                        "venue",
                        "Appl. Math. Comput.",
                        16,
                        34
                    ]
                ]
            },
            {
                "text": "嗯嗯，你知道2002年论文有哪些呢",
                "metadata": {},
                "dialog_act": {
                    "Paper-Inform": [
                        [
                            "year",
                            "2002年"
                        ]
                    ],
                    "General-Positive": [
                        [
                            null,
                            null
                        ]
                    ]
                },
                "span_info": [
                    [
                        "Paper-Inform",
                        "year",
                        "2002年",
                        6,
                        10
                    ]
                ]
            },
            {
                "text": "共有50篇满足条件的论文，您还有什么其他的要求嘛",
                "metadata": {
                    "Conference": {
                        "semi": {
                            "acronym": [],
                            "year": [],
                            "fullName": [],
                            "paperDue": [],
                            "noticeDue": [],
                            "heldDate": [],
                            "abstractDue": [],
                            "finalDue": [],
                            "location": [],
                            "category": [],
                            "ccf": [],
                            "website": [],
                            "bestPaper": [],
                            "confRelated": [],
                            "journalRelated": []
                        }
                    },
                    "Paper": {
                        "semi": {
                            "doi": [],
                            "title": [],
                            "author": [],
                            "venue": [
                                "Appl. Math. Comput."
                            ],
                            "year": [
                                "2002年"
                            ],
                            "institution": [],
                            "abstract": [],
                            "pdf": [],
                            "blog": []
                        },
                        "download": {
                            "path": []
                        }
                    },
                    "Journal": {
                        "semi": {
                            "name": [],
                            "ISSN": [],
                            "E_ISSN": [],
                            "IF": [],
                            "h_index": [],
                            "self_citing": [],
                            "ccf": [],
                            "sci": [],
                            "website": [],
                            "submit": [],
                            "OA": [],
                            "category": [],
                            "speed": [],
                            "rate": []
                        }
                    },
                    "Author": {
                        "semi": {
                            "name": [],
                            "field": [],
                            "affiliation": [],
                            "position": [],
                            "citations": [],
                            "h_index": [],
                            "pubs": []
                        }
                    },
                    "Institution": {
                        "semi": {
                            "name": [],
                            "address": [],
                            "website": []
                        }
                    }
                },
                "dialog_act": {
                    "Paper-Recommend": [
                        [
                            "Choice",
                            "221"
                        ]
                    ],
                    "Paper-Reqmore": [
                        [
                            "?",
                            "?"
                        ]
                    ]
                },
                "span_info": []
            },
            {
                "text": "介绍一下李航的论文有哪些呢",
                "metadata": {},
                "dialog_act": {
                    "Paper-Inform": [
                        [
                            "author",
                            "李航"
                        ]
                    ]
                },
                "span_info": [
                    [
                        "Paper-Add",
                        "author",
                        "李航",
                        4,
                        5
                    ]
                ]
            },
            {
                "text": "你确定找的是李航发表的论文嘛",
                "metadata": {
                    "Conference": {
                        "semi": {
                            "acronym": [],
                            "year": [],
                            "fullName": [],
                            "paperDue": [],
                            "noticeDue": [],
                            "heldDate": [],
                            "abstractDue": [],
                            "finalDue": [],
                            "location": [],
                            "category": [],
                            "ccf": [],
                            "website": [],
                            "bestPaper": [],
                            "confRelated": [],
                            "journalRelated": []
                        }
                    },
                    "Paper": {
                        "semi": {
                            "doi": [],
                            "title": [],
                            "author": [
                                "李航"
                            ],
                            "venue": [
                                "Appl. Math. Comput."
                            ],
                            "year": [
                                "2002年"
                            ],
                            "institution": [],
                            "abstract": [],
                            "pdf": [],
                            "blog": []
                        },
                        "download": {
                            "path": []
                        }
                    },
                    "Journal": {
                        "semi": {
                            "name": [],
                            "ISSN": [],
                            "E_ISSN": [],
                            "IF": [],
                            "h_index": [],
                            "self_citing": [],
                            "ccf": [],
                            "sci": [],
                            "website": [],
                            "submit": [],
                            "OA": [],
                            "category": [],
                            "speed": [],
                            "rate": []
                        }
                    },
                    "Author": {
                        "semi": {
                            "name": [],
                            "field": [],
                            "affiliation": [],
                            "position": [],
                            "citations": [],
                            "h_index": [],
                            "pubs": []
                        }
                    },
                    "Institution": {
                        "semi": {
                            "name": [],
                            "address": [],
                            "website": []
                        }
                    }
                },
                "dialog_act": {
                    "Paper-Confirm": [
                        [
                            "author",
                            "李航"
                        ]
                    ]
                },
                "span_info": [
                    [
                        "Paper-Confirm",
                        "author",
                        "李航",
                        6,
                        7
                    ]
                ]
            },
            {
                "text": "没有问题",
                "metadata": {},
                "dialog_act": {
                    "General-Positive": [
                        [
                            null,
                            null
                        ]
                    ]
                },
                "span_info": []
            },
            {
                "text": "满足条件的会议共有2篇，它们是Diversity combining for OFDM wireless LAN和Word clustering and disambiguation based on co-occurrence data",
                "metadata": {
                    "Conference": {
                        "semi": {
                            "acronym": [],
                            "year": [],
                            "fullName": [],
                            "paperDue": [],
                            "noticeDue": [],
                            "heldDate": [],
                            "abstractDue": [],
                            "finalDue": [],
                            "location": [],
                            "category": [],
                            "ccf": [],
                            "website": [],
                            "bestPaper": [],
                            "confRelated": [],
                            "journalRelated": []
                        }
                    },
                    "Paper": {
                        "semi": {
                            "doi": [],
                            "title": [],
                            "author": [
                                "李航"
                            ],
                            "venue": [
                                "Appl. Math. Comput."
                            ],
                            "year": [
                                "2002年"
                            ],
                            "institution": [],
                            "abstract": [],
                            "pdf": [],
                            "blog": []
                        },
                        "download": {
                            "path": []
                        }
                    },
                    "Journal": {
                        "semi": {
                            "name": [],
                            "ISSN": [],
                            "E_ISSN": [],
                            "IF": [],
                            "h_index": [],
                            "self_citing": [],
                            "ccf": [],
                            "sci": [],
                            "website": [],
                            "submit": [],
                            "OA": [],
                            "category": [],
                            "speed": [],
                            "rate": []
                        }
                    },
                    "Author": {
                        "semi": {
                            "name": [],
                            "field": [],
                            "affiliation": [],
                            "position": [],
                            "citations": [],
                            "h_index": [],
                            "pubs": []
                        }
                    },
                    "Institution": {
                        "semi": {
                            "name": [],
                            "address": [],
                            "website": []
                        }
                    }
                },
                "dialog_act": {
                    "Paper-Recommend": [
                        [
                            "Choice",
                            "2"
                        ],
                        [
                            "title",
                            "Diversity combining for OFDM wireless LAN"
                        ],
                        [
                            "title",
                            "Word clustering and disambiguation based on co-occurrence data"
                        ]
                    ]
                },
                "span_info": [
                    [
                        "Paper-Recommend",
                        "title",
                        "Diversity combining for OFDM wireless LAN",
                        15,
                        55
                    ],
                    [
                        "Paper-Recommend",
                        "title",
                        "Word clustering and disambiguation based on co-occurrence data",
                        57,
                        118
                    ]
                ]
            }
        ]
    }
}