{
    "MFTF_013613": {
        "goal": {
            "Conference": {
                "semi": {
                    "acronym": [],
                    "year": [],
                    "fullName": [],
                    "paperDue": [],
                    "noticeDue": [],
                    "heldDate": [],
                    "abstractDue": [],
                    "finalDue": [],
                    "location": [],
                    "category": [],
                    "ccf": [],
                    "website": [],
                    "bestPaper": [],
                    "confRelated": [],
                    "journalRelated": []
                }
            },
            "Paper": {
                "semi": {
                    "doi": [],
                    "title": [],
                    "author": [],
                    "venue": [
                        "MICCAI"
                    ],
                    "year": [
                        "2007年"
                    ],
                    "institution": [],
                    "abstract": [],
                    "pdf": [],
                    "blog": []
                },
                "download": {
                    "path": []
                }
            },
            "Journal": {
                "semi": {
                    "name": [],
                    "ISSN": [],
                    "E_ISSN": [],
                    "IF": [],
                    "h_index": [],
                    "self_citing": [],
                    "ccf": [],
                    "sci": [],
                    "website": [],
                    "submit": [],
                    "OA": [],
                    "category": [],
                    "speed": [],
                    "rate": []
                }
            },
            "Author": {
                "semi": {
                    "name": [],
                    "field": [],
                    "affiliation": [],
                    "position": [],
                    "citations": [],
                    "h_index": [],
                    "pubs": []
                }
            },
            "Institution": {
                "semi": {
                    "name": [],
                    "address": [],
                    "website": []
                }
            },
            "description": [
                "Given category; Recommend Journal",
                "Add ccf; Recommend Journal",
                "Given ccf; Recommend Journal",
                "Given IF; Recommend Journal",
                "When system confirms, give positive answer",
                "Request detail of h_index",
                "Confirm detail of OA",
                "Given venue; Recommend Paper",
                "When system confirms, find error then claim statement again",
                "Add institution; Recommend Paper",
                "When choice=0 and system confirms, give positive answer then update a constraint to continue searching",
                "Update year; Recommend Paper",
                "Given venue,year; Recommend Paper",
                "When system confirms, find error and update the wrong constraints"
            ]
        },
        "log": [
            {
                "text": "请问工程技术领域的的期刊有哪些呢",
                "metadata": {},
                "dialog_act": {
                    "Journal-Inform": [
                        [
                            "category",
                            "工程技术"
                        ]
                    ]
                },
                "span_info": [
                    [
                        "Journal-Inform",
                        "category",
                        "工程技术",
                        2,
                        5
                    ]
                ]
            },
            {
                "text": "共有50个满足条件的期刊，您还有什么其他的要求嘛",
                "metadata": {
                    "Conference": {
                        "semi": {
                            "acronym": [],
                            "year": [],
                            "fullName": [],
                            "paperDue": [],
                            "noticeDue": [],
                            "heldDate": [],
                            "abstractDue": [],
                            "finalDue": [],
                            "location": [],
                            "category": [],
                            "ccf": [],
                            "website": [],
                            "bestPaper": [],
                            "confRelated": [],
                            "journalRelated": []
                        }
                    },
                    "Paper": {
                        "semi": {
                            "doi": [],
                            "title": [],
                            "author": [],
                            "venue": [],
                            "year": [],
                            "institution": [],
                            "abstract": [],
                            "pdf": [],
                            "blog": []
                        },
                        "download": {
                            "path": []
                        }
                    },
                    "Journal": {
                        "semi": {
                            "name": [],
                            "ISSN": [],
                            "E_ISSN": [],
                            "IF": [],
                            "h_index": [],
                            "self_citing": [],
                            "ccf": [],
                            "sci": [],
                            "website": [],
                            "submit": [],
                            "OA": [],
                            "category": [
                                "工程技术"
                            ],
                            "speed": [],
                            "rate": []
                        }
                    },
                    "Author": {
                        "semi": {
                            "name": [],
                            "field": [],
                            "affiliation": [],
                            "position": [],
                            "citations": [],
                            "h_index": [],
                            "pubs": []
                        }
                    },
                    "Institution": {
                        "semi": {
                            "name": [],
                            "address": [],
                            "website": []
                        }
                    }
                },
                "dialog_act": {
                    "Journal-Recommend": [
                        [
                            "Choice",
                            "5"
                        ]
                    ],
                    "Journal-Reqmore": [
                        [
                            "?",
                            "?"
                        ]
                    ]
                },
                "span_info": []
            },
            {
                "text": "请问其中B类以下期刊的呢",
                "metadata": {},
                "dialog_act": {
                    "Journal-Inform": [
                        [
                            "ccf",
                            "B类以下"
                        ]
                    ]
                },
                "span_info": [
                    [
                        "Journal-Add",
                        "ccf",
                        "B类以下",
                        4,
                        7
                    ]
                ]
            },
            {
                "text": "没有符合条件的期刊",
                "metadata": {
                    "Conference": {
                        "semi": {
                            "acronym": [],
                            "year": [],
                            "fullName": [],
                            "paperDue": [],
                            "noticeDue": [],
                            "heldDate": [],
                            "abstractDue": [],
                            "finalDue": [],
                            "location": [],
                            "category": [],
                            "ccf": [],
                            "website": [],
                            "bestPaper": [],
                            "confRelated": [],
                            "journalRelated": []
                        }
                    },
                    "Paper": {
                        "semi": {
                            "doi": [],
                            "title": [],
                            "author": [],
                            "venue": [],
                            "year": [],
                            "institution": [],
                            "abstract": [],
                            "pdf": [],
                            "blog": []
                        },
                        "download": {
                            "path": []
                        }
                    },
                    "Journal": {
                        "semi": {
                            "name": [],
                            "ISSN": [],
                            "E_ISSN": [],
                            "IF": [],
                            "h_index": [],
                            "self_citing": [],
                            "ccf": [
                                "B类以下"
                            ],
                            "sci": [],
                            "website": [],
                            "submit": [],
                            "OA": [],
                            "category": [
                                "工程技术"
                            ],
                            "speed": [],
                            "rate": []
                        }
                    },
                    "Author": {
                        "semi": {
                            "name": [],
                            "field": [],
                            "affiliation": [],
                            "position": [],
                            "citations": [],
                            "h_index": [],
                            "pubs": []
                        }
                    },
                    "Institution": {
                        "semi": {
                            "name": [],
                            "address": [],
                            "website": []
                        }
                    }
                },
                "dialog_act": {
                    "Journal-Recommend": [
                        [
                            "Choice",
                            "0"
                        ]
                    ]
                },
                "span_info": []
            },
            {
                "text": "告诉我C类以上期刊有哪些",
                "metadata": {},
                "dialog_act": {
                    "Journal-Inform": [
                        [
                            "ccf",
                            "C类以上"
                        ]
                    ]
                },
                "span_info": [
                    [
                        "Journal-Inform",
                        "ccf",
                        "C类以上",
                        3,
                        6
                    ]
                ]
            },
            {
                "text": "符合条件的期刊有0个",
                "metadata": {
                    "Conference": {
                        "semi": {
                            "acronym": [],
                            "year": [],
                            "fullName": [],
                            "paperDue": [],
                            "noticeDue": [],
                            "heldDate": [],
                            "abstractDue": [],
                            "finalDue": [],
                            "location": [],
                            "category": [],
                            "ccf": [],
                            "website": [],
                            "bestPaper": [],
                            "confRelated": [],
                            "journalRelated": []
                        }
                    },
                    "Paper": {
                        "semi": {
                            "doi": [],
                            "title": [],
                            "author": [],
                            "venue": [],
                            "year": [],
                            "institution": [],
                            "abstract": [],
                            "pdf": [],
                            "blog": []
                        },
                        "download": {
                            "path": []
                        }
                    },
                    "Journal": {
                        "semi": {
                            "name": [],
                            "ISSN": [],
                            "E_ISSN": [],
                            "IF": [],
                            "h_index": [],
                            "self_citing": [],
                            "ccf": [
                                "C类以上"
                            ],
                            "sci": [],
                            "website": [],
                            "submit": [],
                            "OA": [],
                            "category": [],
                            "speed": [],
                            "rate": []
                        }
                    },
                    "Author": {
                        "semi": {
                            "name": [],
                            "field": [],
                            "affiliation": [],
                            "position": [],
                            "citations": [],
                            "h_index": [],
                            "pubs": []
                        }
                    },
                    "Institution": {
                        "semi": {
                            "name": [],
                            "address": [],
                            "website": []
                        }
                    }
                },
                "dialog_act": {
                    "Journal-Recommend": [
                        [
                            "Choice",
                            "0"
                        ]
                    ]
                },
                "span_info": []
            },
            {
                "text": "其中IF影响因子大于3的期刊有哪些呢",
                "metadata": {},
                "dialog_act": {
                    "Journal-Inform": [
                        [
                            "IF",
                            "IF影响因子大于3"
                        ]
                    ]
                },
                "span_info": [
                    [
                        "Journal-Inform",
                        "IF",
                        "IF影响因子大于3",
                        2,
                        10
                    ]
                ]
            },
            {
                "text": "满足条件的期刊共有50个，你确定要输出嘛",
                "metadata": {
                    "Conference": {
                        "semi": {
                            "acronym": [],
                            "year": [],
                            "fullName": [],
                            "paperDue": [],
                            "noticeDue": [],
                            "heldDate": [],
                            "abstractDue": [],
                            "finalDue": [],
                            "location": [],
                            "category": [],
                            "ccf": [],
                            "website": [],
                            "bestPaper": [],
                            "confRelated": [],
                            "journalRelated": []
                        }
                    },
                    "Paper": {
                        "semi": {
                            "doi": [],
                            "title": [],
                            "author": [],
                            "venue": [],
                            "year": [],
                            "institution": [],
                            "abstract": [],
                            "pdf": [],
                            "blog": []
                        },
                        "download": {
                            "path": []
                        }
                    },
                    "Journal": {
                        "semi": {
                            "name": [],
                            "ISSN": [],
                            "E_ISSN": [],
                            "IF": [
                                "IF影响因子大于3"
                            ],
                            "h_index": [],
                            "self_citing": [],
                            "ccf": [],
                            "sci": [],
                            "website": [],
                            "submit": [],
                            "OA": [],
                            "category": [],
                            "speed": [],
                            "rate": []
                        }
                    },
                    "Author": {
                        "semi": {
                            "name": [],
                            "field": [],
                            "affiliation": [],
                            "position": [],
                            "citations": [],
                            "h_index": [],
                            "pubs": []
                        }
                    },
                    "Institution": {
                        "semi": {
                            "name": [],
                            "address": [],
                            "website": []
                        }
                    }
                },
                "dialog_act": {
                    "Journal-Recommend": [
                        [
                            "Choice",
                            "9"
                        ]
                    ],
                    "Journal-Confirm": [
                        [
                            null,
                            null
                        ]
                    ]
                },
                "span_info": []
            },
            {
                "text": "确定",
                "metadata": {},
                "dialog_act": {
                    "General-Positive": [
                        [
                            null,
                            null
                        ]
                    ]
                },
                "span_info": []
            },
            {
                "text": "满足条件的期刊共有50个，点击展开可查看具体信息",
                "metadata": {
                    "Conference": {
                        "semi": {
                            "acronym": [],
                            "year": [],
                            "fullName": [],
                            "paperDue": [],
                            "noticeDue": [],
                            "heldDate": [],
                            "abstractDue": [],
                            "finalDue": [],
                            "location": [],
                            "category": [],
                            "ccf": [],
                            "website": [],
                            "bestPaper": [],
                            "confRelated": [],
                            "journalRelated": []
                        }
                    },
                    "Paper": {
                        "semi": {
                            "doi": [],
                            "title": [],
                            "author": [],
                            "venue": [],
                            "year": [],
                            "institution": [],
                            "abstract": [],
                            "pdf": [],
                            "blog": []
                        },
                        "download": {
                            "path": []
                        }
                    },
                    "Journal": {
                        "semi": {
                            "name": [],
                            "ISSN": [],
                            "E_ISSN": [],
                            "IF": [
                                "IF影响因子大于3"
                            ],
                            "h_index": [],
                            "self_citing": [],
                            "ccf": [],
                            "sci": [],
                            "website": [],
                            "submit": [],
                            "OA": [],
                            "category": [],
                            "speed": [],
                            "rate": []
                        }
                    },
                    "Author": {
                        "semi": {
                            "name": [],
                            "field": [],
                            "affiliation": [],
                            "position": [],
                            "citations": [],
                            "h_index": [],
                            "pubs": []
                        }
                    },
                    "Institution": {
                        "semi": {
                            "name": [],
                            "address": [],
                            "website": []
                        }
                    }
                },
                "dialog_act": {
                    "Journal-Recommend": [
                        [
                            "Choice",
                            "9"
                        ],
                        [
                            "name",
                            "Sensors"
                        ],
                        [
                            "name",
                            "Sensors"
                        ],
                        [
                            "name",
                            "IEEE Micro"
                        ]
                    ]
                },
                "span_info": [
                    [
                        "Journal-Recommend",
                        "name",
                        "Sensors",
                        -1,
                        5
                    ],
                    [
                        "Journal-Recommend",
                        "name",
                        "Sensors",
                        -1,
                        5
                    ],
                    [
                        "Journal-Recommend",
                        "name",
                        "IEEE Micro",
                        -1,
                        8
                    ]
                ]
            },
            {
                "text": "你知道Sensors的h5指标是什么吗",
                "metadata": {},
                "dialog_act": {
                    "Journal-Inform": [
                        [
                            "name",
                            "Sensors"
                        ]
                    ],
                    "Journal-Request": [
                        [
                            "h_index",
                            "?"
                        ]
                    ]
                },
                "span_info": [
                    [
                        "Journal-Inform",
                        "name",
                        "Sensors",
                        3,
                        9
                    ]
                ]
            },
            {
                "text": "Sensors期刊的h5指数是XXX",
                "metadata": {
                    "Conference": {
                        "semi": {
                            "acronym": [],
                            "year": [],
                            "fullName": [],
                            "paperDue": [],
                            "noticeDue": [],
                            "heldDate": [],
                            "abstractDue": [],
                            "finalDue": [],
                            "location": [],
                            "category": [],
                            "ccf": [],
                            "website": [],
                            "bestPaper": [],
                            "confRelated": [],
                            "journalRelated": []
                        }
                    },
                    "Paper": {
                        "semi": {
                            "doi": [],
                            "title": [],
                            "author": [],
                            "venue": [],
                            "year": [],
                            "institution": [],
                            "abstract": [],
                            "pdf": [],
                            "blog": []
                        },
                        "download": {
                            "path": []
                        }
                    },
                    "Journal": {
                        "semi": {
                            "name": [
                                "Sensors"
                            ],
                            "ISSN": [],
                            "E_ISSN": [],
                            "IF": [
                                "IF影响因子大于3"
                            ],
                            "h_index": [],
                            "self_citing": [],
                            "ccf": [],
                            "sci": [],
                            "website": [],
                            "submit": [],
                            "OA": [],
                            "category": [],
                            "speed": [],
                            "rate": []
                        }
                    },
                    "Author": {
                        "semi": {
                            "name": [],
                            "field": [],
                            "affiliation": [],
                            "position": [],
                            "citations": [],
                            "h_index": [],
                            "pubs": []
                        }
                    },
                    "Institution": {
                        "semi": {
                            "name": [],
                            "address": [],
                            "website": []
                        }
                    }
                },
                "dialog_act": {
                    "Journal-Inform": [
                        [
                            "name",
                            "Sensors"
                        ],
                        [
                            "h_index",
                            132
                        ]
                    ]
                },
                "span_info": [
                    [
                        "Journal-Inform",
                        "name",
                        "Sensors",
                        0,
                        6
                    ]
                ]
            },
            {
                "text": "请问Sensors是开放访问的嘛",
                "metadata": {},
                "dialog_act": {
                    "Journal-Inform": [
                        [
                            "name",
                            "Sensors"
                        ]
                    ],
                    "Journal-Confirm": [
                        [
                            "OA",
                            true
                        ]
                    ]
                },
                "span_info": [
                    [
                        "Journal-Inform",
                        "name",
                        "Sensors",
                        2,
                        8
                    ]
                ]
            },
            {
                "text": "没有问题",
                "metadata": {
                    "Conference": {
                        "semi": {
                            "acronym": [],
                            "year": [],
                            "fullName": [],
                            "paperDue": [],
                            "noticeDue": [],
                            "heldDate": [],
                            "abstractDue": [],
                            "finalDue": [],
                            "location": [],
                            "category": [],
                            "ccf": [],
                            "website": [],
                            "bestPaper": [],
                            "confRelated": [],
                            "journalRelated": []
                        }
                    },
                    "Paper": {
                        "semi": {
                            "doi": [],
                            "title": [],
                            "author": [],
                            "venue": [],
                            "year": [],
                            "institution": [],
                            "abstract": [],
                            "pdf": [],
                            "blog": []
                        },
                        "download": {
                            "path": []
                        }
                    },
                    "Journal": {
                        "semi": {
                            "name": [
                                "Sensors"
                            ],
                            "ISSN": [],
                            "E_ISSN": [],
                            "IF": [
                                "IF影响因子大于3"
                            ],
                            "h_index": [
                                132
                            ],
                            "self_citing": [],
                            "ccf": [],
                            "sci": [],
                            "website": [],
                            "submit": [],
                            "OA": [
                                "可以"
                            ],
                            "category": [],
                            "speed": [],
                            "rate": []
                        }
                    },
                    "Author": {
                        "semi": {
                            "name": [],
                            "field": [],
                            "affiliation": [],
                            "position": [],
                            "citations": [],
                            "h_index": [],
                            "pubs": []
                        }
                    },
                    "Institution": {
                        "semi": {
                            "name": [],
                            "address": [],
                            "website": []
                        }
                    }
                },
                "dialog_act": {
                    "General-Positive": [
                        [
                            null,
                            null
                        ]
                    ]
                },
                "span_info": []
            },
            {
                "text": "请问IEEE Trans. Instrum. Meas.会议上发表过哪些论文呢",
                "metadata": {},
                "dialog_act": {
                    "Paper-Inform": [
                        [
                            "venue",
                            "IEEE Trans. Instrum. Meas."
                        ]
                    ]
                },
                "span_info": [
                    [
                        "Paper-Inform",
                        "venue",
                        "IEEE Trans. Instrum. Meas.",
                        2,
                        27
                    ]
                ]
            },
            {
                "text": "你确定找的是IEEE Trans. Ind. Electron.上发表的论文嘛",
                "metadata": {
                    "Conference": {
                        "semi": {
                            "acronym": [],
                            "year": [],
                            "fullName": [],
                            "paperDue": [],
                            "noticeDue": [],
                            "heldDate": [],
                            "abstractDue": [],
                            "finalDue": [],
                            "location": [],
                            "category": [],
                            "ccf": [],
                            "website": [],
                            "bestPaper": [],
                            "confRelated": [],
                            "journalRelated": []
                        }
                    },
                    "Paper": {
                        "semi": {
                            "doi": [],
                            "title": [],
                            "author": [],
                            "venue": [
                                "IEEE Trans. Instrum. Meas."
                            ],
                            "year": [],
                            "institution": [],
                            "abstract": [],
                            "pdf": [],
                            "blog": []
                        },
                        "download": {
                            "path": []
                        }
                    },
                    "Journal": {
                        "semi": {
                            "name": [],
                            "ISSN": [],
                            "E_ISSN": [],
                            "IF": [],
                            "h_index": [],
                            "self_citing": [],
                            "ccf": [],
                            "sci": [],
                            "website": [],
                            "submit": [],
                            "OA": [],
                            "category": [],
                            "speed": [],
                            "rate": []
                        }
                    },
                    "Author": {
                        "semi": {
                            "name": [],
                            "field": [],
                            "affiliation": [],
                            "position": [],
                            "citations": [],
                            "h_index": [],
                            "pubs": []
                        }
                    },
                    "Institution": {
                        "semi": {
                            "name": [],
                            "address": [],
                            "website": []
                        }
                    }
                },
                "dialog_act": {
                    "Paper-Confirm": [
                        [
                            "venue",
                            "IEEE Trans. Ind. Electron."
                        ]
                    ]
                },
                "span_info": [
                    [
                        "Paper-Confirm",
                        "venue",
                        "IEEE Trans. Ind. Electron.",
                        6,
                        31
                    ]
                ]
            },
            {
                "text": "错的吧，请问IJCNN2015上的论文有哪些",
                "metadata": {},
                "dialog_act": {
                    "Paper-Inform": [
                        [
                            "venue",
                            "IJCNN"
                        ],
                        [
                            "year",
                            "2015"
                        ]
                    ],
                    "General-Negative": [
                        [
                            null,
                            null
                        ]
                    ]
                },
                "span_info": [
                    [
                        "Paper-Inform",
                        "venue",
                        "IJCNN",
                        6,
                        10
                    ],
                    [
                        "Paper-Inform",
                        "year",
                        "2015",
                        11,
                        14
                    ]
                ]
            },
            {
                "text": "共有50个满足条件的会议，你想要什么机构发表的论文呢",
                "metadata": {
                    "Conference": {
                        "semi": {
                            "acronym": [],
                            "year": [],
                            "fullName": [],
                            "paperDue": [],
                            "noticeDue": [],
                            "heldDate": [],
                            "abstractDue": [],
                            "finalDue": [],
                            "location": [],
                            "category": [],
                            "ccf": [],
                            "website": [],
                            "bestPaper": [],
                            "confRelated": [],
                            "journalRelated": []
                        }
                    },
                    "Paper": {
                        "semi": {
                            "doi": [],
                            "title": [],
                            "author": [],
                            "venue": [
                                "IJCNN"
                            ],
                            "year": [
                                "2015"
                            ],
                            "institution": [],
                            "abstract": [],
                            "pdf": [],
                            "blog": []
                        },
                        "download": {
                            "path": []
                        }
                    },
                    "Journal": {
                        "semi": {
                            "name": [],
                            "ISSN": [],
                            "E_ISSN": [],
                            "IF": [],
                            "h_index": [],
                            "self_citing": [],
                            "ccf": [],
                            "sci": [],
                            "website": [],
                            "submit": [],
                            "OA": [],
                            "category": [],
                            "speed": [],
                            "rate": []
                        }
                    },
                    "Author": {
                        "semi": {
                            "name": [],
                            "field": [],
                            "affiliation": [],
                            "position": [],
                            "citations": [],
                            "h_index": [],
                            "pubs": []
                        }
                    },
                    "Institution": {
                        "semi": {
                            "name": [],
                            "address": [],
                            "website": []
                        }
                    }
                },
                "dialog_act": {
                    "Paper-Recommend": [
                        [
                            "Choice",
                            "5"
                        ]
                    ],
                    "Paper-Reqmore": [
                        [
                            "institution",
                            "?"
                        ]
                    ]
                },
                "span_info": []
            },
            {
                "text": "介绍一下南洋理工大学计算机科学与工程学院发表的论文有哪些呢",
                "metadata": {},
                "dialog_act": {
                    "Paper-Inform": [
                        [
                            "institution",
                            "南洋理工大学计算机科学与工程学院"
                        ]
                    ]
                },
                "span_info": [
                    [
                        "Paper-Add",
                        "institution",
                        "南洋理工大学计算机科学与工程学院",
                        4,
                        19
                    ]
                ]
            },
            {
                "text": "抱歉没有找到符合条件的会议唉，你确定找的是南洋理工大学计算机科学与工程学院发表的论文嘛",
                "metadata": {
                    "Conference": {
                        "semi": {
                            "acronym": [],
                            "year": [],
                            "fullName": [],
                            "paperDue": [],
                            "noticeDue": [],
                            "heldDate": [],
                            "abstractDue": [],
                            "finalDue": [],
                            "location": [],
                            "category": [],
                            "ccf": [],
                            "website": [],
                            "bestPaper": [],
                            "confRelated": [],
                            "journalRelated": []
                        }
                    },
                    "Paper": {
                        "semi": {
                            "doi": [],
                            "title": [],
                            "author": [],
                            "venue": [
                                "IJCNN"
                            ],
                            "year": [
                                "2015"
                            ],
                            "institution": [
                                "南洋理工大学计算机科学与工程学院"
                            ],
                            "abstract": [],
                            "pdf": [],
                            "blog": []
                        },
                        "download": {
                            "path": []
                        }
                    },
                    "Journal": {
                        "semi": {
                            "name": [],
                            "ISSN": [],
                            "E_ISSN": [],
                            "IF": [],
                            "h_index": [],
                            "self_citing": [],
                            "ccf": [],
                            "sci": [],
                            "website": [],
                            "submit": [],
                            "OA": [],
                            "category": [],
                            "speed": [],
                            "rate": []
                        }
                    },
                    "Author": {
                        "semi": {
                            "name": [],
                            "field": [],
                            "affiliation": [],
                            "position": [],
                            "citations": [],
                            "h_index": [],
                            "pubs": []
                        }
                    },
                    "Institution": {
                        "semi": {
                            "name": [],
                            "address": [],
                            "website": []
                        }
                    }
                },
                "dialog_act": {
                    "Paper-Recommend": [
                        [
                            "Choice",
                            "0"
                        ]
                    ],
                    "Paper-Confirm": [
                        [
                            "institution",
                            "南洋理工大学计算机科学与工程学院"
                        ]
                    ]
                },
                "span_info": [
                    [
                        "Paper-Confirm",
                        "institution",
                        "南洋理工大学计算机科学与工程学院",
                        21,
                        36
                    ]
                ]
            },
            {
                "text": "没错，介绍一下发表在WAIM上的",
                "metadata": {},
                "dialog_act": {
                    "Paper-Inform": [
                        [
                            "venue",
                            "WAIM"
                        ]
                    ],
                    "General-Positive": [
                        [
                            null,
                            null
                        ]
                    ]
                },
                "span_info": [
                    [
                        "Paper-Update",
                        "venue",
                        "WAIM",
                        10,
                        13
                    ]
                ]
            },
            {
                "text": "找到0个相关的会议唉，你要不问问2021年发表的论文",
                "metadata": {
                    "Conference": {
                        "semi": {
                            "acronym": [],
                            "year": [],
                            "fullName": [],
                            "paperDue": [],
                            "noticeDue": [],
                            "heldDate": [],
                            "abstractDue": [],
                            "finalDue": [],
                            "location": [],
                            "category": [],
                            "ccf": [],
                            "website": [],
                            "bestPaper": [],
                            "confRelated": [],
                            "journalRelated": []
                        }
                    },
                    "Paper": {
                        "semi": {
                            "doi": [],
                            "title": [],
                            "author": [],
                            "venue": [
                                "WAIM"
                            ],
                            "year": [
                                "2015"
                            ],
                            "institution": [
                                "南洋理工大学计算机科学与工程学院"
                            ],
                            "abstract": [],
                            "pdf": [],
                            "blog": []
                        },
                        "download": {
                            "path": []
                        }
                    },
                    "Journal": {
                        "semi": {
                            "name": [],
                            "ISSN": [],
                            "E_ISSN": [],
                            "IF": [],
                            "h_index": [],
                            "self_citing": [],
                            "ccf": [],
                            "sci": [],
                            "website": [],
                            "submit": [],
                            "OA": [],
                            "category": [],
                            "speed": [],
                            "rate": []
                        }
                    },
                    "Author": {
                        "semi": {
                            "name": [],
                            "field": [],
                            "affiliation": [],
                            "position": [],
                            "citations": [],
                            "h_index": [],
                            "pubs": []
                        }
                    },
                    "Institution": {
                        "semi": {
                            "name": [],
                            "address": [],
                            "website": []
                        }
                    }
                },
                "dialog_act": {
                    "Paper-Recommend": [
                        [
                            "Choice",
                            "0"
                        ],
                        [
                            "year",
                            "2021年"
                        ]
                    ]
                },
                "span_info": [
                    [
                        "Paper-Recommend",
                        "year",
                        "2021年",
                        16,
                        20
                    ]
                ]
            },
            {
                "text": "时间是2021年的呢",
                "metadata": {},
                "dialog_act": {
                    "Paper-Inform": [
                        [
                            "year",
                            "2021年"
                        ]
                    ]
                },
                "span_info": [
                    [
                        "Paper-Update",
                        "year",
                        "2021年",
                        3,
                        7
                    ]
                ]
            },
            {
                "text": "没找到相应的论文",
                "metadata": {
                    "Conference": {
                        "semi": {
                            "acronym": [],
                            "year": [],
                            "fullName": [],
                            "paperDue": [],
                            "noticeDue": [],
                            "heldDate": [],
                            "abstractDue": [],
                            "finalDue": [],
                            "location": [],
                            "category": [],
                            "ccf": [],
                            "website": [],
                            "bestPaper": [],
                            "confRelated": [],
                            "journalRelated": []
                        }
                    },
                    "Paper": {
                        "semi": {
                            "doi": [],
                            "title": [],
                            "author": [],
                            "venue": [
                                "WAIM"
                            ],
                            "year": [
                                "2021年"
                            ],
                            "institution": [
                                "南洋理工大学计算机科学与工程学院"
                            ],
                            "abstract": [],
                            "pdf": [],
                            "blog": []
                        },
                        "download": {
                            "path": []
                        }
                    },
                    "Journal": {
                        "semi": {
                            "name": [],
                            "ISSN": [],
                            "E_ISSN": [],
                            "IF": [],
                            "h_index": [],
                            "self_citing": [],
                            "ccf": [],
                            "sci": [],
                            "website": [],
                            "submit": [],
                            "OA": [],
                            "category": [],
                            "speed": [],
                            "rate": []
                        }
                    },
                    "Author": {
                        "semi": {
                            "name": [],
                            "field": [],
                            "affiliation": [],
                            "position": [],
                            "citations": [],
                            "h_index": [],
                            "pubs": []
                        }
                    },
                    "Institution": {
                        "semi": {
                            "name": [],
                            "address": [],
                            "website": []
                        }
                    }
                },
                "dialog_act": {
                    "Paper-Recommend": [
                        [
                            "Choice",
                            "0"
                        ]
                    ]
                },
                "span_info": []
            },
            {
                "text": "推荐一些Neural Comput. Appl.2007年上的论文呗",
                "metadata": {},
                "dialog_act": {
                    "Paper-Inform": [
                        [
                            "venue",
                            "Neural Comput. Appl."
                        ],
                        [
                            "year",
                            "2007年"
                        ]
                    ]
                },
                "span_info": [
                    [
                        "Paper-Inform",
                        "venue",
                        "Neural Comput. Appl.",
                        4,
                        23
                    ],
                    [
                        "Paper-Inform",
                        "year",
                        "2007年",
                        24,
                        28
                    ]
                ]
            },
            {
                "text": "没有符合条件的会议，你确定找的是Inf. Sci.2007年上发表的论文嘛",
                "metadata": {
                    "Conference": {
                        "semi": {
                            "acronym": [],
                            "year": [],
                            "fullName": [],
                            "paperDue": [],
                            "noticeDue": [],
                            "heldDate": [],
                            "abstractDue": [],
                            "finalDue": [],
                            "location": [],
                            "category": [],
                            "ccf": [],
                            "website": [],
                            "bestPaper": [],
                            "confRelated": [],
                            "journalRelated": []
                        }
                    },
                    "Paper": {
                        "semi": {
                            "doi": [],
                            "title": [],
                            "author": [],
                            "venue": [
                                "Neural Comput. Appl."
                            ],
                            "year": [
                                "2007年"
                            ],
                            "institution": [],
                            "abstract": [],
                            "pdf": [],
                            "blog": []
                        },
                        "download": {
                            "path": []
                        }
                    },
                    "Journal": {
                        "semi": {
                            "name": [],
                            "ISSN": [],
                            "E_ISSN": [],
                            "IF": [],
                            "h_index": [],
                            "self_citing": [],
                            "ccf": [],
                            "sci": [],
                            "website": [],
                            "submit": [],
                            "OA": [],
                            "category": [],
                            "speed": [],
                            "rate": []
                        }
                    },
                    "Author": {
                        "semi": {
                            "name": [],
                            "field": [],
                            "affiliation": [],
                            "position": [],
                            "citations": [],
                            "h_index": [],
                            "pubs": []
                        }
                    },
                    "Institution": {
                        "semi": {
                            "name": [],
                            "address": [],
                            "website": []
                        }
                    }
                },
                "dialog_act": {
                    "Paper-Recommend": [
                        [
                            "Choice",
                            "0"
                        ]
                    ],
                    "Paper-Confirm": [
                        [
                            "venue",
                            "Inf. Sci."
                        ],
                        [
                            "year",
                            "2007年"
                        ]
                    ]
                },
                "span_info": [
                    [
                        "Paper-Confirm",
                        "venue",
                        "Inf. Sci.",
                        16,
                        24
                    ],
                    [
                        "Paper-Confirm",
                        "year",
                        "2007年",
                        25,
                        29
                    ]
                ]
            },
            {
                "text": "不是，介绍一下发表在MICCAI上的",
                "metadata": {},
                "dialog_act": {
                    "Paper-Inform": [
                        [
                            "venue",
                            "MICCAI"
                        ]
                    ],
                    "General-Negative": [
                        [
                            null,
                            null
                        ]
                    ]
                },
                "span_info": [
                    [
                        "Paper-Update",
                        "venue",
                        "MICCAI",
                        10,
                        15
                    ]
                ]
            },
            {
                "text": "只有1篇满足条件的论文，它就是Unbiased White Matter Atlas Construction Using Diffusion Tensor Images",
                "metadata": {
                    "Conference": {
                        "semi": {
                            "acronym": [],
                            "year": [],
                            "fullName": [],
                            "paperDue": [],
                            "noticeDue": [],
                            "heldDate": [],
                            "abstractDue": [],
                            "finalDue": [],
                            "location": [],
                            "category": [],
                            "ccf": [],
                            "website": [],
                            "bestPaper": [],
                            "confRelated": [],
                            "journalRelated": []
                        }
                    },
                    "Paper": {
                        "semi": {
                            "doi": [],
                            "title": [],
                            "author": [],
                            "venue": [
                                "MICCAI"
                            ],
                            "year": [
                                "2007年"
                            ],
                            "institution": [],
                            "abstract": [],
                            "pdf": [],
                            "blog": []
                        },
                        "download": {
                            "path": []
                        }
                    },
                    "Journal": {
                        "semi": {
                            "name": [],
                            "ISSN": [],
                            "E_ISSN": [],
                            "IF": [],
                            "h_index": [],
                            "self_citing": [],
                            "ccf": [],
                            "sci": [],
                            "website": [],
                            "submit": [],
                            "OA": [],
                            "category": [],
                            "speed": [],
                            "rate": []
                        }
                    },
                    "Author": {
                        "semi": {
                            "name": [],
                            "field": [],
                            "affiliation": [],
                            "position": [],
                            "citations": [],
                            "h_index": [],
                            "pubs": []
                        }
                    },
                    "Institution": {
                        "semi": {
                            "name": [],
                            "address": [],
                            "website": []
                        }
                    }
                },
                "dialog_act": {
                    "Paper-Recommend": [
                        [
                            "Choice",
                            "1"
                        ],
                        [
                            "title",
                            "Unbiased White Matter Atlas Construction Using Diffusion Tensor Images"
                        ]
                    ]
                },
                "span_info": [
                    [
                        "Paper-Recommend",
                        "title",
                        "Unbiased White Matter Atlas Construction Using Diffusion Tensor Images",
                        15,
                        84
                    ]
                ]
            }
        ]
    }
}