{
    "MFTF_012601": {
        "goal": {
            "Conference": {
                "semi": {
                    "acronym": [],
                    "year": [],
                    "fullName": [],
                    "paperDue": [],
                    "noticeDue": [],
                    "heldDate": [],
                    "abstractDue": [],
                    "finalDue": [],
                    "location": [],
                    "category": [],
                    "ccf": [],
                    "website": [],
                    "bestPaper": [],
                    "confRelated": [],
                    "journalRelated": []
                }
            },
            "Paper": {
                "semi": {
                    "doi": [],
                    "title": [],
                    "author": [],
                    "venue": [
                        "WWW"
                    ],
                    "year": [],
                    "institution": [
                        "重庆大学材料科学与工程学院"
                    ],
                    "abstract": [],
                    "pdf": [],
                    "blog": []
                },
                "download": {
                    "path": []
                }
            },
            "Journal": {
                "semi": {
                    "name": [
                        "Entropy"
                    ],
                    "ISSN": [],
                    "E_ISSN": [],
                    "IF": [],
                    "h_index": [],
                    "self_citing": [],
                    "ccf": [],
                    "sci": [],
                    "website": [
                        "http://www.mdpi.com/journal/entropy"
                    ],
                    "submit": [
                        "http://susy.mdpi.com/user/login/?note=1&refer=%2Fuser%2Fmanuscripts%2Fupload%3Fjournal%3Dentropy"
                    ],
                    "OA": [],
                    "category": [],
                    "speed": [],
                    "rate": []
                }
            },
            "Author": {
                "semi": {
                    "name": [],
                    "field": [],
                    "affiliation": [],
                    "position": [],
                    "citations": [],
                    "h_index": [],
                    "pubs": []
                }
            },
            "Institution": {
                "semi": {
                    "name": [],
                    "address": [],
                    "website": []
                }
            },
            "description": [
                "Given sci; Recommend Journal",
                "When system confirms, find error then claim statement again",
                "Confirm detail of ccf",
                "Request detail of website,submit",
                "Given venue; Recommend Paper",
                "When choice>=4 and system confirms whether output, give negative answer and add constraints",
                "Update venue; Recommend Paper",
                "When choice=0 and system confirms, give positive answer then update a constraint to continue searching"
            ]
        },
        "log": [
            {
                "text": "告诉我sci1区期刊有哪些",
                "metadata": {},
                "dialog_act": {
                    "Journal-Inform": [
                        [
                            "sci",
                            "sci1区"
                        ]
                    ]
                },
                "span_info": [
                    [
                        "Journal-Inform",
                        "sci",
                        "sci1区",
                        3,
                        7
                    ]
                ]
            },
            {
                "text": "你确定找的是sci 4区期刊嘛",
                "metadata": {
                    "Conference": {
                        "semi": {
                            "acronym": [],
                            "year": [],
                            "fullName": [],
                            "paperDue": [],
                            "noticeDue": [],
                            "heldDate": [],
                            "abstractDue": [],
                            "finalDue": [],
                            "location": [],
                            "category": [],
                            "ccf": [],
                            "website": [],
                            "bestPaper": [],
                            "confRelated": [],
                            "journalRelated": []
                        }
                    },
                    "Paper": {
                        "semi": {
                            "doi": [],
                            "title": [],
                            "author": [],
                            "venue": [],
                            "year": [],
                            "institution": [],
                            "abstract": [],
                            "pdf": [],
                            "blog": []
                        },
                        "download": {
                            "path": []
                        }
                    },
                    "Journal": {
                        "semi": {
                            "name": [],
                            "ISSN": [],
                            "E_ISSN": [],
                            "IF": [],
                            "h_index": [],
                            "self_citing": [],
                            "ccf": [],
                            "sci": [
                                "sci1区"
                            ],
                            "website": [],
                            "submit": [],
                            "OA": [],
                            "category": [],
                            "speed": [],
                            "rate": []
                        }
                    },
                    "Author": {
                        "semi": {
                            "name": [],
                            "field": [],
                            "affiliation": [],
                            "position": [],
                            "citations": [],
                            "h_index": [],
                            "pubs": []
                        }
                    },
                    "Institution": {
                        "semi": {
                            "name": [],
                            "address": [],
                            "website": []
                        }
                    }
                },
                "dialog_act": {
                    "Journal-Confirm": [
                        [
                            "sci",
                            "sci 4区"
                        ]
                    ]
                },
                "span_info": [
                    [
                        "Journal-Confirm",
                        "sci",
                        "sci 4区",
                        6,
                        11
                    ]
                ]
            },
            {
                "text": "错的吧，有哪类期刊是物理与天体物理领域的",
                "metadata": {},
                "dialog_act": {
                    "Journal-Inform": [
                        [
                            "category",
                            "物理与天体物理"
                        ]
                    ],
                    "General-Negative": [
                        [
                            null,
                            null
                        ]
                    ]
                },
                "span_info": [
                    [
                        "Journal-Inform",
                        "category",
                        "物理与天体物理",
                        10,
                        16
                    ]
                ]
            },
            {
                "text": "只有Entropy是满足条件的",
                "metadata": {
                    "Conference": {
                        "semi": {
                            "acronym": [],
                            "year": [],
                            "fullName": [],
                            "paperDue": [],
                            "noticeDue": [],
                            "heldDate": [],
                            "abstractDue": [],
                            "finalDue": [],
                            "location": [],
                            "category": [],
                            "ccf": [],
                            "website": [],
                            "bestPaper": [],
                            "confRelated": [],
                            "journalRelated": []
                        }
                    },
                    "Paper": {
                        "semi": {
                            "doi": [],
                            "title": [],
                            "author": [],
                            "venue": [],
                            "year": [],
                            "institution": [],
                            "abstract": [],
                            "pdf": [],
                            "blog": []
                        },
                        "download": {
                            "path": []
                        }
                    },
                    "Journal": {
                        "semi": {
                            "name": [],
                            "ISSN": [],
                            "E_ISSN": [],
                            "IF": [],
                            "h_index": [],
                            "self_citing": [],
                            "ccf": [],
                            "sci": [
                                "sci 4区"
                            ],
                            "website": [],
                            "submit": [],
                            "OA": [],
                            "category": [
                                "物理与天体物理"
                            ],
                            "speed": [],
                            "rate": []
                        }
                    },
                    "Author": {
                        "semi": {
                            "name": [],
                            "field": [],
                            "affiliation": [],
                            "position": [],
                            "citations": [],
                            "h_index": [],
                            "pubs": []
                        }
                    },
                    "Institution": {
                        "semi": {
                            "name": [],
                            "address": [],
                            "website": []
                        }
                    }
                },
                "dialog_act": {
                    "Journal-Recommend": [
                        [
                            "Choice",
                            "1"
                        ],
                        [
                            "name",
                            "Entropy"
                        ]
                    ]
                },
                "span_info": [
                    [
                        "Journal-Recommend",
                        "name",
                        "Entropy",
                        2,
                        8
                    ]
                ]
            },
            {
                "text": "你应该知道Entropy是A期刊的吧",
                "metadata": {},
                "dialog_act": {
                    "Journal-Inform": [
                        [
                            "name",
                            "Entropy"
                        ]
                    ],
                    "Journal-Confirm": [
                        [
                            "ccf",
                            "A"
                        ]
                    ]
                },
                "span_info": [
                    [
                        "Journal-Inform",
                        "name",
                        "Entropy",
                        5,
                        11
                    ],
                    [
                        "Journal-Confirm",
                        "ccf",
                        "A",
                        13,
                        13
                    ]
                ]
            },
            {
                "text": "嗯嗯",
                "metadata": {
                    "Conference": {
                        "semi": {
                            "acronym": [],
                            "year": [],
                            "fullName": [],
                            "paperDue": [],
                            "noticeDue": [],
                            "heldDate": [],
                            "abstractDue": [],
                            "finalDue": [],
                            "location": [],
                            "category": [],
                            "ccf": [],
                            "website": [],
                            "bestPaper": [],
                            "confRelated": [],
                            "journalRelated": []
                        }
                    },
                    "Paper": {
                        "semi": {
                            "doi": [],
                            "title": [],
                            "author": [],
                            "venue": [],
                            "year": [],
                            "institution": [],
                            "abstract": [],
                            "pdf": [],
                            "blog": []
                        },
                        "download": {
                            "path": []
                        }
                    },
                    "Journal": {
                        "semi": {
                            "name": [
                                "Entropy"
                            ],
                            "ISSN": [],
                            "E_ISSN": [],
                            "IF": [],
                            "h_index": [],
                            "self_citing": [],
                            "ccf": [
                                "A"
                            ],
                            "sci": [
                                "sci 4区"
                            ],
                            "website": [],
                            "submit": [],
                            "OA": [],
                            "category": [
                                "物理与天体物理"
                            ],
                            "speed": [],
                            "rate": []
                        }
                    },
                    "Author": {
                        "semi": {
                            "name": [],
                            "field": [],
                            "affiliation": [],
                            "position": [],
                            "citations": [],
                            "h_index": [],
                            "pubs": []
                        }
                    },
                    "Institution": {
                        "semi": {
                            "name": [],
                            "address": [],
                            "website": []
                        }
                    }
                },
                "dialog_act": {
                    "General-Positive": [
                        [
                            null,
                            null
                        ]
                    ]
                },
                "span_info": []
            },
            {
                "text": "请问Entropy官网信息和投稿网址在哪里获取呢",
                "metadata": {},
                "dialog_act": {
                    "Journal-Inform": [
                        [
                            "name",
                            "Entropy"
                        ]
                    ],
                    "Journal-Request": [
                        [
                            "website",
                            "?"
                        ],
                        [
                            "submit",
                            "?"
                        ]
                    ]
                },
                "span_info": [
                    [
                        "Journal-Inform",
                        "name",
                        "Entropy",
                        2,
                        8
                    ]
                ]
            },
            {
                "text": "Entropy期刊的官网是http://www.mdpi.com/journal/entropy，投稿网址是http://www.mdpi.com/journal/entropy",
                "metadata": {
                    "Conference": {
                        "semi": {
                            "acronym": [],
                            "year": [],
                            "fullName": [],
                            "paperDue": [],
                            "noticeDue": [],
                            "heldDate": [],
                            "abstractDue": [],
                            "finalDue": [],
                            "location": [],
                            "category": [],
                            "ccf": [],
                            "website": [],
                            "bestPaper": [],
                            "confRelated": [],
                            "journalRelated": []
                        }
                    },
                    "Paper": {
                        "semi": {
                            "doi": [],
                            "title": [],
                            "author": [],
                            "venue": [],
                            "year": [],
                            "institution": [],
                            "abstract": [],
                            "pdf": [],
                            "blog": []
                        },
                        "download": {
                            "path": []
                        }
                    },
                    "Journal": {
                        "semi": {
                            "name": [
                                "Entropy"
                            ],
                            "ISSN": [],
                            "E_ISSN": [],
                            "IF": [],
                            "h_index": [],
                            "self_citing": [],
                            "ccf": [
                                "A"
                            ],
                            "sci": [
                                "sci 4区"
                            ],
                            "website": [],
                            "submit": [],
                            "OA": [],
                            "category": [
                                "物理与天体物理"
                            ],
                            "speed": [],
                            "rate": []
                        }
                    },
                    "Author": {
                        "semi": {
                            "name": [],
                            "field": [],
                            "affiliation": [],
                            "position": [],
                            "citations": [],
                            "h_index": [],
                            "pubs": []
                        }
                    },
                    "Institution": {
                        "semi": {
                            "name": [],
                            "address": [],
                            "website": []
                        }
                    }
                },
                "dialog_act": {
                    "Journal-Inform": [
                        [
                            "name",
                            "Entropy"
                        ],
                        [
                            "website",
                            "http://www.mdpi.com/journal/entropy"
                        ],
                        [
                            "submit",
                            "http://susy.mdpi.com/user/login/?note=1&refer=%2Fuser%2Fmanuscripts%2Fupload%3Fjournal%3Dentropy"
                        ]
                    ]
                },
                "span_info": [
                    [
                        "Journal-Inform",
                        "name",
                        "Entropy",
                        0,
                        6
                    ],
                    [
                        "Journal-Inform",
                        "website",
                        "http://www.mdpi.com/journal/entropy",
                        13,
                        47
                    ],
                    [
                        "Journal-Inform",
                        "submit",
                        "http://susy.mdpi.com/user/login/?note=1&refer=%2Fuser%2Fmanuscripts%2Fupload%3Fjournal%3Dentropy",
                        -1,
                        94
                    ]
                ]
            },
            {
                "text": "请问IEEE Trans. Circuits Syst. Video Technol.会议上发表的论文有哪些呢",
                "metadata": {},
                "dialog_act": {
                    "Paper-Inform": [
                        [
                            "venue",
                            "IEEE Trans. Circuits Syst. Video Technol."
                        ]
                    ]
                },
                "span_info": [
                    [
                        "Paper-Inform",
                        "venue",
                        "IEEE Trans. Circuits Syst. Video Technol.",
                        2,
                        42
                    ]
                ]
            },
            {
                "text": "共有50篇满足条件的论文，你确定要输出嘛",
                "metadata": {
                    "Conference": {
                        "semi": {
                            "acronym": [],
                            "year": [],
                            "fullName": [],
                            "paperDue": [],
                            "noticeDue": [],
                            "heldDate": [],
                            "abstractDue": [],
                            "finalDue": [],
                            "location": [],
                            "category": [],
                            "ccf": [],
                            "website": [],
                            "bestPaper": [],
                            "confRelated": [],
                            "journalRelated": []
                        }
                    },
                    "Paper": {
                        "semi": {
                            "doi": [],
                            "title": [],
                            "author": [],
                            "venue": [
                                "IEEE Trans. Circuits Syst. Video Technol."
                            ],
                            "year": [],
                            "institution": [],
                            "abstract": [],
                            "pdf": [],
                            "blog": []
                        },
                        "download": {
                            "path": []
                        }
                    },
                    "Journal": {
                        "semi": {
                            "name": [
                                "Entropy"
                            ],
                            "ISSN": [],
                            "E_ISSN": [],
                            "IF": [],
                            "h_index": [],
                            "self_citing": [],
                            "ccf": [],
                            "sci": [],
                            "website": [
                                "http://www.mdpi.com/journal/entropy"
                            ],
                            "submit": [
                                "http://susy.mdpi.com/user/login/?note=1&refer=%2Fuser%2Fmanuscripts%2Fupload%3Fjournal%3Dentropy"
                            ],
                            "OA": [],
                            "category": [],
                            "speed": [],
                            "rate": []
                        }
                    },
                    "Author": {
                        "semi": {
                            "name": [],
                            "field": [],
                            "affiliation": [],
                            "position": [],
                            "citations": [],
                            "h_index": [],
                            "pubs": []
                        }
                    },
                    "Institution": {
                        "semi": {
                            "name": [],
                            "address": [],
                            "website": []
                        }
                    }
                },
                "dialog_act": {
                    "Paper-Recommend": [
                        [
                            "Choice",
                            "166"
                        ]
                    ],
                    "Paper-Confirm": [
                        [
                            null,
                            null
                        ]
                    ]
                },
                "span_info": []
            },
            {
                "text": "不对吧，介绍一下机械工程与自动化学院发表的论文有哪些呢",
                "metadata": {},
                "dialog_act": {
                    "Paper-Inform": [
                        [
                            "institution",
                            "机械工程与自动化学院"
                        ]
                    ],
                    "General-Negative": [
                        [
                            null,
                            null
                        ]
                    ]
                },
                "span_info": [
                    [
                        "Paper-Add",
                        "institution",
                        "机械工程与自动化学院",
                        8,
                        17
                    ]
                ]
            },
            {
                "text": "抱歉没有找到符合条件的会议唉，你要不问问WWW上发表的论文",
                "metadata": {
                    "Conference": {
                        "semi": {
                            "acronym": [],
                            "year": [],
                            "fullName": [],
                            "paperDue": [],
                            "noticeDue": [],
                            "heldDate": [],
                            "abstractDue": [],
                            "finalDue": [],
                            "location": [],
                            "category": [],
                            "ccf": [],
                            "website": [],
                            "bestPaper": [],
                            "confRelated": [],
                            "journalRelated": []
                        }
                    },
                    "Paper": {
                        "semi": {
                            "doi": [],
                            "title": [],
                            "author": [],
                            "venue": [
                                "IEEE Trans. Circuits Syst. Video Technol."
                            ],
                            "year": [],
                            "institution": [
                                "机械工程与自动化学院"
                            ],
                            "abstract": [],
                            "pdf": [],
                            "blog": []
                        },
                        "download": {
                            "path": []
                        }
                    },
                    "Journal": {
                        "semi": {
                            "name": [
                                "Entropy"
                            ],
                            "ISSN": [],
                            "E_ISSN": [],
                            "IF": [],
                            "h_index": [],
                            "self_citing": [],
                            "ccf": [],
                            "sci": [],
                            "website": [
                                "http://www.mdpi.com/journal/entropy"
                            ],
                            "submit": [
                                "http://susy.mdpi.com/user/login/?note=1&refer=%2Fuser%2Fmanuscripts%2Fupload%3Fjournal%3Dentropy"
                            ],
                            "OA": [],
                            "category": [],
                            "speed": [],
                            "rate": []
                        }
                    },
                    "Author": {
                        "semi": {
                            "name": [],
                            "field": [],
                            "affiliation": [],
                            "position": [],
                            "citations": [],
                            "h_index": [],
                            "pubs": []
                        }
                    },
                    "Institution": {
                        "semi": {
                            "name": [],
                            "address": [],
                            "website": []
                        }
                    }
                },
                "dialog_act": {
                    "Paper-Recommend": [
                        [
                            "Choice",
                            "0"
                        ],
                        [
                            "venue",
                            "WWW"
                        ]
                    ]
                },
                "span_info": [
                    [
                        "Paper-Recommend",
                        "venue",
                        "WWW",
                        20,
                        22
                    ]
                ]
            },
            {
                "text": "请问那发表在WWW上的呢",
                "metadata": {},
                "dialog_act": {
                    "Paper-Inform": [
                        [
                            "venue",
                            "WWW"
                        ]
                    ]
                },
                "span_info": [
                    [
                        "Paper-Update",
                        "venue",
                        "WWW",
                        6,
                        8
                    ]
                ]
            },
            {
                "text": "符合条件的会议有0个，你确定找的是WWW上发表的论文嘛",
                "metadata": {
                    "Conference": {
                        "semi": {
                            "acronym": [],
                            "year": [],
                            "fullName": [],
                            "paperDue": [],
                            "noticeDue": [],
                            "heldDate": [],
                            "abstractDue": [],
                            "finalDue": [],
                            "location": [],
                            "category": [],
                            "ccf": [],
                            "website": [],
                            "bestPaper": [],
                            "confRelated": [],
                            "journalRelated": []
                        }
                    },
                    "Paper": {
                        "semi": {
                            "doi": [],
                            "title": [],
                            "author": [],
                            "venue": [
                                "WWW"
                            ],
                            "year": [],
                            "institution": [
                                "机械工程与自动化学院"
                            ],
                            "abstract": [],
                            "pdf": [],
                            "blog": []
                        },
                        "download": {
                            "path": []
                        }
                    },
                    "Journal": {
                        "semi": {
                            "name": [
                                "Entropy"
                            ],
                            "ISSN": [],
                            "E_ISSN": [],
                            "IF": [],
                            "h_index": [],
                            "self_citing": [],
                            "ccf": [],
                            "sci": [],
                            "website": [
                                "http://www.mdpi.com/journal/entropy"
                            ],
                            "submit": [
                                "http://susy.mdpi.com/user/login/?note=1&refer=%2Fuser%2Fmanuscripts%2Fupload%3Fjournal%3Dentropy"
                            ],
                            "OA": [],
                            "category": [],
                            "speed": [],
                            "rate": []
                        }
                    },
                    "Author": {
                        "semi": {
                            "name": [],
                            "field": [],
                            "affiliation": [],
                            "position": [],
                            "citations": [],
                            "h_index": [],
                            "pubs": []
                        }
                    },
                    "Institution": {
                        "semi": {
                            "name": [],
                            "address": [],
                            "website": []
                        }
                    }
                },
                "dialog_act": {
                    "Paper-Recommend": [
                        [
                            "Choice",
                            "0"
                        ]
                    ],
                    "Paper-Confirm": [
                        [
                            "venue",
                            "WWW"
                        ]
                    ]
                },
                "span_info": [
                    [
                        "Paper-Confirm",
                        "venue",
                        "WWW",
                        17,
                        19
                    ]
                ]
            },
            {
                "text": "你理解的没错，如果是重庆大学材料科学与工程学院的呢",
                "metadata": {},
                "dialog_act": {
                    "Paper-Inform": [
                        [
                            "institution",
                            "重庆大学材料科学与工程学院"
                        ]
                    ],
                    "General-Positive": [
                        [
                            null,
                            null
                        ]
                    ]
                },
                "span_info": [
                    [
                        "Paper-Update",
                        "institution",
                        "重庆大学材料科学与工程学院",
                        10,
                        22
                    ]
                ]
            },
            {
                "text": "为你找到了A Multimodal Variational Encoder-Decoder Framework for Micro-video Popularity Prediction和?-Diagnosis: Unsupervised and Real-time Diagnosis of Small- window Long-tail Latency in Large-scale Microservice Platforms，它是满足条件的",
                "metadata": {
                    "Conference": {
                        "semi": {
                            "acronym": [],
                            "year": [],
                            "fullName": [],
                            "paperDue": [],
                            "noticeDue": [],
                            "heldDate": [],
                            "abstractDue": [],
                            "finalDue": [],
                            "location": [],
                            "category": [],
                            "ccf": [],
                            "website": [],
                            "bestPaper": [],
                            "confRelated": [],
                            "journalRelated": []
                        }
                    },
                    "Paper": {
                        "semi": {
                            "doi": [],
                            "title": [],
                            "author": [],
                            "venue": [
                                "WWW"
                            ],
                            "year": [],
                            "institution": [
                                "重庆大学材料科学与工程学院"
                            ],
                            "abstract": [],
                            "pdf": [],
                            "blog": []
                        },
                        "download": {
                            "path": []
                        }
                    },
                    "Journal": {
                        "semi": {
                            "name": [
                                "Entropy"
                            ],
                            "ISSN": [],
                            "E_ISSN": [],
                            "IF": [],
                            "h_index": [],
                            "self_citing": [],
                            "ccf": [],
                            "sci": [],
                            "website": [
                                "http://www.mdpi.com/journal/entropy"
                            ],
                            "submit": [
                                "http://susy.mdpi.com/user/login/?note=1&refer=%2Fuser%2Fmanuscripts%2Fupload%3Fjournal%3Dentropy"
                            ],
                            "OA": [],
                            "category": [],
                            "speed": [],
                            "rate": []
                        }
                    },
                    "Author": {
                        "semi": {
                            "name": [],
                            "field": [],
                            "affiliation": [],
                            "position": [],
                            "citations": [],
                            "h_index": [],
                            "pubs": []
                        }
                    },
                    "Institution": {
                        "semi": {
                            "name": [],
                            "address": [],
                            "website": []
                        }
                    }
                },
                "dialog_act": {
                    "Paper-Recommend": [
                        [
                            "Choice",
                            "2"
                        ],
                        [
                            "title",
                            "A Multimodal Variational Encoder-Decoder Framework for Micro-video Popularity Prediction"
                        ],
                        [
                            "title",
                            "?-Diagnosis: Unsupervised and Real-time Diagnosis of Small- window Long-tail Latency in Large-scale Microservice Platforms"
                        ]
                    ]
                },
                "span_info": [
                    [
                        "Paper-Recommend",
                        "title",
                        "A Multimodal Variational Encoder-Decoder Framework for Micro-video Popularity Prediction",
                        5,
                        92
                    ],
                    [
                        "Paper-Recommend",
                        "title",
                        "?-Diagnosis: Unsupervised and Real-time Diagnosis of Small- window Long-tail Latency in Large-scale Microservice Platforms",
                        94,
                        215
                    ]
                ]
            }
        ]
    }
}