{
    "MFTF_013663": {
        "goal": {
            "Conference": {
                "semi": {
                    "acronym": [
                        "ACML"
                    ],
                    "year": [],
                    "fullName": [],
                    "paperDue": [],
                    "noticeDue": [],
                    "heldDate": [],
                    "abstractDue": [],
                    "finalDue": [],
                    "location": [],
                    "category": [],
                    "ccf": [],
                    "website": [],
                    "bestPaper": [],
                    "confRelated": [
                        "ICANN"
                    ],
                    "journalRelated": []
                }
            },
            "Paper": {
                "semi": {
                    "doi": [],
                    "title": [],
                    "author": [],
                    "venue": [
                        "IEEE Trans. Commun."
                    ],
                    "year": [
                        "2021"
                    ],
                    "institution": [],
                    "abstract": [],
                    "pdf": [],
                    "blog": []
                },
                "download": {
                    "path": []
                }
            },
            "Journal": {
                "semi": {
                    "name": [],
                    "ISSN": [],
                    "E_ISSN": [],
                    "IF": [],
                    "h_index": [],
                    "self_citing": [],
                    "ccf": [],
                    "sci": [],
                    "website": [],
                    "submit": [],
                    "OA": [],
                    "category": [],
                    "speed": [],
                    "rate": []
                }
            },
            "Author": {
                "semi": {
                    "name": [],
                    "field": [],
                    "affiliation": [],
                    "position": [],
                    "citations": [],
                    "h_index": [],
                    "pubs": []
                }
            },
            "Institution": {
                "semi": {
                    "name": [],
                    "address": [],
                    "website": []
                }
            },
            "description": [
                "Given location; Recommend Conference",
                "When system confirms, give positive answer",
                "Request detail of abstractDue",
                "Request detail of bestPaper",
                "Request detail of heldDate",
                "Confirm detail of finalDue",
                "Request detail of website",
                "Request detail of ccf",
                "Confirm detail of noticeDue",
                "Request detail of fullName",
                "Confirm detail of category",
                "Request detail of paperDue",
                "Request detail of confRelated",
                "Given venue; Recommend Paper",
                "Add year; Recommend Paper",
                "Update venue; Recommend Paper"
            ]
        },
        "log": [
            {
                "text": "哪些会议的举办地点在中国北京呢",
                "metadata": {},
                "dialog_act": {
                    "Conference-Inform": [
                        [
                            "location",
                            "中国北京"
                        ]
                    ]
                },
                "span_info": [
                    [
                        "Conference-Inform",
                        "location",
                        "中国北京",
                        10,
                        13
                    ]
                ]
            },
            {
                "text": "满足条件的会议共有50个，你确定要返回结果嘛",
                "metadata": {
                    "Conference": {
                        "semi": {
                            "acronym": [],
                            "year": [],
                            "fullName": [],
                            "paperDue": [],
                            "noticeDue": [],
                            "heldDate": [],
                            "abstractDue": [],
                            "finalDue": [],
                            "location": [
                                "中国北京"
                            ],
                            "category": [],
                            "ccf": [],
                            "website": [],
                            "bestPaper": [],
                            "confRelated": [],
                            "journalRelated": []
                        }
                    },
                    "Paper": {
                        "semi": {
                            "doi": [],
                            "title": [],
                            "author": [],
                            "venue": [],
                            "year": [],
                            "institution": [],
                            "abstract": [],
                            "pdf": [],
                            "blog": []
                        },
                        "download": {
                            "path": []
                        }
                    },
                    "Journal": {
                        "semi": {
                            "name": [],
                            "ISSN": [],
                            "E_ISSN": [],
                            "IF": [],
                            "h_index": [],
                            "self_citing": [],
                            "ccf": [],
                            "sci": [],
                            "website": [],
                            "submit": [],
                            "OA": [],
                            "category": [],
                            "speed": [],
                            "rate": []
                        }
                    },
                    "Author": {
                        "semi": {
                            "name": [],
                            "field": [],
                            "affiliation": [],
                            "position": [],
                            "citations": [],
                            "h_index": [],
                            "pubs": []
                        }
                    },
                    "Institution": {
                        "semi": {
                            "name": [],
                            "address": [],
                            "website": []
                        }
                    }
                },
                "dialog_act": {
                    "Conference-Recommend": [
                        [
                            "Choice",
                            "126"
                        ]
                    ],
                    "Conference-Confirm": [
                        [
                            null,
                            null
                        ]
                    ]
                },
                "span_info": []
            },
            {
                "text": "对的",
                "metadata": {},
                "dialog_act": {
                    "General-Positive": [
                        [
                            null,
                            null
                        ]
                    ]
                },
                "span_info": []
            },
            {
                "text": "共找到50个符合条件的会议，点击展开可查看具体信息",
                "metadata": {
                    "Conference": {
                        "semi": {
                            "acronym": [],
                            "year": [],
                            "fullName": [],
                            "paperDue": [],
                            "noticeDue": [],
                            "heldDate": [],
                            "abstractDue": [],
                            "finalDue": [],
                            "location": [
                                "中国北京"
                            ],
                            "category": [],
                            "ccf": [],
                            "website": [],
                            "bestPaper": [],
                            "confRelated": [],
                            "journalRelated": []
                        }
                    },
                    "Paper": {
                        "semi": {
                            "doi": [],
                            "title": [],
                            "author": [],
                            "venue": [],
                            "year": [],
                            "institution": [],
                            "abstract": [],
                            "pdf": [],
                            "blog": []
                        },
                        "download": {
                            "path": []
                        }
                    },
                    "Journal": {
                        "semi": {
                            "name": [],
                            "ISSN": [],
                            "E_ISSN": [],
                            "IF": [],
                            "h_index": [],
                            "self_citing": [],
                            "ccf": [],
                            "sci": [],
                            "website": [],
                            "submit": [],
                            "OA": [],
                            "category": [],
                            "speed": [],
                            "rate": []
                        }
                    },
                    "Author": {
                        "semi": {
                            "name": [],
                            "field": [],
                            "affiliation": [],
                            "position": [],
                            "citations": [],
                            "h_index": [],
                            "pubs": []
                        }
                    },
                    "Institution": {
                        "semi": {
                            "name": [],
                            "address": [],
                            "website": []
                        }
                    }
                },
                "dialog_act": {
                    "Conference-Recommend": [
                        [
                            "Choice",
                            "126"
                        ],
                        [
                            "acronym",
                            "ACML"
                        ],
                        [
                            "acronym",
                            "ACNS"
                        ],
                        [
                            "acronym",
                            "ADMA"
                        ]
                    ]
                },
                "span_info": [
                    [
                        "Conference-Recommend",
                        "acronym",
                        "ACML",
                        -1,
                        2
                    ],
                    [
                        "Conference-Recommend",
                        "acronym",
                        "ACNS",
                        -1,
                        2
                    ],
                    [
                        "Conference-Recommend",
                        "acronym",
                        "ADMA",
                        -1,
                        2
                    ]
                ]
            },
            {
                "text": "告诉我ACML2020的截止提交摘要日期是什么",
                "metadata": {},
                "dialog_act": {
                    "Conference-Inform": [
                        [
                            "acronym",
                            "ACML"
                        ],
                        [
                            "year",
                            "2020"
                        ]
                    ],
                    "Conference-Request": [
                        [
                            "abstractDue",
                            "?"
                        ]
                    ]
                },
                "span_info": [
                    [
                        "Conference-Inform",
                        "acronym",
                        "ACML",
                        3,
                        6
                    ],
                    [
                        "Conference-Inform",
                        "year",
                        "2020",
                        7,
                        10
                    ]
                ]
            },
            {
                "text": "目前数据库中没有找到ACML2020的摘要截稿时间，你想了解一下ACML会议的ccf级别嘛",
                "metadata": {
                    "Conference": {
                        "semi": {
                            "acronym": [
                                "ACML"
                            ],
                            "year": [
                                "2020"
                            ],
                            "fullName": [],
                            "paperDue": [],
                            "noticeDue": [],
                            "heldDate": [],
                            "abstractDue": [],
                            "finalDue": [],
                            "location": [
                                "中国北京"
                            ],
                            "category": [],
                            "ccf": [],
                            "website": [],
                            "bestPaper": [],
                            "confRelated": [],
                            "journalRelated": []
                        }
                    },
                    "Paper": {
                        "semi": {
                            "doi": [],
                            "title": [],
                            "author": [],
                            "venue": [],
                            "year": [],
                            "institution": [],
                            "abstract": [],
                            "pdf": [],
                            "blog": []
                        },
                        "download": {
                            "path": []
                        }
                    },
                    "Journal": {
                        "semi": {
                            "name": [],
                            "ISSN": [],
                            "E_ISSN": [],
                            "IF": [],
                            "h_index": [],
                            "self_citing": [],
                            "ccf": [],
                            "sci": [],
                            "website": [],
                            "submit": [],
                            "OA": [],
                            "category": [],
                            "speed": [],
                            "rate": []
                        }
                    },
                    "Author": {
                        "semi": {
                            "name": [],
                            "field": [],
                            "affiliation": [],
                            "position": [],
                            "citations": [],
                            "h_index": [],
                            "pubs": []
                        }
                    },
                    "Institution": {
                        "semi": {
                            "name": [],
                            "address": [],
                            "website": []
                        }
                    }
                },
                "dialog_act": {
                    "Conference-Inform": [
                        [
                            "acronym",
                            "ACML"
                        ],
                        [
                            "year",
                            "2020"
                        ]
                    ],
                    "Conference-NoInform": [
                        [
                            "abstractDue",
                            null
                        ]
                    ],
                    "Conference-Recommend": [
                        [
                            "ccf",
                            "?"
                        ]
                    ]
                },
                "span_info": [
                    [
                        "Conference-Inform",
                        "acronym",
                        "ACML",
                        10,
                        13
                    ],
                    [
                        "Conference-Inform",
                        "year",
                        "2020",
                        14,
                        17
                    ]
                ]
            },
            {
                "text": "ACML有哪些很不错的论文呢",
                "metadata": {},
                "dialog_act": {
                    "Conference-Inform": [
                        [
                            "acronym",
                            "ACML"
                        ]
                    ],
                    "Conference-Request": [
                        [
                            "bestPaper",
                            "?"
                        ]
                    ]
                },
                "span_info": [
                    [
                        "Conference-Inform",
                        "acronym",
                        "ACML",
                        0,
                        3
                    ]
                ]
            },
            {
                "text": "目前数据库中没有找到ACML会议的最佳论文",
                "metadata": {
                    "Conference": {
                        "semi": {
                            "acronym": [
                                "ACML"
                            ],
                            "year": [
                                "2020"
                            ],
                            "fullName": [],
                            "paperDue": [],
                            "noticeDue": [],
                            "heldDate": [],
                            "abstractDue": [],
                            "finalDue": [],
                            "location": [
                                "中国北京"
                            ],
                            "category": [],
                            "ccf": [],
                            "website": [],
                            "bestPaper": [],
                            "confRelated": [],
                            "journalRelated": []
                        }
                    },
                    "Paper": {
                        "semi": {
                            "doi": [],
                            "title": [],
                            "author": [],
                            "venue": [],
                            "year": [],
                            "institution": [],
                            "abstract": [],
                            "pdf": [],
                            "blog": []
                        },
                        "download": {
                            "path": []
                        }
                    },
                    "Journal": {
                        "semi": {
                            "name": [],
                            "ISSN": [],
                            "E_ISSN": [],
                            "IF": [],
                            "h_index": [],
                            "self_citing": [],
                            "ccf": [],
                            "sci": [],
                            "website": [],
                            "submit": [],
                            "OA": [],
                            "category": [],
                            "speed": [],
                            "rate": []
                        }
                    },
                    "Author": {
                        "semi": {
                            "name": [],
                            "field": [],
                            "affiliation": [],
                            "position": [],
                            "citations": [],
                            "h_index": [],
                            "pubs": []
                        }
                    },
                    "Institution": {
                        "semi": {
                            "name": [],
                            "address": [],
                            "website": []
                        }
                    }
                },
                "dialog_act": {
                    "Conference-Inform": [
                        [
                            "acronym",
                            "ACML"
                        ]
                    ],
                    "Conference-NoInform": [
                        [
                            "bestPaper",
                            null
                        ]
                    ]
                },
                "span_info": [
                    [
                        "Conference-Inform",
                        "acronym",
                        "ACML",
                        10,
                        13
                    ]
                ]
            },
            {
                "text": "请问ACML2020的举办时间是什么呢",
                "metadata": {},
                "dialog_act": {
                    "Conference-Inform": [
                        [
                            "acronym",
                            "ACML"
                        ],
                        [
                            "year",
                            "2020"
                        ]
                    ],
                    "Conference-Request": [
                        [
                            "heldDate",
                            "?"
                        ]
                    ]
                },
                "span_info": [
                    [
                        "Conference-Inform",
                        "acronym",
                        "ACML",
                        2,
                        5
                    ],
                    [
                        "Conference-Inform",
                        "year",
                        "2020",
                        6,
                        9
                    ]
                ]
            },
            {
                "text": "ACML2020的举行时间是2020-11-18",
                "metadata": {
                    "Conference": {
                        "semi": {
                            "acronym": [
                                "ACML"
                            ],
                            "year": [
                                "2020"
                            ],
                            "fullName": [],
                            "paperDue": [],
                            "noticeDue": [],
                            "heldDate": [],
                            "abstractDue": [],
                            "finalDue": [],
                            "location": [
                                "中国北京"
                            ],
                            "category": [],
                            "ccf": [],
                            "website": [],
                            "bestPaper": [],
                            "confRelated": [],
                            "journalRelated": []
                        }
                    },
                    "Paper": {
                        "semi": {
                            "doi": [],
                            "title": [],
                            "author": [],
                            "venue": [],
                            "year": [],
                            "institution": [],
                            "abstract": [],
                            "pdf": [],
                            "blog": []
                        },
                        "download": {
                            "path": []
                        }
                    },
                    "Journal": {
                        "semi": {
                            "name": [],
                            "ISSN": [],
                            "E_ISSN": [],
                            "IF": [],
                            "h_index": [],
                            "self_citing": [],
                            "ccf": [],
                            "sci": [],
                            "website": [],
                            "submit": [],
                            "OA": [],
                            "category": [],
                            "speed": [],
                            "rate": []
                        }
                    },
                    "Author": {
                        "semi": {
                            "name": [],
                            "field": [],
                            "affiliation": [],
                            "position": [],
                            "citations": [],
                            "h_index": [],
                            "pubs": []
                        }
                    },
                    "Institution": {
                        "semi": {
                            "name": [],
                            "address": [],
                            "website": []
                        }
                    }
                },
                "dialog_act": {
                    "Conference-Inform": [
                        [
                            "acronym",
                            "ACML"
                        ],
                        [
                            "year",
                            "2020"
                        ],
                        [
                            "heldDate",
                            "2020-11-18"
                        ]
                    ]
                },
                "span_info": [
                    [
                        "Conference-Inform",
                        "acronym",
                        "ACML",
                        0,
                        3
                    ],
                    [
                        "Conference-Inform",
                        "year",
                        "2020",
                        4,
                        7
                    ],
                    [
                        "Conference-Inform",
                        "heldDate",
                        "2020-11-18",
                        14,
                        23
                    ]
                ]
            },
            {
                "text": "ACML2020是不是2020-08-31截止提交最终版论文呢",
                "metadata": {},
                "dialog_act": {
                    "Conference-Inform": [
                        [
                            "acronym",
                            "ACML"
                        ],
                        [
                            "year",
                            "2020"
                        ]
                    ],
                    "Conference-Confirm": [
                        [
                            "finalDue",
                            "2020-08-31"
                        ]
                    ]
                },
                "span_info": [
                    [
                        "Conference-Inform",
                        "acronym",
                        "ACML",
                        0,
                        3
                    ],
                    [
                        "Conference-Inform",
                        "year",
                        "2020",
                        4,
                        7
                    ],
                    [
                        "Conference-Confirm",
                        "finalDue",
                        "2020-08-31",
                        11,
                        20
                    ]
                ]
            },
            {
                "text": "你理解的没错",
                "metadata": {
                    "Conference": {
                        "semi": {
                            "acronym": [
                                "ACML"
                            ],
                            "year": [
                                "2020"
                            ],
                            "fullName": [],
                            "paperDue": [],
                            "noticeDue": [],
                            "heldDate": [
                                "2020-11-18"
                            ],
                            "abstractDue": [],
                            "finalDue": [
                                "2020-08-31"
                            ],
                            "location": [
                                "中国北京"
                            ],
                            "category": [],
                            "ccf": [],
                            "website": [],
                            "bestPaper": [],
                            "confRelated": [],
                            "journalRelated": []
                        }
                    },
                    "Paper": {
                        "semi": {
                            "doi": [],
                            "title": [],
                            "author": [],
                            "venue": [],
                            "year": [],
                            "institution": [],
                            "abstract": [],
                            "pdf": [],
                            "blog": []
                        },
                        "download": {
                            "path": []
                        }
                    },
                    "Journal": {
                        "semi": {
                            "name": [],
                            "ISSN": [],
                            "E_ISSN": [],
                            "IF": [],
                            "h_index": [],
                            "self_citing": [],
                            "ccf": [],
                            "sci": [],
                            "website": [],
                            "submit": [],
                            "OA": [],
                            "category": [],
                            "speed": [],
                            "rate": []
                        }
                    },
                    "Author": {
                        "semi": {
                            "name": [],
                            "field": [],
                            "affiliation": [],
                            "position": [],
                            "citations": [],
                            "h_index": [],
                            "pubs": []
                        }
                    },
                    "Institution": {
                        "semi": {
                            "name": [],
                            "address": [],
                            "website": []
                        }
                    }
                },
                "dialog_act": {
                    "General-Positive": [
                        [
                            null,
                            null
                        ]
                    ]
                },
                "span_info": []
            },
            {
                "text": "请问ACML2020会议的官网链接是什么",
                "metadata": {},
                "dialog_act": {
                    "Conference-Inform": [
                        [
                            "acronym",
                            "ACML"
                        ],
                        [
                            "year",
                            "2020"
                        ]
                    ],
                    "Conference-Request": [
                        [
                            "website",
                            "?"
                        ]
                    ]
                },
                "span_info": [
                    [
                        "Conference-Inform",
                        "acronym",
                        "ACML",
                        2,
                        5
                    ],
                    [
                        "Conference-Inform",
                        "year",
                        "2020",
                        6,
                        9
                    ]
                ]
            },
            {
                "text": "ACML2020的官网是http://www.acml-conf.org/2020/calls",
                "metadata": {
                    "Conference": {
                        "semi": {
                            "acronym": [
                                "ACML"
                            ],
                            "year": [
                                "2020"
                            ],
                            "fullName": [],
                            "paperDue": [],
                            "noticeDue": [],
                            "heldDate": [
                                "2020-11-18"
                            ],
                            "abstractDue": [],
                            "finalDue": [
                                "2020-08-31"
                            ],
                            "location": [
                                "中国北京"
                            ],
                            "category": [],
                            "ccf": [],
                            "website": [],
                            "bestPaper": [],
                            "confRelated": [],
                            "journalRelated": []
                        }
                    },
                    "Paper": {
                        "semi": {
                            "doi": [],
                            "title": [],
                            "author": [],
                            "venue": [],
                            "year": [],
                            "institution": [],
                            "abstract": [],
                            "pdf": [],
                            "blog": []
                        },
                        "download": {
                            "path": []
                        }
                    },
                    "Journal": {
                        "semi": {
                            "name": [],
                            "ISSN": [],
                            "E_ISSN": [],
                            "IF": [],
                            "h_index": [],
                            "self_citing": [],
                            "ccf": [],
                            "sci": [],
                            "website": [],
                            "submit": [],
                            "OA": [],
                            "category": [],
                            "speed": [],
                            "rate": []
                        }
                    },
                    "Author": {
                        "semi": {
                            "name": [],
                            "field": [],
                            "affiliation": [],
                            "position": [],
                            "citations": [],
                            "h_index": [],
                            "pubs": []
                        }
                    },
                    "Institution": {
                        "semi": {
                            "name": [],
                            "address": [],
                            "website": []
                        }
                    }
                },
                "dialog_act": {
                    "Conference-Inform": [
                        [
                            "acronym",
                            "ACML"
                        ],
                        [
                            "year",
                            "2020"
                        ],
                        [
                            "website",
                            "http://www.acml-conf.org/2020/calls"
                        ]
                    ]
                },
                "span_info": [
                    [
                        "Conference-Inform",
                        "acronym",
                        "ACML",
                        0,
                        3
                    ],
                    [
                        "Conference-Inform",
                        "year",
                        "2020",
                        4,
                        7
                    ],
                    [
                        "Conference-Inform",
                        "website",
                        "http://www.acml-conf.org/2020/calls",
                        12,
                        46
                    ]
                ]
            },
            {
                "text": "ACML会议的ccf级别是什么呢",
                "metadata": {},
                "dialog_act": {
                    "Conference-Inform": [
                        [
                            "acronym",
                            "ACML"
                        ]
                    ],
                    "Conference-Request": [
                        [
                            "ccf",
                            "?"
                        ]
                    ]
                },
                "span_info": [
                    [
                        "Conference-Inform",
                        "acronym",
                        "ACML",
                        0,
                        3
                    ]
                ]
            },
            {
                "text": "ACML会议是c会议",
                "metadata": {
                    "Conference": {
                        "semi": {
                            "acronym": [
                                "ACML"
                            ],
                            "year": [
                                "2020"
                            ],
                            "fullName": [],
                            "paperDue": [],
                            "noticeDue": [],
                            "heldDate": [
                                "2020-11-18"
                            ],
                            "abstractDue": [],
                            "finalDue": [
                                "2020-08-31"
                            ],
                            "location": [
                                "中国北京"
                            ],
                            "category": [],
                            "ccf": [],
                            "website": [
                                "http://www.acml-conf.org/2020/calls"
                            ],
                            "bestPaper": [],
                            "confRelated": [],
                            "journalRelated": []
                        }
                    },
                    "Paper": {
                        "semi": {
                            "doi": [],
                            "title": [],
                            "author": [],
                            "venue": [],
                            "year": [],
                            "institution": [],
                            "abstract": [],
                            "pdf": [],
                            "blog": []
                        },
                        "download": {
                            "path": []
                        }
                    },
                    "Journal": {
                        "semi": {
                            "name": [],
                            "ISSN": [],
                            "E_ISSN": [],
                            "IF": [],
                            "h_index": [],
                            "self_citing": [],
                            "ccf": [],
                            "sci": [],
                            "website": [],
                            "submit": [],
                            "OA": [],
                            "category": [],
                            "speed": [],
                            "rate": []
                        }
                    },
                    "Author": {
                        "semi": {
                            "name": [],
                            "field": [],
                            "affiliation": [],
                            "position": [],
                            "citations": [],
                            "h_index": [],
                            "pubs": []
                        }
                    },
                    "Institution": {
                        "semi": {
                            "name": [],
                            "address": [],
                            "website": []
                        }
                    }
                },
                "dialog_act": {
                    "Conference-Inform": [
                        [
                            "acronym",
                            "ACML"
                        ],
                        [
                            "ccf",
                            "c"
                        ]
                    ]
                },
                "span_info": [
                    [
                        "Conference-Inform",
                        "acronym",
                        "ACML",
                        0,
                        3
                    ],
                    [
                        "Conference-Inform",
                        "ccf",
                        "c",
                        7,
                        7
                    ]
                ]
            },
            {
                "text": "请问ACML2020是不是2020-08-12要通知了呢",
                "metadata": {},
                "dialog_act": {
                    "Conference-Inform": [
                        [
                            "acronym",
                            "ACML"
                        ],
                        [
                            "year",
                            "2020"
                        ]
                    ],
                    "Conference-Confirm": [
                        [
                            "noticeDue",
                            "2020-08-12"
                        ]
                    ]
                },
                "span_info": [
                    [
                        "Conference-Inform",
                        "acronym",
                        "ACML",
                        2,
                        5
                    ],
                    [
                        "Conference-Inform",
                        "year",
                        "2020",
                        6,
                        9
                    ],
                    [
                        "Conference-Confirm",
                        "noticeDue",
                        "2020-08-12",
                        13,
                        22
                    ]
                ]
            },
            {
                "text": "是的呢",
                "metadata": {
                    "Conference": {
                        "semi": {
                            "acronym": [
                                "ACML"
                            ],
                            "year": [
                                "2020"
                            ],
                            "fullName": [],
                            "paperDue": [],
                            "noticeDue": [
                                "2020-08-12"
                            ],
                            "heldDate": [
                                "2020-11-18"
                            ],
                            "abstractDue": [],
                            "finalDue": [
                                "2020-08-31"
                            ],
                            "location": [
                                "中国北京"
                            ],
                            "category": [],
                            "ccf": [
                                "c"
                            ],
                            "website": [
                                "http://www.acml-conf.org/2020/calls"
                            ],
                            "bestPaper": [],
                            "confRelated": [],
                            "journalRelated": []
                        }
                    },
                    "Paper": {
                        "semi": {
                            "doi": [],
                            "title": [],
                            "author": [],
                            "venue": [],
                            "year": [],
                            "institution": [],
                            "abstract": [],
                            "pdf": [],
                            "blog": []
                        },
                        "download": {
                            "path": []
                        }
                    },
                    "Journal": {
                        "semi": {
                            "name": [],
                            "ISSN": [],
                            "E_ISSN": [],
                            "IF": [],
                            "h_index": [],
                            "self_citing": [],
                            "ccf": [],
                            "sci": [],
                            "website": [],
                            "submit": [],
                            "OA": [],
                            "category": [],
                            "speed": [],
                            "rate": []
                        }
                    },
                    "Author": {
                        "semi": {
                            "name": [],
                            "field": [],
                            "affiliation": [],
                            "position": [],
                            "citations": [],
                            "h_index": [],
                            "pubs": []
                        }
                    },
                    "Institution": {
                        "semi": {
                            "name": [],
                            "address": [],
                            "website": []
                        }
                    }
                },
                "dialog_act": {
                    "General-Positive": [
                        [
                            null,
                            null
                        ]
                    ]
                },
                "span_info": []
            },
            {
                "text": "请问ACML2020会议的全称是什么呢",
                "metadata": {},
                "dialog_act": {
                    "Conference-Inform": [
                        [
                            "acronym",
                            "ACML"
                        ],
                        [
                            "year",
                            "2020"
                        ]
                    ],
                    "Conference-Request": [
                        [
                            "fullName",
                            "?"
                        ]
                    ]
                },
                "span_info": [
                    [
                        "Conference-Inform",
                        "acronym",
                        "ACML",
                        2,
                        5
                    ],
                    [
                        "Conference-Inform",
                        "year",
                        "2020",
                        6,
                        9
                    ]
                ]
            },
            {
                "text": "ACML2020的全称是The 12th Asian Conference on Machine Learning",
                "metadata": {
                    "Conference": {
                        "semi": {
                            "acronym": [
                                "ACML"
                            ],
                            "year": [
                                "2020"
                            ],
                            "fullName": [],
                            "paperDue": [],
                            "noticeDue": [
                                "2020-08-12"
                            ],
                            "heldDate": [
                                "2020-11-18"
                            ],
                            "abstractDue": [],
                            "finalDue": [
                                "2020-08-31"
                            ],
                            "location": [
                                "中国北京"
                            ],
                            "category": [],
                            "ccf": [
                                "c"
                            ],
                            "website": [
                                "http://www.acml-conf.org/2020/calls"
                            ],
                            "bestPaper": [],
                            "confRelated": [],
                            "journalRelated": []
                        }
                    },
                    "Paper": {
                        "semi": {
                            "doi": [],
                            "title": [],
                            "author": [],
                            "venue": [],
                            "year": [],
                            "institution": [],
                            "abstract": [],
                            "pdf": [],
                            "blog": []
                        },
                        "download": {
                            "path": []
                        }
                    },
                    "Journal": {
                        "semi": {
                            "name": [],
                            "ISSN": [],
                            "E_ISSN": [],
                            "IF": [],
                            "h_index": [],
                            "self_citing": [],
                            "ccf": [],
                            "sci": [],
                            "website": [],
                            "submit": [],
                            "OA": [],
                            "category": [],
                            "speed": [],
                            "rate": []
                        }
                    },
                    "Author": {
                        "semi": {
                            "name": [],
                            "field": [],
                            "affiliation": [],
                            "position": [],
                            "citations": [],
                            "h_index": [],
                            "pubs": []
                        }
                    },
                    "Institution": {
                        "semi": {
                            "name": [],
                            "address": [],
                            "website": []
                        }
                    }
                },
                "dialog_act": {
                    "Conference-Inform": [
                        [
                            "acronym",
                            "ACML"
                        ],
                        [
                            "year",
                            "2020"
                        ],
                        [
                            "fullName",
                            "The 12th Asian Conference on Machine Learning"
                        ]
                    ]
                },
                "span_info": [
                    [
                        "Conference-Inform",
                        "acronym",
                        "ACML",
                        0,
                        3
                    ],
                    [
                        "Conference-Inform",
                        "year",
                        "2020",
                        4,
                        7
                    ],
                    [
                        "Conference-Inform",
                        "fullName",
                        "The 12th Asian Conference on Machine Learning",
                        12,
                        56
                    ]
                ]
            },
            {
                "text": "请问ACML2022是研究深度学习领域嘛",
                "metadata": {},
                "dialog_act": {
                    "Conference-Inform": [
                        [
                            "acronym",
                            "ACML"
                        ]
                    ],
                    "Conference-Confirm": [
                        [
                            "category",
                            "深度学习"
                        ]
                    ]
                },
                "span_info": [
                    [
                        "Conference-Inform",
                        "acronym",
                        "ACML",
                        2,
                        5
                    ],
                    [
                        "Conference-Confirm",
                        "category",
                        "深度学习",
                        13,
                        16
                    ]
                ]
            },
            {
                "text": "是的",
                "metadata": {
                    "Conference": {
                        "semi": {
                            "acronym": [
                                "ACML"
                            ],
                            "year": [
                                "2020"
                            ],
                            "fullName": [
                                "The 12th Asian Conference on Machine Learning"
                            ],
                            "paperDue": [],
                            "noticeDue": [
                                "2020-08-12"
                            ],
                            "heldDate": [
                                "2020-11-18"
                            ],
                            "abstractDue": [],
                            "finalDue": [
                                "2020-08-31"
                            ],
                            "location": [
                                "中国北京"
                            ],
                            "category": [
                                "深度学习"
                            ],
                            "ccf": [
                                "c"
                            ],
                            "website": [
                                "http://www.acml-conf.org/2020/calls"
                            ],
                            "bestPaper": [],
                            "confRelated": [],
                            "journalRelated": []
                        }
                    },
                    "Paper": {
                        "semi": {
                            "doi": [],
                            "title": [],
                            "author": [],
                            "venue": [],
                            "year": [],
                            "institution": [],
                            "abstract": [],
                            "pdf": [],
                            "blog": []
                        },
                        "download": {
                            "path": []
                        }
                    },
                    "Journal": {
                        "semi": {
                            "name": [],
                            "ISSN": [],
                            "E_ISSN": [],
                            "IF": [],
                            "h_index": [],
                            "self_citing": [],
                            "ccf": [],
                            "sci": [],
                            "website": [],
                            "submit": [],
                            "OA": [],
                            "category": [],
                            "speed": [],
                            "rate": []
                        }
                    },
                    "Author": {
                        "semi": {
                            "name": [],
                            "field": [],
                            "affiliation": [],
                            "position": [],
                            "citations": [],
                            "h_index": [],
                            "pubs": []
                        }
                    },
                    "Institution": {
                        "semi": {
                            "name": [],
                            "address": [],
                            "website": []
                        }
                    }
                },
                "dialog_act": {
                    "General-Positive": [
                        [
                            null,
                            null
                        ]
                    ]
                },
                "span_info": []
            },
            {
                "text": "你知道到什么时候ACML2020截稿呢",
                "metadata": {},
                "dialog_act": {
                    "Conference-Inform": [
                        [
                            "acronym",
                            "ACML"
                        ],
                        [
                            "year",
                            "2020"
                        ]
                    ],
                    "Conference-Request": [
                        [
                            "paperDue",
                            "?"
                        ]
                    ]
                },
                "span_info": [
                    [
                        "Conference-Inform",
                        "acronym",
                        "ACML",
                        8,
                        11
                    ],
                    [
                        "Conference-Inform",
                        "year",
                        "2020",
                        12,
                        15
                    ]
                ]
            },
            {
                "text": "ACML2020的截稿时间是2020-06-15",
                "metadata": {
                    "Conference": {
                        "semi": {
                            "acronym": [
                                "ACML"
                            ],
                            "year": [
                                "2020"
                            ],
                            "fullName": [
                                "The 12th Asian Conference on Machine Learning"
                            ],
                            "paperDue": [],
                            "noticeDue": [
                                "2020-08-12"
                            ],
                            "heldDate": [
                                "2020-11-18"
                            ],
                            "abstractDue": [],
                            "finalDue": [
                                "2020-08-31"
                            ],
                            "location": [
                                "中国北京"
                            ],
                            "category": [
                                "深度学习"
                            ],
                            "ccf": [
                                "c"
                            ],
                            "website": [
                                "http://www.acml-conf.org/2020/calls"
                            ],
                            "bestPaper": [],
                            "confRelated": [],
                            "journalRelated": []
                        }
                    },
                    "Paper": {
                        "semi": {
                            "doi": [],
                            "title": [],
                            "author": [],
                            "venue": [],
                            "year": [],
                            "institution": [],
                            "abstract": [],
                            "pdf": [],
                            "blog": []
                        },
                        "download": {
                            "path": []
                        }
                    },
                    "Journal": {
                        "semi": {
                            "name": [],
                            "ISSN": [],
                            "E_ISSN": [],
                            "IF": [],
                            "h_index": [],
                            "self_citing": [],
                            "ccf": [],
                            "sci": [],
                            "website": [],
                            "submit": [],
                            "OA": [],
                            "category": [],
                            "speed": [],
                            "rate": []
                        }
                    },
                    "Author": {
                        "semi": {
                            "name": [],
                            "field": [],
                            "affiliation": [],
                            "position": [],
                            "citations": [],
                            "h_index": [],
                            "pubs": []
                        }
                    },
                    "Institution": {
                        "semi": {
                            "name": [],
                            "address": [],
                            "website": []
                        }
                    }
                },
                "dialog_act": {
                    "Conference-Inform": [
                        [
                            "acronym",
                            "ACML"
                        ],
                        [
                            "year",
                            "2020"
                        ],
                        [
                            "paperDue",
                            "2020-06-15"
                        ]
                    ]
                },
                "span_info": [
                    [
                        "Conference-Inform",
                        "acronym",
                        "ACML",
                        0,
                        3
                    ],
                    [
                        "Conference-Inform",
                        "year",
                        "2020",
                        4,
                        7
                    ],
                    [
                        "Conference-Inform",
                        "paperDue",
                        "2020-06-15",
                        14,
                        23
                    ]
                ]
            },
            {
                "text": "ACML有哪些相关会议呢",
                "metadata": {},
                "dialog_act": {
                    "Conference-Inform": [
                        [
                            "acronym",
                            "ACML"
                        ]
                    ],
                    "Conference-Request": [
                        [
                            "confRelated",
                            "?"
                        ]
                    ]
                },
                "span_info": [
                    [
                        "Conference-Inform",
                        "acronym",
                        "ACML",
                        0,
                        3
                    ]
                ]
            },
            {
                "text": "ACML会议的相关会议有ICANN",
                "metadata": {
                    "Conference": {
                        "semi": {
                            "acronym": [
                                "ACML"
                            ],
                            "year": [
                                "2020"
                            ],
                            "fullName": [
                                "The 12th Asian Conference on Machine Learning"
                            ],
                            "paperDue": [
                                "2020-06-15"
                            ],
                            "noticeDue": [
                                "2020-08-12"
                            ],
                            "heldDate": [
                                "2020-11-18"
                            ],
                            "abstractDue": [],
                            "finalDue": [
                                "2020-08-31"
                            ],
                            "location": [
                                "中国北京"
                            ],
                            "category": [
                                "深度学习"
                            ],
                            "ccf": [
                                "c"
                            ],
                            "website": [
                                "http://www.acml-conf.org/2020/calls"
                            ],
                            "bestPaper": [],
                            "confRelated": [],
                            "journalRelated": []
                        }
                    },
                    "Paper": {
                        "semi": {
                            "doi": [],
                            "title": [],
                            "author": [],
                            "venue": [],
                            "year": [],
                            "institution": [],
                            "abstract": [],
                            "pdf": [],
                            "blog": []
                        },
                        "download": {
                            "path": []
                        }
                    },
                    "Journal": {
                        "semi": {
                            "name": [],
                            "ISSN": [],
                            "E_ISSN": [],
                            "IF": [],
                            "h_index": [],
                            "self_citing": [],
                            "ccf": [],
                            "sci": [],
                            "website": [],
                            "submit": [],
                            "OA": [],
                            "category": [],
                            "speed": [],
                            "rate": []
                        }
                    },
                    "Author": {
                        "semi": {
                            "name": [],
                            "field": [],
                            "affiliation": [],
                            "position": [],
                            "citations": [],
                            "h_index": [],
                            "pubs": []
                        }
                    },
                    "Institution": {
                        "semi": {
                            "name": [],
                            "address": [],
                            "website": []
                        }
                    }
                },
                "dialog_act": {
                    "Conference-Inform": [
                        [
                            "acronym",
                            "ACML"
                        ],
                        [
                            "confRelated",
                            "ICANN"
                        ]
                    ]
                },
                "span_info": [
                    [
                        "Conference-Inform",
                        "acronym",
                        "ACML",
                        0,
                        3
                    ],
                    [
                        "Conference-Inform",
                        "confRelated",
                        "ICANN",
                        12,
                        16
                    ]
                ]
            },
            {
                "text": "请问IEEE Trans. Veh. Technol.会议上发表过哪些论文呢",
                "metadata": {},
                "dialog_act": {
                    "Paper-Inform": [
                        [
                            "venue",
                            "IEEE Trans. Veh. Technol."
                        ]
                    ]
                },
                "span_info": [
                    [
                        "Paper-Inform",
                        "venue",
                        "IEEE Trans. Veh. Technol.",
                        2,
                        26
                    ]
                ]
            },
            {
                "text": "共有50篇满足条件的论文，您还有什么其他的要求嘛",
                "metadata": {
                    "Conference": {
                        "semi": {
                            "acronym": [
                                "ACML"
                            ],
                            "year": [],
                            "fullName": [],
                            "paperDue": [],
                            "noticeDue": [],
                            "heldDate": [],
                            "abstractDue": [],
                            "finalDue": [],
                            "location": [],
                            "category": [],
                            "ccf": [],
                            "website": [],
                            "bestPaper": [],
                            "confRelated": [
                                "ICANN"
                            ],
                            "journalRelated": []
                        }
                    },
                    "Paper": {
                        "semi": {
                            "doi": [],
                            "title": [],
                            "author": [],
                            "venue": [
                                "IEEE Trans. Veh. Technol."
                            ],
                            "year": [],
                            "institution": [],
                            "abstract": [],
                            "pdf": [],
                            "blog": []
                        },
                        "download": {
                            "path": []
                        }
                    },
                    "Journal": {
                        "semi": {
                            "name": [],
                            "ISSN": [],
                            "E_ISSN": [],
                            "IF": [],
                            "h_index": [],
                            "self_citing": [],
                            "ccf": [],
                            "sci": [],
                            "website": [],
                            "submit": [],
                            "OA": [],
                            "category": [],
                            "speed": [],
                            "rate": []
                        }
                    },
                    "Author": {
                        "semi": {
                            "name": [],
                            "field": [],
                            "affiliation": [],
                            "position": [],
                            "citations": [],
                            "h_index": [],
                            "pubs": []
                        }
                    },
                    "Institution": {
                        "semi": {
                            "name": [],
                            "address": [],
                            "website": []
                        }
                    }
                },
                "dialog_act": {
                    "Paper-Recommend": [
                        [
                            "Choice",
                            "261"
                        ]
                    ],
                    "Paper-Reqmore": [
                        [
                            "?",
                            "?"
                        ]
                    ]
                },
                "span_info": []
            },
            {
                "text": "2021发表的论文有哪些呢",
                "metadata": {},
                "dialog_act": {
                    "Paper-Inform": [
                        [
                            "year",
                            "2021"
                        ]
                    ]
                },
                "span_info": [
                    [
                        "Paper-Add",
                        "year",
                        "2021",
                        0,
                        3
                    ]
                ]
            },
            {
                "text": "没有相关的论文",
                "metadata": {
                    "Conference": {
                        "semi": {
                            "acronym": [
                                "ACML"
                            ],
                            "year": [],
                            "fullName": [],
                            "paperDue": [],
                            "noticeDue": [],
                            "heldDate": [],
                            "abstractDue": [],
                            "finalDue": [],
                            "location": [],
                            "category": [],
                            "ccf": [],
                            "website": [],
                            "bestPaper": [],
                            "confRelated": [
                                "ICANN"
                            ],
                            "journalRelated": []
                        }
                    },
                    "Paper": {
                        "semi": {
                            "doi": [],
                            "title": [],
                            "author": [],
                            "venue": [
                                "IEEE Trans. Veh. Technol."
                            ],
                            "year": [
                                "2021"
                            ],
                            "institution": [],
                            "abstract": [],
                            "pdf": [],
                            "blog": []
                        },
                        "download": {
                            "path": []
                        }
                    },
                    "Journal": {
                        "semi": {
                            "name": [],
                            "ISSN": [],
                            "E_ISSN": [],
                            "IF": [],
                            "h_index": [],
                            "self_citing": [],
                            "ccf": [],
                            "sci": [],
                            "website": [],
                            "submit": [],
                            "OA": [],
                            "category": [],
                            "speed": [],
                            "rate": []
                        }
                    },
                    "Author": {
                        "semi": {
                            "name": [],
                            "field": [],
                            "affiliation": [],
                            "position": [],
                            "citations": [],
                            "h_index": [],
                            "pubs": []
                        }
                    },
                    "Institution": {
                        "semi": {
                            "name": [],
                            "address": [],
                            "website": []
                        }
                    }
                },
                "dialog_act": {
                    "Paper-Recommend": [
                        [
                            "Choice",
                            "0"
                        ]
                    ]
                },
                "span_info": []
            },
            {
                "text": "你知道如果发表在IEEE Trans. Commun.上的呢",
                "metadata": {},
                "dialog_act": {
                    "Paper-Inform": [
                        [
                            "venue",
                            "IEEE Trans. Commun."
                        ]
                    ]
                },
                "span_info": [
                    [
                        "Paper-Update",
                        "venue",
                        "IEEE Trans. Commun.",
                        8,
                        26
                    ]
                ]
            },
            {
                "text": "满足条件的会议共有2篇，它们是Beamforming Design for Multiuser Transmission Through Reconfigurable Intelligent Surface和Packet Error Probability and Effective Throughput for Ultra-Reliable and Low-Latency UAV Communications",
                "metadata": {
                    "Conference": {
                        "semi": {
                            "acronym": [
                                "ACML"
                            ],
                            "year": [],
                            "fullName": [],
                            "paperDue": [],
                            "noticeDue": [],
                            "heldDate": [],
                            "abstractDue": [],
                            "finalDue": [],
                            "location": [],
                            "category": [],
                            "ccf": [],
                            "website": [],
                            "bestPaper": [],
                            "confRelated": [
                                "ICANN"
                            ],
                            "journalRelated": []
                        }
                    },
                    "Paper": {
                        "semi": {
                            "doi": [],
                            "title": [],
                            "author": [],
                            "venue": [
                                "IEEE Trans. Commun."
                            ],
                            "year": [
                                "2021"
                            ],
                            "institution": [],
                            "abstract": [],
                            "pdf": [],
                            "blog": []
                        },
                        "download": {
                            "path": []
                        }
                    },
                    "Journal": {
                        "semi": {
                            "name": [],
                            "ISSN": [],
                            "E_ISSN": [],
                            "IF": [],
                            "h_index": [],
                            "self_citing": [],
                            "ccf": [],
                            "sci": [],
                            "website": [],
                            "submit": [],
                            "OA": [],
                            "category": [],
                            "speed": [],
                            "rate": []
                        }
                    },
                    "Author": {
                        "semi": {
                            "name": [],
                            "field": [],
                            "affiliation": [],
                            "position": [],
                            "citations": [],
                            "h_index": [],
                            "pubs": []
                        }
                    },
                    "Institution": {
                        "semi": {
                            "name": [],
                            "address": [],
                            "website": []
                        }
                    }
                },
                "dialog_act": {
                    "Paper-Recommend": [
                        [
                            "Choice",
                            "2"
                        ],
                        [
                            "title",
                            "Beamforming Design for Multiuser Transmission Through Reconfigurable Intelligent Surface"
                        ],
                        [
                            "title",
                            "Packet Error Probability and Effective Throughput for Ultra-Reliable and Low-Latency UAV Communications"
                        ]
                    ]
                },
                "span_info": [
                    [
                        "Paper-Recommend",
                        "title",
                        "Beamforming Design for Multiuser Transmission Through Reconfigurable Intelligent Surface",
                        15,
                        102
                    ],
                    [
                        "Paper-Recommend",
                        "title",
                        "Packet Error Probability and Effective Throughput for Ultra-Reliable and Low-Latency UAV Communications",
                        104,
                        206
                    ]
                ]
            }
        ]
    }
}