{
    "MFTF_011417": {
        "goal": {
            "Conference": {
                "semi": {
                    "acronym": [
                        "ICONIP"
                    ],
                    "year": [],
                    "fullName": [],
                    "paperDue": [],
                    "noticeDue": [],
                    "heldDate": [],
                    "abstractDue": [],
                    "finalDue": [],
                    "location": [],
                    "category": [],
                    "ccf": [],
                    "website": [],
                    "bestPaper": [],
                    "confRelated": [],
                    "journalRelated": []
                }
            },
            "Paper": {
                "semi": {
                    "doi": [],
                    "title": [],
                    "author": [],
                    "venue": [
                        "CoRR"
                    ],
                    "year": [],
                    "institution": [],
                    "abstract": [],
                    "pdf": [],
                    "blog": []
                },
                "download": {
                    "path": []
                }
            },
            "Journal": {
                "semi": {
                    "name": [],
                    "ISSN": [],
                    "E_ISSN": [],
                    "IF": [],
                    "h_index": [],
                    "self_citing": [],
                    "ccf": [],
                    "sci": [],
                    "website": [],
                    "submit": [],
                    "OA": [],
                    "category": [],
                    "speed": [],
                    "rate": []
                }
            },
            "Author": {
                "semi": {
                    "name": [],
                    "field": [],
                    "affiliation": [],
                    "position": [],
                    "citations": [],
                    "h_index": [],
                    "pubs": []
                }
            },
            "Institution": {
                "semi": {
                    "name": [],
                    "address": [],
                    "website": []
                }
            },
            "description": [
                "Given heldDate; Recommend Conference",
                "When system confirms, give positive answer",
                "Request detail of noticeDue",
                "Request detail of website",
                "Request detail of abstractDue",
                "Request detail of paperDue,finalDue",
                "Confirm detail of ccf",
                "Request detail of category",
                "Confirm detail of location",
                "Request detail of bestPaper",
                "Given venue; Recommend Paper",
                "When system confirms, give positive answer",
                "When system confirms, give positive answer"
            ]
        },
        "log": [
            {
                "text": "从11月22日到12月9日举办的会议有哪些",
                "metadata": {},
                "dialog_act": {
                    "Conference-Inform": [
                        [
                            "heldDate",
                            "从11月22日到12月9日"
                        ]
                    ]
                },
                "span_info": [
                    [
                        "Conference-Inform",
                        "heldDate",
                        "从11月22日到12月9日",
                        0,
                        12
                    ]
                ]
            },
            {
                "text": "共有50个满足条件的会议，你确定要输出嘛",
                "metadata": {
                    "Conference": {
                        "semi": {
                            "acronym": [],
                            "year": [],
                            "fullName": [],
                            "paperDue": [],
                            "noticeDue": [],
                            "heldDate": [
                                "从11月22日到12月9日"
                            ],
                            "abstractDue": [],
                            "finalDue": [],
                            "location": [],
                            "category": [],
                            "ccf": [],
                            "website": [],
                            "bestPaper": [],
                            "confRelated": [],
                            "journalRelated": []
                        }
                    },
                    "Paper": {
                        "semi": {
                            "doi": [],
                            "title": [],
                            "author": [],
                            "venue": [],
                            "year": [],
                            "institution": [],
                            "abstract": [],
                            "pdf": [],
                            "blog": []
                        },
                        "download": {
                            "path": []
                        }
                    },
                    "Journal": {
                        "semi": {
                            "name": [],
                            "ISSN": [],
                            "E_ISSN": [],
                            "IF": [],
                            "h_index": [],
                            "self_citing": [],
                            "ccf": [],
                            "sci": [],
                            "website": [],
                            "submit": [],
                            "OA": [],
                            "category": [],
                            "speed": [],
                            "rate": []
                        }
                    },
                    "Author": {
                        "semi": {
                            "name": [],
                            "field": [],
                            "affiliation": [],
                            "position": [],
                            "citations": [],
                            "h_index": [],
                            "pubs": []
                        }
                    },
                    "Institution": {
                        "semi": {
                            "name": [],
                            "address": [],
                            "website": []
                        }
                    }
                },
                "dialog_act": {
                    "Conference-Recommend": [
                        [
                            "Choice",
                            "46"
                        ]
                    ],
                    "Conference-Confirm": [
                        [
                            null,
                            null
                        ]
                    ]
                },
                "span_info": []
            },
            {
                "text": "你理解的没错",
                "metadata": {},
                "dialog_act": {
                    "General-Positive": [
                        [
                            null,
                            null
                        ]
                    ]
                },
                "span_info": []
            },
            {
                "text": "共找到50个符合条件的会议，点击展开可查看具体信息",
                "metadata": {
                    "Conference": {
                        "semi": {
                            "acronym": [],
                            "year": [],
                            "fullName": [],
                            "paperDue": [],
                            "noticeDue": [],
                            "heldDate": [
                                "从11月22日到12月9日"
                            ],
                            "abstractDue": [],
                            "finalDue": [],
                            "location": [],
                            "category": [],
                            "ccf": [],
                            "website": [],
                            "bestPaper": [],
                            "confRelated": [],
                            "journalRelated": []
                        }
                    },
                    "Paper": {
                        "semi": {
                            "doi": [],
                            "title": [],
                            "author": [],
                            "venue": [],
                            "year": [],
                            "institution": [],
                            "abstract": [],
                            "pdf": [],
                            "blog": []
                        },
                        "download": {
                            "path": []
                        }
                    },
                    "Journal": {
                        "semi": {
                            "name": [],
                            "ISSN": [],
                            "E_ISSN": [],
                            "IF": [],
                            "h_index": [],
                            "self_citing": [],
                            "ccf": [],
                            "sci": [],
                            "website": [],
                            "submit": [],
                            "OA": [],
                            "category": [],
                            "speed": [],
                            "rate": []
                        }
                    },
                    "Author": {
                        "semi": {
                            "name": [],
                            "field": [],
                            "affiliation": [],
                            "position": [],
                            "citations": [],
                            "h_index": [],
                            "pubs": []
                        }
                    },
                    "Institution": {
                        "semi": {
                            "name": [],
                            "address": [],
                            "website": []
                        }
                    }
                },
                "dialog_act": {
                    "Conference-Recommend": [
                        [
                            "Choice",
                            "46"
                        ],
                        [
                            "acronym",
                            "ICONIP"
                        ],
                        [
                            "acronym",
                            "ISPEC"
                        ],
                        [
                            "acronym",
                            "KICSS"
                        ]
                    ]
                },
                "span_info": [
                    [
                        "Conference-Recommend",
                        "acronym",
                        "ICONIP",
                        -1,
                        4
                    ],
                    [
                        "Conference-Recommend",
                        "acronym",
                        "ISPEC",
                        -1,
                        3
                    ],
                    [
                        "Conference-Recommend",
                        "acronym",
                        "KICSS",
                        -1,
                        3
                    ]
                ]
            },
            {
                "text": "咨询一下ICONIP2009的通知日期是什么呢",
                "metadata": {},
                "dialog_act": {
                    "Conference-Inform": [
                        [
                            "acronym",
                            "ICONIP"
                        ],
                        [
                            "year",
                            "2009"
                        ]
                    ],
                    "Conference-Request": [
                        [
                            "noticeDue",
                            "?"
                        ]
                    ]
                },
                "span_info": [
                    [
                        "Conference-Inform",
                        "acronym",
                        "ICONIP",
                        4,
                        9
                    ],
                    [
                        "Conference-Inform",
                        "year",
                        "2009",
                        10,
                        13
                    ]
                ]
            },
            {
                "text": "ICONIP2009的通知时间是2009-08-01",
                "metadata": {
                    "Conference": {
                        "semi": {
                            "acronym": [
                                "ICONIP"
                            ],
                            "year": [
                                "2009"
                            ],
                            "fullName": [],
                            "paperDue": [],
                            "noticeDue": [],
                            "heldDate": [
                                "从11月22日到12月9日"
                            ],
                            "abstractDue": [],
                            "finalDue": [],
                            "location": [],
                            "category": [],
                            "ccf": [],
                            "website": [],
                            "bestPaper": [],
                            "confRelated": [],
                            "journalRelated": []
                        }
                    },
                    "Paper": {
                        "semi": {
                            "doi": [],
                            "title": [],
                            "author": [],
                            "venue": [],
                            "year": [],
                            "institution": [],
                            "abstract": [],
                            "pdf": [],
                            "blog": []
                        },
                        "download": {
                            "path": []
                        }
                    },
                    "Journal": {
                        "semi": {
                            "name": [],
                            "ISSN": [],
                            "E_ISSN": [],
                            "IF": [],
                            "h_index": [],
                            "self_citing": [],
                            "ccf": [],
                            "sci": [],
                            "website": [],
                            "submit": [],
                            "OA": [],
                            "category": [],
                            "speed": [],
                            "rate": []
                        }
                    },
                    "Author": {
                        "semi": {
                            "name": [],
                            "field": [],
                            "affiliation": [],
                            "position": [],
                            "citations": [],
                            "h_index": [],
                            "pubs": []
                        }
                    },
                    "Institution": {
                        "semi": {
                            "name": [],
                            "address": [],
                            "website": []
                        }
                    }
                },
                "dialog_act": {
                    "Conference-Inform": [
                        [
                            "acronym",
                            "ICONIP"
                        ],
                        [
                            "year",
                            "2009"
                        ],
                        [
                            "noticeDue",
                            "2009-08-01"
                        ]
                    ]
                },
                "span_info": [
                    [
                        "Conference-Inform",
                        "acronym",
                        "ICONIP",
                        0,
                        5
                    ],
                    [
                        "Conference-Inform",
                        "year",
                        "2009",
                        6,
                        9
                    ],
                    [
                        "Conference-Inform",
                        "noticeDue",
                        "2009-08-01",
                        16,
                        25
                    ]
                ]
            },
            {
                "text": "你知道ICONIP2009会议的官网是什么呢",
                "metadata": {},
                "dialog_act": {
                    "Conference-Inform": [
                        [
                            "acronym",
                            "ICONIP"
                        ],
                        [
                            "year",
                            "2009"
                        ]
                    ],
                    "Conference-Request": [
                        [
                            "website",
                            "?"
                        ]
                    ]
                },
                "span_info": [
                    [
                        "Conference-Inform",
                        "acronym",
                        "ICONIP",
                        3,
                        8
                    ],
                    [
                        "Conference-Inform",
                        "year",
                        "2009",
                        9,
                        12
                    ]
                ]
            },
            {
                "text": "ICONIP2009的官网是http://www.iconip09.org/index.html",
                "metadata": {
                    "Conference": {
                        "semi": {
                            "acronym": [
                                "ICONIP"
                            ],
                            "year": [
                                "2009"
                            ],
                            "fullName": [],
                            "paperDue": [],
                            "noticeDue": [
                                "2009-08-01"
                            ],
                            "heldDate": [
                                "从11月22日到12月9日"
                            ],
                            "abstractDue": [],
                            "finalDue": [],
                            "location": [],
                            "category": [],
                            "ccf": [],
                            "website": [],
                            "bestPaper": [],
                            "confRelated": [],
                            "journalRelated": []
                        }
                    },
                    "Paper": {
                        "semi": {
                            "doi": [],
                            "title": [],
                            "author": [],
                            "venue": [],
                            "year": [],
                            "institution": [],
                            "abstract": [],
                            "pdf": [],
                            "blog": []
                        },
                        "download": {
                            "path": []
                        }
                    },
                    "Journal": {
                        "semi": {
                            "name": [],
                            "ISSN": [],
                            "E_ISSN": [],
                            "IF": [],
                            "h_index": [],
                            "self_citing": [],
                            "ccf": [],
                            "sci": [],
                            "website": [],
                            "submit": [],
                            "OA": [],
                            "category": [],
                            "speed": [],
                            "rate": []
                        }
                    },
                    "Author": {
                        "semi": {
                            "name": [],
                            "field": [],
                            "affiliation": [],
                            "position": [],
                            "citations": [],
                            "h_index": [],
                            "pubs": []
                        }
                    },
                    "Institution": {
                        "semi": {
                            "name": [],
                            "address": [],
                            "website": []
                        }
                    }
                },
                "dialog_act": {
                    "Conference-Inform": [
                        [
                            "acronym",
                            "ICONIP"
                        ],
                        [
                            "year",
                            "2009"
                        ],
                        [
                            "website",
                            "http://www.iconip09.org/index.html"
                        ]
                    ]
                },
                "span_info": [
                    [
                        "Conference-Inform",
                        "acronym",
                        "ICONIP",
                        0,
                        5
                    ],
                    [
                        "Conference-Inform",
                        "year",
                        "2009",
                        6,
                        9
                    ],
                    [
                        "Conference-Inform",
                        "website",
                        "http://www.iconip09.org/index.html",
                        14,
                        47
                    ]
                ]
            },
            {
                "text": "咨询一下ICONIP2009的截止提交摘要日期是什么呢",
                "metadata": {},
                "dialog_act": {
                    "Conference-Inform": [
                        [
                            "acronym",
                            "ICONIP"
                        ],
                        [
                            "year",
                            "2009"
                        ]
                    ],
                    "Conference-Request": [
                        [
                            "abstractDue",
                            "?"
                        ]
                    ]
                },
                "span_info": [
                    [
                        "Conference-Inform",
                        "acronym",
                        "ICONIP",
                        4,
                        9
                    ],
                    [
                        "Conference-Inform",
                        "year",
                        "2009",
                        10,
                        13
                    ]
                ]
            },
            {
                "text": "目前数据库中没有找到ICONIP2009的摘要截稿时间，之后我们会不断完善数据，感谢您的理解",
                "metadata": {
                    "Conference": {
                        "semi": {
                            "acronym": [
                                "ICONIP"
                            ],
                            "year": [
                                "2009"
                            ],
                            "fullName": [],
                            "paperDue": [],
                            "noticeDue": [
                                "2009-08-01"
                            ],
                            "heldDate": [
                                "从11月22日到12月9日"
                            ],
                            "abstractDue": [],
                            "finalDue": [],
                            "location": [],
                            "category": [],
                            "ccf": [],
                            "website": [
                                "http://www.iconip09.org/index.html"
                            ],
                            "bestPaper": [],
                            "confRelated": [],
                            "journalRelated": []
                        }
                    },
                    "Paper": {
                        "semi": {
                            "doi": [],
                            "title": [],
                            "author": [],
                            "venue": [],
                            "year": [],
                            "institution": [],
                            "abstract": [],
                            "pdf": [],
                            "blog": []
                        },
                        "download": {
                            "path": []
                        }
                    },
                    "Journal": {
                        "semi": {
                            "name": [],
                            "ISSN": [],
                            "E_ISSN": [],
                            "IF": [],
                            "h_index": [],
                            "self_citing": [],
                            "ccf": [],
                            "sci": [],
                            "website": [],
                            "submit": [],
                            "OA": [],
                            "category": [],
                            "speed": [],
                            "rate": []
                        }
                    },
                    "Author": {
                        "semi": {
                            "name": [],
                            "field": [],
                            "affiliation": [],
                            "position": [],
                            "citations": [],
                            "h_index": [],
                            "pubs": []
                        }
                    },
                    "Institution": {
                        "semi": {
                            "name": [],
                            "address": [],
                            "website": []
                        }
                    }
                },
                "dialog_act": {
                    "Conference-Inform": [
                        [
                            "acronym",
                            "ICONIP"
                        ],
                        [
                            "year",
                            "2009"
                        ]
                    ],
                    "Conference-NoInform": [
                        [
                            "abstractDue",
                            null
                        ]
                    ]
                },
                "span_info": [
                    [
                        "Conference-Inform",
                        "acronym",
                        "ICONIP",
                        10,
                        15
                    ],
                    [
                        "Conference-Inform",
                        "year",
                        "2009",
                        16,
                        19
                    ]
                ]
            },
            {
                "text": "ICONIP2009的截稿时间和最终版截止时间分别是什么呢",
                "metadata": {},
                "dialog_act": {
                    "Conference-Inform": [
                        [
                            "acronym",
                            "ICONIP"
                        ],
                        [
                            "year",
                            "2009"
                        ]
                    ],
                    "Conference-Request": [
                        [
                            "paperDue",
                            "?"
                        ],
                        [
                            "finalDue",
                            "?"
                        ]
                    ]
                },
                "span_info": [
                    [
                        "Conference-Inform",
                        "acronym",
                        "ICONIP",
                        0,
                        5
                    ],
                    [
                        "Conference-Inform",
                        "year",
                        "2009",
                        6,
                        9
                    ]
                ]
            },
            {
                "text": "ICONIP2009的截稿时间是2009-06-01，最终版截稿时间是2009-06-01",
                "metadata": {
                    "Conference": {
                        "semi": {
                            "acronym": [
                                "ICONIP"
                            ],
                            "year": [
                                "2009"
                            ],
                            "fullName": [],
                            "paperDue": [],
                            "noticeDue": [
                                "2009-08-01"
                            ],
                            "heldDate": [
                                "从11月22日到12月9日"
                            ],
                            "abstractDue": [],
                            "finalDue": [],
                            "location": [],
                            "category": [],
                            "ccf": [],
                            "website": [
                                "http://www.iconip09.org/index.html"
                            ],
                            "bestPaper": [],
                            "confRelated": [],
                            "journalRelated": []
                        }
                    },
                    "Paper": {
                        "semi": {
                            "doi": [],
                            "title": [],
                            "author": [],
                            "venue": [],
                            "year": [],
                            "institution": [],
                            "abstract": [],
                            "pdf": [],
                            "blog": []
                        },
                        "download": {
                            "path": []
                        }
                    },
                    "Journal": {
                        "semi": {
                            "name": [],
                            "ISSN": [],
                            "E_ISSN": [],
                            "IF": [],
                            "h_index": [],
                            "self_citing": [],
                            "ccf": [],
                            "sci": [],
                            "website": [],
                            "submit": [],
                            "OA": [],
                            "category": [],
                            "speed": [],
                            "rate": []
                        }
                    },
                    "Author": {
                        "semi": {
                            "name": [],
                            "field": [],
                            "affiliation": [],
                            "position": [],
                            "citations": [],
                            "h_index": [],
                            "pubs": []
                        }
                    },
                    "Institution": {
                        "semi": {
                            "name": [],
                            "address": [],
                            "website": []
                        }
                    }
                },
                "dialog_act": {
                    "Conference-Inform": [
                        [
                            "acronym",
                            "ICONIP"
                        ],
                        [
                            "year",
                            "2009"
                        ],
                        [
                            "paperDue",
                            "2009-06-01"
                        ],
                        [
                            "finalDue",
                            "2009-09-01"
                        ]
                    ]
                },
                "span_info": [
                    [
                        "Conference-Inform",
                        "acronym",
                        "ICONIP",
                        0,
                        5
                    ],
                    [
                        "Conference-Inform",
                        "year",
                        "2009",
                        6,
                        9
                    ],
                    [
                        "Conference-Inform",
                        "paperDue",
                        "2009-06-01",
                        16,
                        25
                    ],
                    [
                        "Conference-Inform",
                        "finalDue",
                        "2009-09-01",
                        -1,
                        8
                    ]
                ]
            },
            {
                "text": "你知道ICONIP2022是不是c会议呢",
                "metadata": {},
                "dialog_act": {
                    "Conference-Inform": [
                        [
                            "acronym",
                            "ICONIP"
                        ]
                    ],
                    "Conference-Confirm": [
                        [
                            "ccf",
                            "c"
                        ]
                    ]
                },
                "span_info": [
                    [
                        "Conference-Inform",
                        "acronym",
                        "ICONIP",
                        3,
                        8
                    ],
                    [
                        "Conference-Confirm",
                        "ccf",
                        "c",
                        16,
                        16
                    ]
                ]
            },
            {
                "text": "没有问题",
                "metadata": {
                    "Conference": {
                        "semi": {
                            "acronym": [
                                "ICONIP"
                            ],
                            "year": [
                                "2009"
                            ],
                            "fullName": [],
                            "paperDue": [
                                "2009-06-01"
                            ],
                            "noticeDue": [
                                "2009-08-01"
                            ],
                            "heldDate": [
                                "从11月22日到12月9日"
                            ],
                            "abstractDue": [],
                            "finalDue": [
                                "2009-09-01"
                            ],
                            "location": [],
                            "category": [],
                            "ccf": [
                                "c"
                            ],
                            "website": [
                                "http://www.iconip09.org/index.html"
                            ],
                            "bestPaper": [],
                            "confRelated": [],
                            "journalRelated": []
                        }
                    },
                    "Paper": {
                        "semi": {
                            "doi": [],
                            "title": [],
                            "author": [],
                            "venue": [],
                            "year": [],
                            "institution": [],
                            "abstract": [],
                            "pdf": [],
                            "blog": []
                        },
                        "download": {
                            "path": []
                        }
                    },
                    "Journal": {
                        "semi": {
                            "name": [],
                            "ISSN": [],
                            "E_ISSN": [],
                            "IF": [],
                            "h_index": [],
                            "self_citing": [],
                            "ccf": [],
                            "sci": [],
                            "website": [],
                            "submit": [],
                            "OA": [],
                            "category": [],
                            "speed": [],
                            "rate": []
                        }
                    },
                    "Author": {
                        "semi": {
                            "name": [],
                            "field": [],
                            "affiliation": [],
                            "position": [],
                            "citations": [],
                            "h_index": [],
                            "pubs": []
                        }
                    },
                    "Institution": {
                        "semi": {
                            "name": [],
                            "address": [],
                            "website": []
                        }
                    }
                },
                "dialog_act": {
                    "General-Positive": [
                        [
                            null,
                            null
                        ]
                    ]
                },
                "span_info": []
            },
            {
                "text": "介绍一下ICONIP是什么领域的会议呢",
                "metadata": {},
                "dialog_act": {
                    "Conference-Inform": [
                        [
                            "acronym",
                            "ICONIP"
                        ]
                    ],
                    "Conference-Request": [
                        [
                            "category",
                            "?"
                        ]
                    ]
                },
                "span_info": [
                    [
                        "Conference-Inform",
                        "acronym",
                        "ICONIP",
                        4,
                        9
                    ]
                ]
            },
            {
                "text": "ICONIP会议的研究领域有家长认可",
                "metadata": {
                    "Conference": {
                        "semi": {
                            "acronym": [
                                "ICONIP"
                            ],
                            "year": [
                                "2009"
                            ],
                            "fullName": [],
                            "paperDue": [
                                "2009-06-01"
                            ],
                            "noticeDue": [
                                "2009-08-01"
                            ],
                            "heldDate": [
                                "从11月22日到12月9日"
                            ],
                            "abstractDue": [],
                            "finalDue": [
                                "2009-09-01"
                            ],
                            "location": [],
                            "category": [],
                            "ccf": [
                                "c"
                            ],
                            "website": [
                                "http://www.iconip09.org/index.html"
                            ],
                            "bestPaper": [],
                            "confRelated": [],
                            "journalRelated": []
                        }
                    },
                    "Paper": {
                        "semi": {
                            "doi": [],
                            "title": [],
                            "author": [],
                            "venue": [],
                            "year": [],
                            "institution": [],
                            "abstract": [],
                            "pdf": [],
                            "blog": []
                        },
                        "download": {
                            "path": []
                        }
                    },
                    "Journal": {
                        "semi": {
                            "name": [],
                            "ISSN": [],
                            "E_ISSN": [],
                            "IF": [],
                            "h_index": [],
                            "self_citing": [],
                            "ccf": [],
                            "sci": [],
                            "website": [],
                            "submit": [],
                            "OA": [],
                            "category": [],
                            "speed": [],
                            "rate": []
                        }
                    },
                    "Author": {
                        "semi": {
                            "name": [],
                            "field": [],
                            "affiliation": [],
                            "position": [],
                            "citations": [],
                            "h_index": [],
                            "pubs": []
                        }
                    },
                    "Institution": {
                        "semi": {
                            "name": [],
                            "address": [],
                            "website": []
                        }
                    }
                },
                "dialog_act": {
                    "Conference-Inform": [
                        [
                            "acronym",
                            "ICONIP"
                        ],
                        [
                            "category",
                            "家长认可"
                        ]
                    ]
                },
                "span_info": [
                    [
                        "Conference-Inform",
                        "acronym",
                        "ICONIP",
                        0,
                        5
                    ],
                    [
                        "Conference-Inform",
                        "category",
                        "家长认可",
                        14,
                        17
                    ]
                ]
            },
            {
                "text": "ICONIP2009是不是要在2010年，佐治亚州亚特兰大举办呢",
                "metadata": {},
                "dialog_act": {
                    "Conference-Inform": [
                        [
                            "acronym",
                            "ICONIP"
                        ],
                        [
                            "year",
                            "2009"
                        ]
                    ],
                    "Conference-Confirm": [
                        [
                            "location",
                            "2010年，佐治亚州亚特兰大"
                        ]
                    ]
                },
                "span_info": [
                    [
                        "Conference-Inform",
                        "acronym",
                        "ICONIP",
                        0,
                        5
                    ],
                    [
                        "Conference-Inform",
                        "year",
                        "2009",
                        6,
                        9
                    ],
                    [
                        "Conference-Confirm",
                        "location",
                        "2010年，佐治亚州亚特兰大",
                        15,
                        28
                    ]
                ]
            },
            {
                "text": "嗯嗯是的呢",
                "metadata": {
                    "Conference": {
                        "semi": {
                            "acronym": [
                                "ICONIP"
                            ],
                            "year": [
                                "2009"
                            ],
                            "fullName": [],
                            "paperDue": [
                                "2009-06-01"
                            ],
                            "noticeDue": [
                                "2009-08-01"
                            ],
                            "heldDate": [
                                "从11月22日到12月9日"
                            ],
                            "abstractDue": [],
                            "finalDue": [
                                "2009-09-01"
                            ],
                            "location": [
                                "2010年，佐治亚州亚特兰大"
                            ],
                            "category": [
                                "家长认可"
                            ],
                            "ccf": [
                                "c"
                            ],
                            "website": [
                                "http://www.iconip09.org/index.html"
                            ],
                            "bestPaper": [],
                            "confRelated": [],
                            "journalRelated": []
                        }
                    },
                    "Paper": {
                        "semi": {
                            "doi": [],
                            "title": [],
                            "author": [],
                            "venue": [],
                            "year": [],
                            "institution": [],
                            "abstract": [],
                            "pdf": [],
                            "blog": []
                        },
                        "download": {
                            "path": []
                        }
                    },
                    "Journal": {
                        "semi": {
                            "name": [],
                            "ISSN": [],
                            "E_ISSN": [],
                            "IF": [],
                            "h_index": [],
                            "self_citing": [],
                            "ccf": [],
                            "sci": [],
                            "website": [],
                            "submit": [],
                            "OA": [],
                            "category": [],
                            "speed": [],
                            "rate": []
                        }
                    },
                    "Author": {
                        "semi": {
                            "name": [],
                            "field": [],
                            "affiliation": [],
                            "position": [],
                            "citations": [],
                            "h_index": [],
                            "pubs": []
                        }
                    },
                    "Institution": {
                        "semi": {
                            "name": [],
                            "address": [],
                            "website": []
                        }
                    }
                },
                "dialog_act": {
                    "General-Positive": [
                        [
                            null,
                            null
                        ]
                    ]
                },
                "span_info": []
            },
            {
                "text": "你知道ICONIP有哪些最佳论文呢",
                "metadata": {},
                "dialog_act": {
                    "Conference-Inform": [
                        [
                            "acronym",
                            "ICONIP"
                        ]
                    ],
                    "Conference-Request": [
                        [
                            "bestPaper",
                            "?"
                        ]
                    ]
                },
                "span_info": [
                    [
                        "Conference-Inform",
                        "acronym",
                        "ICONIP",
                        3,
                        8
                    ]
                ]
            },
            {
                "text": "目前数据库中没有找到ICONIP会议的最佳论文，之后我们会不断完善数据，感谢您的理解",
                "metadata": {
                    "Conference": {
                        "semi": {
                            "acronym": [
                                "ICONIP"
                            ],
                            "year": [
                                "2009"
                            ],
                            "fullName": [],
                            "paperDue": [
                                "2009-06-01"
                            ],
                            "noticeDue": [
                                "2009-08-01"
                            ],
                            "heldDate": [
                                "从11月22日到12月9日"
                            ],
                            "abstractDue": [],
                            "finalDue": [
                                "2009-09-01"
                            ],
                            "location": [
                                "2010年，佐治亚州亚特兰大"
                            ],
                            "category": [
                                "家长认可"
                            ],
                            "ccf": [
                                "c"
                            ],
                            "website": [
                                "http://www.iconip09.org/index.html"
                            ],
                            "bestPaper": [],
                            "confRelated": [],
                            "journalRelated": []
                        }
                    },
                    "Paper": {
                        "semi": {
                            "doi": [],
                            "title": [],
                            "author": [],
                            "venue": [],
                            "year": [],
                            "institution": [],
                            "abstract": [],
                            "pdf": [],
                            "blog": []
                        },
                        "download": {
                            "path": []
                        }
                    },
                    "Journal": {
                        "semi": {
                            "name": [],
                            "ISSN": [],
                            "E_ISSN": [],
                            "IF": [],
                            "h_index": [],
                            "self_citing": [],
                            "ccf": [],
                            "sci": [],
                            "website": [],
                            "submit": [],
                            "OA": [],
                            "category": [],
                            "speed": [],
                            "rate": []
                        }
                    },
                    "Author": {
                        "semi": {
                            "name": [],
                            "field": [],
                            "affiliation": [],
                            "position": [],
                            "citations": [],
                            "h_index": [],
                            "pubs": []
                        }
                    },
                    "Institution": {
                        "semi": {
                            "name": [],
                            "address": [],
                            "website": []
                        }
                    }
                },
                "dialog_act": {
                    "Conference-Inform": [
                        [
                            "acronym",
                            "ICONIP"
                        ]
                    ],
                    "Conference-NoInform": [
                        [
                            "bestPaper",
                            null
                        ]
                    ]
                },
                "span_info": [
                    [
                        "Conference-Inform",
                        "acronym",
                        "ICONIP",
                        10,
                        15
                    ]
                ]
            },
            {
                "text": "告诉我CoRR会议上发表的论文有哪些呢",
                "metadata": {},
                "dialog_act": {
                    "Paper-Inform": [
                        [
                            "venue",
                            "CoRR"
                        ]
                    ]
                },
                "span_info": [
                    [
                        "Paper-Inform",
                        "venue",
                        "CoRR",
                        3,
                        6
                    ]
                ]
            },
            {
                "text": "你确定找的是CoRR上发表的论文嘛",
                "metadata": {
                    "Conference": {
                        "semi": {
                            "acronym": [
                                "ICONIP"
                            ],
                            "year": [],
                            "fullName": [],
                            "paperDue": [],
                            "noticeDue": [],
                            "heldDate": [],
                            "abstractDue": [],
                            "finalDue": [],
                            "location": [],
                            "category": [],
                            "ccf": [],
                            "website": [],
                            "bestPaper": [],
                            "confRelated": [],
                            "journalRelated": []
                        }
                    },
                    "Paper": {
                        "semi": {
                            "doi": [],
                            "title": [],
                            "author": [],
                            "venue": [
                                "CoRR"
                            ],
                            "year": [],
                            "institution": [],
                            "abstract": [],
                            "pdf": [],
                            "blog": []
                        },
                        "download": {
                            "path": []
                        }
                    },
                    "Journal": {
                        "semi": {
                            "name": [],
                            "ISSN": [],
                            "E_ISSN": [],
                            "IF": [],
                            "h_index": [],
                            "self_citing": [],
                            "ccf": [],
                            "sci": [],
                            "website": [],
                            "submit": [],
                            "OA": [],
                            "category": [],
                            "speed": [],
                            "rate": []
                        }
                    },
                    "Author": {
                        "semi": {
                            "name": [],
                            "field": [],
                            "affiliation": [],
                            "position": [],
                            "citations": [],
                            "h_index": [],
                            "pubs": []
                        }
                    },
                    "Institution": {
                        "semi": {
                            "name": [],
                            "address": [],
                            "website": []
                        }
                    }
                },
                "dialog_act": {
                    "Paper-Confirm": [
                        [
                            "venue",
                            "CoRR"
                        ]
                    ]
                },
                "span_info": [
                    [
                        "Paper-Confirm",
                        "venue",
                        "CoRR",
                        6,
                        9
                    ]
                ]
            },
            {
                "text": "是这个问题",
                "metadata": {},
                "dialog_act": {
                    "General-Positive": [
                        [
                            null,
                            null
                        ]
                    ]
                },
                "span_info": []
            },
            {
                "text": "满足条件的论文共有50篇，你确定要输出嘛",
                "metadata": {
                    "Conference": {
                        "semi": {
                            "acronym": [
                                "ICONIP"
                            ],
                            "year": [],
                            "fullName": [],
                            "paperDue": [],
                            "noticeDue": [],
                            "heldDate": [],
                            "abstractDue": [],
                            "finalDue": [],
                            "location": [],
                            "category": [],
                            "ccf": [],
                            "website": [],
                            "bestPaper": [],
                            "confRelated": [],
                            "journalRelated": []
                        }
                    },
                    "Paper": {
                        "semi": {
                            "doi": [],
                            "title": [],
                            "author": [],
                            "venue": [
                                "CoRR"
                            ],
                            "year": [],
                            "institution": [],
                            "abstract": [],
                            "pdf": [],
                            "blog": []
                        },
                        "download": {
                            "path": []
                        }
                    },
                    "Journal": {
                        "semi": {
                            "name": [],
                            "ISSN": [],
                            "E_ISSN": [],
                            "IF": [],
                            "h_index": [],
                            "self_citing": [],
                            "ccf": [],
                            "sci": [],
                            "website": [],
                            "submit": [],
                            "OA": [],
                            "category": [],
                            "speed": [],
                            "rate": []
                        }
                    },
                    "Author": {
                        "semi": {
                            "name": [],
                            "field": [],
                            "affiliation": [],
                            "position": [],
                            "citations": [],
                            "h_index": [],
                            "pubs": []
                        }
                    },
                    "Institution": {
                        "semi": {
                            "name": [],
                            "address": [],
                            "website": []
                        }
                    }
                },
                "dialog_act": {
                    "Paper-Recommend": [
                        [
                            "Choice",
                            "5276"
                        ]
                    ],
                    "Paper-Confirm": [
                        [
                            null,
                            null
                        ]
                    ]
                },
                "span_info": []
            },
            {
                "text": "没有问题",
                "metadata": {},
                "dialog_act": {
                    "General-Positive": [
                        [
                            null,
                            null
                        ]
                    ]
                },
                "span_info": []
            },
            {
                "text": "满足条件的论文共有50篇，点击展开可查看具体信息",
                "metadata": {
                    "Conference": {
                        "semi": {
                            "acronym": [
                                "ICONIP"
                            ],
                            "year": [],
                            "fullName": [],
                            "paperDue": [],
                            "noticeDue": [],
                            "heldDate": [],
                            "abstractDue": [],
                            "finalDue": [],
                            "location": [],
                            "category": [],
                            "ccf": [],
                            "website": [],
                            "bestPaper": [],
                            "confRelated": [],
                            "journalRelated": []
                        }
                    },
                    "Paper": {
                        "semi": {
                            "doi": [],
                            "title": [],
                            "author": [],
                            "venue": [
                                "CoRR"
                            ],
                            "year": [],
                            "institution": [],
                            "abstract": [],
                            "pdf": [],
                            "blog": []
                        },
                        "download": {
                            "path": []
                        }
                    },
                    "Journal": {
                        "semi": {
                            "name": [],
                            "ISSN": [],
                            "E_ISSN": [],
                            "IF": [],
                            "h_index": [],
                            "self_citing": [],
                            "ccf": [],
                            "sci": [],
                            "website": [],
                            "submit": [],
                            "OA": [],
                            "category": [],
                            "speed": [],
                            "rate": []
                        }
                    },
                    "Author": {
                        "semi": {
                            "name": [],
                            "field": [],
                            "affiliation": [],
                            "position": [],
                            "citations": [],
                            "h_index": [],
                            "pubs": []
                        }
                    },
                    "Institution": {
                        "semi": {
                            "name": [],
                            "address": [],
                            "website": []
                        }
                    }
                },
                "dialog_act": {
                    "Paper-Recommend": [
                        [
                            "Choice",
                            "5276"
                        ],
                        [
                            "title",
                            "Recommendation Scheme Based on Converging Properties for Contents Broadcasting"
                        ],
                        [
                            "title",
                            "Two-Stage Convolutional Neural Network Architecture for Lung Nodule Detection"
                        ],
                        [
                            "title",
                            "Long-Tailed Classification by Keeping the Good and Removing the Bad Momentum Causal Effect"
                        ]
                    ]
                },
                "span_info": [
                    [
                        "Paper-Recommend",
                        "title",
                        "Recommendation Scheme Based on Converging Properties for Contents Broadcasting",
                        -1,
                        76
                    ],
                    [
                        "Paper-Recommend",
                        "title",
                        "Two-Stage Convolutional Neural Network Architecture for Lung Nodule Detection",
                        -1,
                        75
                    ],
                    [
                        "Paper-Recommend",
                        "title",
                        "Long-Tailed Classification by Keeping the Good and Removing the Bad Momentum Causal Effect",
                        -1,
                        88
                    ]
                ]
            }
        ]
    }
}