{
    "MFTF_010501": {
        "goal": {
            "Conference": {
                "semi": {
                    "acronym": [
                        "ILP"
                    ],
                    "year": [],
                    "fullName": [],
                    "paperDue": [],
                    "noticeDue": [],
                    "heldDate": [],
                    "abstractDue": [],
                    "finalDue": [],
                    "location": [],
                    "category": [],
                    "ccf": [],
                    "website": [],
                    "bestPaper": [],
                    "confRelated": [],
                    "journalRelated": []
                }
            },
            "Paper": {
                "semi": {
                    "doi": [],
                    "title": [],
                    "author": [],
                    "venue": [
                        "Expert Syst. Appl."
                    ],
                    "year": [],
                    "institution": [
                        "华中科技大学同济医学院协和医院"
                    ],
                    "abstract": [],
                    "pdf": [],
                    "blog": []
                },
                "download": {
                    "path": []
                }
            },
            "Journal": {
                "semi": {
                    "name": [],
                    "ISSN": [],
                    "E_ISSN": [],
                    "IF": [],
                    "h_index": [],
                    "self_citing": [],
                    "ccf": [],
                    "sci": [],
                    "website": [],
                    "submit": [],
                    "OA": [],
                    "category": [],
                    "speed": [],
                    "rate": []
                }
            },
            "Author": {
                "semi": {
                    "name": [],
                    "field": [],
                    "affiliation": [],
                    "position": [],
                    "citations": [],
                    "h_index": [],
                    "pubs": []
                }
            },
            "Institution": {
                "semi": {
                    "name": [],
                    "address": [],
                    "website": []
                }
            },
            "description": [
                "Given location,category,ccf; Recommend Conference",
                "Confirm detail of abstractDue",
                "Request detail of website",
                "Request detail of paperDue,finalDue",
                "Confirm detail of noticeDue",
                "Request detail of confRelated",
                "Confirm detail of heldDate",
                "Request detail of bestPaper",
                "Given venue; Recommend Paper",
                "When choice>=4 and system confirms whether output, give negative answer and add constraints",
                "Update institution; Recommend Paper",
                "When system confirms, give positive answer"
            ]
        },
        "log": [
            {
                "text": "有哪些机器学习ccf c会议在法国举办呢",
                "metadata": {},
                "dialog_act": {
                    "Conference-Inform": [
                        [
                            "location",
                            "法国"
                        ],
                        [
                            "category",
                            "机器学习"
                        ],
                        [
                            "ccf",
                            "ccf c"
                        ]
                    ]
                },
                "span_info": [
                    [
                        "Conference-Inform",
                        "location",
                        "法国",
                        15,
                        16
                    ],
                    [
                        "Conference-Inform",
                        "category",
                        "机器学习",
                        3,
                        6
                    ],
                    [
                        "Conference-Inform",
                        "ccf",
                        "ccf c",
                        7,
                        11
                    ]
                ]
            },
            {
                "text": "只有ILP和MDM是满足条件的",
                "metadata": {
                    "Conference": {
                        "semi": {
                            "acronym": [],
                            "year": [],
                            "fullName": [],
                            "paperDue": [],
                            "noticeDue": [],
                            "heldDate": [],
                            "abstractDue": [],
                            "finalDue": [],
                            "location": [
                                "法国"
                            ],
                            "category": [
                                "机器学习"
                            ],
                            "ccf": [
                                "ccf c"
                            ],
                            "website": [],
                            "bestPaper": [],
                            "confRelated": [],
                            "journalRelated": []
                        }
                    },
                    "Paper": {
                        "semi": {
                            "doi": [],
                            "title": [],
                            "author": [],
                            "venue": [],
                            "year": [],
                            "institution": [],
                            "abstract": [],
                            "pdf": [],
                            "blog": []
                        },
                        "download": {
                            "path": []
                        }
                    },
                    "Journal": {
                        "semi": {
                            "name": [],
                            "ISSN": [],
                            "E_ISSN": [],
                            "IF": [],
                            "h_index": [],
                            "self_citing": [],
                            "ccf": [],
                            "sci": [],
                            "website": [],
                            "submit": [],
                            "OA": [],
                            "category": [],
                            "speed": [],
                            "rate": []
                        }
                    },
                    "Author": {
                        "semi": {
                            "name": [],
                            "field": [],
                            "affiliation": [],
                            "position": [],
                            "citations": [],
                            "h_index": [],
                            "pubs": []
                        }
                    },
                    "Institution": {
                        "semi": {
                            "name": [],
                            "address": [],
                            "website": []
                        }
                    }
                },
                "dialog_act": {
                    "Conference-Recommend": [
                        [
                            "Choice",
                            "2"
                        ],
                        [
                            "acronym",
                            "ILP"
                        ],
                        [
                            "acronym",
                            "MDM"
                        ]
                    ]
                },
                "span_info": [
                    [
                        "Conference-Recommend",
                        "acronym",
                        "ILP",
                        2,
                        4
                    ],
                    [
                        "Conference-Recommend",
                        "acronym",
                        "MDM",
                        6,
                        8
                    ]
                ]
            },
            {
                "text": "请问ILP2018是在2018-05-16截止提交摘要嘛",
                "metadata": {},
                "dialog_act": {
                    "Conference-Inform": [
                        [
                            "acronym",
                            "ILP"
                        ],
                        [
                            "year",
                            "2018"
                        ]
                    ],
                    "Conference-Confirm": [
                        [
                            "abstractDue",
                            "2018-05-16"
                        ]
                    ]
                },
                "span_info": [
                    [
                        "Conference-Inform",
                        "acronym",
                        "ILP",
                        2,
                        4
                    ],
                    [
                        "Conference-Inform",
                        "year",
                        "2018",
                        5,
                        8
                    ],
                    [
                        "Conference-Confirm",
                        "abstractDue",
                        "2018-05-16",
                        11,
                        20
                    ]
                ]
            },
            {
                "text": "没有问题",
                "metadata": {
                    "Conference": {
                        "semi": {
                            "acronym": [
                                "ILP"
                            ],
                            "year": [
                                "2018"
                            ],
                            "fullName": [],
                            "paperDue": [],
                            "noticeDue": [],
                            "heldDate": [],
                            "abstractDue": [
                                "2018-05-16"
                            ],
                            "finalDue": [],
                            "location": [
                                "法国"
                            ],
                            "category": [
                                "机器学习"
                            ],
                            "ccf": [
                                "ccf c"
                            ],
                            "website": [],
                            "bestPaper": [],
                            "confRelated": [],
                            "journalRelated": []
                        }
                    },
                    "Paper": {
                        "semi": {
                            "doi": [],
                            "title": [],
                            "author": [],
                            "venue": [],
                            "year": [],
                            "institution": [],
                            "abstract": [],
                            "pdf": [],
                            "blog": []
                        },
                        "download": {
                            "path": []
                        }
                    },
                    "Journal": {
                        "semi": {
                            "name": [],
                            "ISSN": [],
                            "E_ISSN": [],
                            "IF": [],
                            "h_index": [],
                            "self_citing": [],
                            "ccf": [],
                            "sci": [],
                            "website": [],
                            "submit": [],
                            "OA": [],
                            "category": [],
                            "speed": [],
                            "rate": []
                        }
                    },
                    "Author": {
                        "semi": {
                            "name": [],
                            "field": [],
                            "affiliation": [],
                            "position": [],
                            "citations": [],
                            "h_index": [],
                            "pubs": []
                        }
                    },
                    "Institution": {
                        "semi": {
                            "name": [],
                            "address": [],
                            "website": []
                        }
                    }
                },
                "dialog_act": {
                    "General-Positive": [
                        [
                            null,
                            null
                        ]
                    ]
                },
                "span_info": []
            },
            {
                "text": "ILP2018会议的官网链接去哪找",
                "metadata": {},
                "dialog_act": {
                    "Conference-Inform": [
                        [
                            "acronym",
                            "ILP"
                        ],
                        [
                            "year",
                            "2018"
                        ]
                    ],
                    "Conference-Request": [
                        [
                            "website",
                            "?"
                        ]
                    ]
                },
                "span_info": [
                    [
                        "Conference-Inform",
                        "acronym",
                        "ILP",
                        0,
                        2
                    ],
                    [
                        "Conference-Inform",
                        "year",
                        "2018",
                        3,
                        6
                    ]
                ]
            },
            {
                "text": "ILP2018的官网是http://ilp2018.unife.it",
                "metadata": {
                    "Conference": {
                        "semi": {
                            "acronym": [
                                "ILP"
                            ],
                            "year": [
                                "2018"
                            ],
                            "fullName": [],
                            "paperDue": [],
                            "noticeDue": [],
                            "heldDate": [],
                            "abstractDue": [
                                "2018-05-16"
                            ],
                            "finalDue": [],
                            "location": [
                                "法国"
                            ],
                            "category": [
                                "机器学习"
                            ],
                            "ccf": [
                                "ccf c"
                            ],
                            "website": [],
                            "bestPaper": [],
                            "confRelated": [],
                            "journalRelated": []
                        }
                    },
                    "Paper": {
                        "semi": {
                            "doi": [],
                            "title": [],
                            "author": [],
                            "venue": [],
                            "year": [],
                            "institution": [],
                            "abstract": [],
                            "pdf": [],
                            "blog": []
                        },
                        "download": {
                            "path": []
                        }
                    },
                    "Journal": {
                        "semi": {
                            "name": [],
                            "ISSN": [],
                            "E_ISSN": [],
                            "IF": [],
                            "h_index": [],
                            "self_citing": [],
                            "ccf": [],
                            "sci": [],
                            "website": [],
                            "submit": [],
                            "OA": [],
                            "category": [],
                            "speed": [],
                            "rate": []
                        }
                    },
                    "Author": {
                        "semi": {
                            "name": [],
                            "field": [],
                            "affiliation": [],
                            "position": [],
                            "citations": [],
                            "h_index": [],
                            "pubs": []
                        }
                    },
                    "Institution": {
                        "semi": {
                            "name": [],
                            "address": [],
                            "website": []
                        }
                    }
                },
                "dialog_act": {
                    "Conference-Inform": [
                        [
                            "acronym",
                            "ILP"
                        ],
                        [
                            "year",
                            "2018"
                        ],
                        [
                            "website",
                            "http://ilp2018.unife.it"
                        ]
                    ]
                },
                "span_info": [
                    [
                        "Conference-Inform",
                        "acronym",
                        "ILP",
                        0,
                        2
                    ],
                    [
                        "Conference-Inform",
                        "year",
                        "2018",
                        3,
                        6
                    ],
                    [
                        "Conference-Inform",
                        "website",
                        "http://ilp2018.unife.it",
                        11,
                        33
                    ]
                ]
            },
            {
                "text": "ILP2018的截稿时间和最终版截止日期分别是什么呢",
                "metadata": {},
                "dialog_act": {
                    "Conference-Inform": [
                        [
                            "acronym",
                            "ILP"
                        ],
                        [
                            "year",
                            "2018"
                        ]
                    ],
                    "Conference-Request": [
                        [
                            "paperDue",
                            "?"
                        ],
                        [
                            "finalDue",
                            "?"
                        ]
                    ]
                },
                "span_info": [
                    [
                        "Conference-Inform",
                        "acronym",
                        "ILP",
                        0,
                        2
                    ],
                    [
                        "Conference-Inform",
                        "year",
                        "2018",
                        3,
                        6
                    ]
                ]
            },
            {
                "text": "ILP2018的截稿时间是2018-05-23，但是目前数据库中没有找到ILP2018的最终版截稿时间，之后我们会不断完善数据，感谢您的理解",
                "metadata": {
                    "Conference": {
                        "semi": {
                            "acronym": [
                                "ILP"
                            ],
                            "year": [
                                "2018"
                            ],
                            "fullName": [],
                            "paperDue": [],
                            "noticeDue": [],
                            "heldDate": [],
                            "abstractDue": [
                                "2018-05-16"
                            ],
                            "finalDue": [],
                            "location": [
                                "法国"
                            ],
                            "category": [
                                "机器学习"
                            ],
                            "ccf": [
                                "ccf c"
                            ],
                            "website": [
                                "http://ilp2018.unife.it"
                            ],
                            "bestPaper": [],
                            "confRelated": [],
                            "journalRelated": []
                        }
                    },
                    "Paper": {
                        "semi": {
                            "doi": [],
                            "title": [],
                            "author": [],
                            "venue": [],
                            "year": [],
                            "institution": [],
                            "abstract": [],
                            "pdf": [],
                            "blog": []
                        },
                        "download": {
                            "path": []
                        }
                    },
                    "Journal": {
                        "semi": {
                            "name": [],
                            "ISSN": [],
                            "E_ISSN": [],
                            "IF": [],
                            "h_index": [],
                            "self_citing": [],
                            "ccf": [],
                            "sci": [],
                            "website": [],
                            "submit": [],
                            "OA": [],
                            "category": [],
                            "speed": [],
                            "rate": []
                        }
                    },
                    "Author": {
                        "semi": {
                            "name": [],
                            "field": [],
                            "affiliation": [],
                            "position": [],
                            "citations": [],
                            "h_index": [],
                            "pubs": []
                        }
                    },
                    "Institution": {
                        "semi": {
                            "name": [],
                            "address": [],
                            "website": []
                        }
                    }
                },
                "dialog_act": {
                    "Conference-Inform": [
                        [
                            "acronym",
                            "ILP"
                        ],
                        [
                            "year",
                            "2018"
                        ],
                        [
                            "paperDue",
                            "2018-05-23"
                        ]
                    ],
                    "Conference-NoInform": [
                        [
                            "finalDue",
                            null
                        ]
                    ]
                },
                "span_info": [
                    [
                        "Conference-Inform",
                        "acronym",
                        "ILP",
                        0,
                        2
                    ],
                    [
                        "Conference-Inform",
                        "year",
                        "2018",
                        3,
                        6
                    ],
                    [
                        "Conference-Inform",
                        "paperDue",
                        "2018-05-23",
                        13,
                        22
                    ]
                ]
            },
            {
                "text": "请问ILP2018是不是0008-05-23要通知呢",
                "metadata": {},
                "dialog_act": {
                    "Conference-Inform": [
                        [
                            "acronym",
                            "ILP"
                        ],
                        [
                            "year",
                            "2018"
                        ]
                    ],
                    "Conference-Confirm": [
                        [
                            "noticeDue",
                            "0008-05-23"
                        ]
                    ]
                },
                "span_info": [
                    [
                        "Conference-Inform",
                        "acronym",
                        "ILP",
                        2,
                        4
                    ],
                    [
                        "Conference-Inform",
                        "year",
                        "2018",
                        5,
                        8
                    ],
                    [
                        "Conference-Confirm",
                        "noticeDue",
                        "0008-05-23",
                        12,
                        21
                    ]
                ]
            },
            {
                "text": "是的呢",
                "metadata": {
                    "Conference": {
                        "semi": {
                            "acronym": [
                                "ILP"
                            ],
                            "year": [
                                "2018"
                            ],
                            "fullName": [],
                            "paperDue": [
                                "2018-05-23"
                            ],
                            "noticeDue": [
                                "0008-05-23"
                            ],
                            "heldDate": [],
                            "abstractDue": [
                                "2018-05-16"
                            ],
                            "finalDue": [],
                            "location": [
                                "法国"
                            ],
                            "category": [
                                "机器学习"
                            ],
                            "ccf": [
                                "ccf c"
                            ],
                            "website": [
                                "http://ilp2018.unife.it"
                            ],
                            "bestPaper": [],
                            "confRelated": [],
                            "journalRelated": []
                        }
                    },
                    "Paper": {
                        "semi": {
                            "doi": [],
                            "title": [],
                            "author": [],
                            "venue": [],
                            "year": [],
                            "institution": [],
                            "abstract": [],
                            "pdf": [],
                            "blog": []
                        },
                        "download": {
                            "path": []
                        }
                    },
                    "Journal": {
                        "semi": {
                            "name": [],
                            "ISSN": [],
                            "E_ISSN": [],
                            "IF": [],
                            "h_index": [],
                            "self_citing": [],
                            "ccf": [],
                            "sci": [],
                            "website": [],
                            "submit": [],
                            "OA": [],
                            "category": [],
                            "speed": [],
                            "rate": []
                        }
                    },
                    "Author": {
                        "semi": {
                            "name": [],
                            "field": [],
                            "affiliation": [],
                            "position": [],
                            "citations": [],
                            "h_index": [],
                            "pubs": []
                        }
                    },
                    "Institution": {
                        "semi": {
                            "name": [],
                            "address": [],
                            "website": []
                        }
                    }
                },
                "dialog_act": {
                    "General-Positive": [
                        [
                            null,
                            null
                        ]
                    ]
                },
                "span_info": []
            },
            {
                "text": "请问ILP的相关会议有哪些",
                "metadata": {},
                "dialog_act": {
                    "Conference-Inform": [
                        [
                            "acronym",
                            "ILP"
                        ]
                    ],
                    "Conference-Request": [
                        [
                            "confRelated",
                            "?"
                        ]
                    ]
                },
                "span_info": [
                    [
                        "Conference-Inform",
                        "acronym",
                        "ILP",
                        2,
                        4
                    ]
                ]
            },
            {
                "text": "ILP会议的相关会议有PLDI",
                "metadata": {
                    "Conference": {
                        "semi": {
                            "acronym": [
                                "ILP"
                            ],
                            "year": [
                                "2018"
                            ],
                            "fullName": [],
                            "paperDue": [
                                "2018-05-23"
                            ],
                            "noticeDue": [
                                "0008-05-23"
                            ],
                            "heldDate": [],
                            "abstractDue": [
                                "2018-05-16"
                            ],
                            "finalDue": [],
                            "location": [
                                "法国"
                            ],
                            "category": [
                                "机器学习"
                            ],
                            "ccf": [
                                "ccf c"
                            ],
                            "website": [
                                "http://ilp2018.unife.it"
                            ],
                            "bestPaper": [],
                            "confRelated": [],
                            "journalRelated": []
                        }
                    },
                    "Paper": {
                        "semi": {
                            "doi": [],
                            "title": [],
                            "author": [],
                            "venue": [],
                            "year": [],
                            "institution": [],
                            "abstract": [],
                            "pdf": [],
                            "blog": []
                        },
                        "download": {
                            "path": []
                        }
                    },
                    "Journal": {
                        "semi": {
                            "name": [],
                            "ISSN": [],
                            "E_ISSN": [],
                            "IF": [],
                            "h_index": [],
                            "self_citing": [],
                            "ccf": [],
                            "sci": [],
                            "website": [],
                            "submit": [],
                            "OA": [],
                            "category": [],
                            "speed": [],
                            "rate": []
                        }
                    },
                    "Author": {
                        "semi": {
                            "name": [],
                            "field": [],
                            "affiliation": [],
                            "position": [],
                            "citations": [],
                            "h_index": [],
                            "pubs": []
                        }
                    },
                    "Institution": {
                        "semi": {
                            "name": [],
                            "address": [],
                            "website": []
                        }
                    }
                },
                "dialog_act": {
                    "Conference-Inform": [
                        [
                            "acronym",
                            "ILP"
                        ],
                        [
                            "confRelated",
                            "PLDI"
                        ]
                    ]
                },
                "span_info": [
                    [
                        "Conference-Inform",
                        "acronym",
                        "ILP",
                        0,
                        2
                    ],
                    [
                        "Conference-Inform",
                        "confRelated",
                        "PLDI",
                        11,
                        14
                    ]
                ]
            },
            {
                "text": "请问ILP2018该不会马上要举办吧",
                "metadata": {},
                "dialog_act": {
                    "Conference-Inform": [
                        [
                            "acronym",
                            "ILP"
                        ],
                        [
                            "year",
                            "2018"
                        ]
                    ],
                    "Conference-Confirm": [
                        [
                            "heldDate",
                            "2001-10-19"
                        ]
                    ]
                },
                "span_info": [
                    [
                        "Conference-Inform",
                        "acronym",
                        "ILP",
                        2,
                        4
                    ],
                    [
                        "Conference-Inform",
                        "year",
                        "2018",
                        5,
                        8
                    ],
                    [
                        "Conference-Confirm",
                        "heldDate",
                        "2001-10-19",
                        -1,
                        8
                    ]
                ]
            },
            {
                "text": "没有问题",
                "metadata": {
                    "Conference": {
                        "semi": {
                            "acronym": [
                                "ILP"
                            ],
                            "year": [
                                "2018"
                            ],
                            "fullName": [],
                            "paperDue": [
                                "2018-05-23"
                            ],
                            "noticeDue": [
                                "0008-05-23"
                            ],
                            "heldDate": [
                                "2001-10-19"
                            ],
                            "abstractDue": [
                                "2018-05-16"
                            ],
                            "finalDue": [],
                            "location": [
                                "法国"
                            ],
                            "category": [
                                "机器学习"
                            ],
                            "ccf": [
                                "ccf c"
                            ],
                            "website": [
                                "http://ilp2018.unife.it"
                            ],
                            "bestPaper": [],
                            "confRelated": [
                                "PLDI"
                            ],
                            "journalRelated": []
                        }
                    },
                    "Paper": {
                        "semi": {
                            "doi": [],
                            "title": [],
                            "author": [],
                            "venue": [],
                            "year": [],
                            "institution": [],
                            "abstract": [],
                            "pdf": [],
                            "blog": []
                        },
                        "download": {
                            "path": []
                        }
                    },
                    "Journal": {
                        "semi": {
                            "name": [],
                            "ISSN": [],
                            "E_ISSN": [],
                            "IF": [],
                            "h_index": [],
                            "self_citing": [],
                            "ccf": [],
                            "sci": [],
                            "website": [],
                            "submit": [],
                            "OA": [],
                            "category": [],
                            "speed": [],
                            "rate": []
                        }
                    },
                    "Author": {
                        "semi": {
                            "name": [],
                            "field": [],
                            "affiliation": [],
                            "position": [],
                            "citations": [],
                            "h_index": [],
                            "pubs": []
                        }
                    },
                    "Institution": {
                        "semi": {
                            "name": [],
                            "address": [],
                            "website": []
                        }
                    }
                },
                "dialog_act": {
                    "General-Positive": [
                        [
                            null,
                            null
                        ]
                    ]
                },
                "span_info": []
            },
            {
                "text": "咨询一下ILP的最佳论文有哪些",
                "metadata": {},
                "dialog_act": {
                    "Conference-Inform": [
                        [
                            "acronym",
                            "ILP"
                        ]
                    ],
                    "Conference-Request": [
                        [
                            "bestPaper",
                            "?"
                        ]
                    ]
                },
                "span_info": [
                    [
                        "Conference-Inform",
                        "acronym",
                        "ILP",
                        4,
                        6
                    ]
                ]
            },
            {
                "text": "目前数据库中没有找到ILP会议的最佳论文，你想了解一下ILP2022的全称嘛",
                "metadata": {
                    "Conference": {
                        "semi": {
                            "acronym": [
                                "ILP"
                            ],
                            "year": [
                                "2018"
                            ],
                            "fullName": [],
                            "paperDue": [
                                "2018-05-23"
                            ],
                            "noticeDue": [
                                "0008-05-23"
                            ],
                            "heldDate": [
                                "2001-10-19"
                            ],
                            "abstractDue": [
                                "2018-05-16"
                            ],
                            "finalDue": [],
                            "location": [
                                "法国"
                            ],
                            "category": [
                                "机器学习"
                            ],
                            "ccf": [
                                "ccf c"
                            ],
                            "website": [
                                "http://ilp2018.unife.it"
                            ],
                            "bestPaper": [],
                            "confRelated": [
                                "PLDI"
                            ],
                            "journalRelated": []
                        }
                    },
                    "Paper": {
                        "semi": {
                            "doi": [],
                            "title": [],
                            "author": [],
                            "venue": [],
                            "year": [],
                            "institution": [],
                            "abstract": [],
                            "pdf": [],
                            "blog": []
                        },
                        "download": {
                            "path": []
                        }
                    },
                    "Journal": {
                        "semi": {
                            "name": [],
                            "ISSN": [],
                            "E_ISSN": [],
                            "IF": [],
                            "h_index": [],
                            "self_citing": [],
                            "ccf": [],
                            "sci": [],
                            "website": [],
                            "submit": [],
                            "OA": [],
                            "category": [],
                            "speed": [],
                            "rate": []
                        }
                    },
                    "Author": {
                        "semi": {
                            "name": [],
                            "field": [],
                            "affiliation": [],
                            "position": [],
                            "citations": [],
                            "h_index": [],
                            "pubs": []
                        }
                    },
                    "Institution": {
                        "semi": {
                            "name": [],
                            "address": [],
                            "website": []
                        }
                    }
                },
                "dialog_act": {
                    "Conference-Inform": [
                        [
                            "acronym",
                            "ILP"
                        ]
                    ],
                    "Conference-NoInform": [
                        [
                            "bestPaper",
                            null
                        ]
                    ],
                    "Conference-Recommend": [
                        [
                            "fullName",
                            "?"
                        ]
                    ]
                },
                "span_info": [
                    [
                        "Conference-Inform",
                        "acronym",
                        "ILP",
                        10,
                        12
                    ]
                ]
            },
            {
                "text": "请问Expert Syst. Appl.会议上发表过哪些论文呢",
                "metadata": {},
                "dialog_act": {
                    "Paper-Inform": [
                        [
                            "venue",
                            "Expert Syst. Appl."
                        ]
                    ]
                },
                "span_info": [
                    [
                        "Paper-Inform",
                        "venue",
                        "Expert Syst. Appl.",
                        2,
                        19
                    ]
                ]
            },
            {
                "text": "共找到50篇符合条件的论文，你确定要返回结果嘛",
                "metadata": {
                    "Conference": {
                        "semi": {
                            "acronym": [
                                "ILP"
                            ],
                            "year": [],
                            "fullName": [],
                            "paperDue": [],
                            "noticeDue": [],
                            "heldDate": [],
                            "abstractDue": [],
                            "finalDue": [],
                            "location": [],
                            "category": [],
                            "ccf": [],
                            "website": [],
                            "bestPaper": [],
                            "confRelated": [],
                            "journalRelated": []
                        }
                    },
                    "Paper": {
                        "semi": {
                            "doi": [],
                            "title": [],
                            "author": [],
                            "venue": [
                                "Expert Syst. Appl."
                            ],
                            "year": [],
                            "institution": [],
                            "abstract": [],
                            "pdf": [],
                            "blog": []
                        },
                        "download": {
                            "path": []
                        }
                    },
                    "Journal": {
                        "semi": {
                            "name": [],
                            "ISSN": [],
                            "E_ISSN": [],
                            "IF": [],
                            "h_index": [],
                            "self_citing": [],
                            "ccf": [],
                            "sci": [],
                            "website": [],
                            "submit": [],
                            "OA": [],
                            "category": [],
                            "speed": [],
                            "rate": []
                        }
                    },
                    "Author": {
                        "semi": {
                            "name": [],
                            "field": [],
                            "affiliation": [],
                            "position": [],
                            "citations": [],
                            "h_index": [],
                            "pubs": []
                        }
                    },
                    "Institution": {
                        "semi": {
                            "name": [],
                            "address": [],
                            "website": []
                        }
                    }
                },
                "dialog_act": {
                    "Paper-Recommend": [
                        [
                            "Choice",
                            "102"
                        ]
                    ],
                    "Paper-Confirm": [
                        [
                            null,
                            null
                        ]
                    ]
                },
                "span_info": []
            },
            {
                "text": "错的吧，其中北京人工智能研究院发表的有嘛",
                "metadata": {},
                "dialog_act": {
                    "Paper-Inform": [
                        [
                            "institution",
                            "北京人工智能研究院"
                        ]
                    ],
                    "General-Negative": [
                        [
                            null,
                            null
                        ]
                    ]
                },
                "span_info": [
                    [
                        "Paper-Add",
                        "institution",
                        "北京人工智能研究院",
                        6,
                        14
                    ]
                ]
            },
            {
                "text": "找到0个相关的论文唉",
                "metadata": {
                    "Conference": {
                        "semi": {
                            "acronym": [
                                "ILP"
                            ],
                            "year": [],
                            "fullName": [],
                            "paperDue": [],
                            "noticeDue": [],
                            "heldDate": [],
                            "abstractDue": [],
                            "finalDue": [],
                            "location": [],
                            "category": [],
                            "ccf": [],
                            "website": [],
                            "bestPaper": [],
                            "confRelated": [],
                            "journalRelated": []
                        }
                    },
                    "Paper": {
                        "semi": {
                            "doi": [],
                            "title": [],
                            "author": [],
                            "venue": [
                                "Expert Syst. Appl."
                            ],
                            "year": [],
                            "institution": [
                                "北京人工智能研究院"
                            ],
                            "abstract": [],
                            "pdf": [],
                            "blog": []
                        },
                        "download": {
                            "path": []
                        }
                    },
                    "Journal": {
                        "semi": {
                            "name": [],
                            "ISSN": [],
                            "E_ISSN": [],
                            "IF": [],
                            "h_index": [],
                            "self_citing": [],
                            "ccf": [],
                            "sci": [],
                            "website": [],
                            "submit": [],
                            "OA": [],
                            "category": [],
                            "speed": [],
                            "rate": []
                        }
                    },
                    "Author": {
                        "semi": {
                            "name": [],
                            "field": [],
                            "affiliation": [],
                            "position": [],
                            "citations": [],
                            "h_index": [],
                            "pubs": []
                        }
                    },
                    "Institution": {
                        "semi": {
                            "name": [],
                            "address": [],
                            "website": []
                        }
                    }
                },
                "dialog_act": {
                    "Paper-Recommend": [
                        [
                            "Choice",
                            "0"
                        ]
                    ]
                },
                "span_info": []
            },
            {
                "text": "请问那华中科技大学同济医学院协和医院的呢",
                "metadata": {},
                "dialog_act": {
                    "Paper-Inform": [
                        [
                            "institution",
                            "华中科技大学同济医学院协和医院"
                        ]
                    ]
                },
                "span_info": [
                    [
                        "Paper-Update",
                        "institution",
                        "华中科技大学同济医学院协和医院",
                        3,
                        17
                    ]
                ]
            },
            {
                "text": "满足条件的论文共有50篇，你确定要输出嘛",
                "metadata": {
                    "Conference": {
                        "semi": {
                            "acronym": [
                                "ILP"
                            ],
                            "year": [],
                            "fullName": [],
                            "paperDue": [],
                            "noticeDue": [],
                            "heldDate": [],
                            "abstractDue": [],
                            "finalDue": [],
                            "location": [],
                            "category": [],
                            "ccf": [],
                            "website": [],
                            "bestPaper": [],
                            "confRelated": [],
                            "journalRelated": []
                        }
                    },
                    "Paper": {
                        "semi": {
                            "doi": [],
                            "title": [],
                            "author": [],
                            "venue": [
                                "Expert Syst. Appl."
                            ],
                            "year": [],
                            "institution": [
                                "华中科技大学同济医学院协和医院"
                            ],
                            "abstract": [],
                            "pdf": [],
                            "blog": []
                        },
                        "download": {
                            "path": []
                        }
                    },
                    "Journal": {
                        "semi": {
                            "name": [],
                            "ISSN": [],
                            "E_ISSN": [],
                            "IF": [],
                            "h_index": [],
                            "self_citing": [],
                            "ccf": [],
                            "sci": [],
                            "website": [],
                            "submit": [],
                            "OA": [],
                            "category": [],
                            "speed": [],
                            "rate": []
                        }
                    },
                    "Author": {
                        "semi": {
                            "name": [],
                            "field": [],
                            "affiliation": [],
                            "position": [],
                            "citations": [],
                            "h_index": [],
                            "pubs": []
                        }
                    },
                    "Institution": {
                        "semi": {
                            "name": [],
                            "address": [],
                            "website": []
                        }
                    }
                },
                "dialog_act": {
                    "Paper-Recommend": [
                        [
                            "Choice",
                            "6"
                        ]
                    ],
                    "Paper-Confirm": [
                        [
                            null,
                            null
                        ]
                    ]
                },
                "span_info": []
            },
            {
                "text": "没错",
                "metadata": {},
                "dialog_act": {
                    "General-Positive": [
                        [
                            null,
                            null
                        ]
                    ]
                },
                "span_info": []
            },
            {
                "text": "共有50篇满足条件的论文，点击展开可查看具体信息",
                "metadata": {
                    "Conference": {
                        "semi": {
                            "acronym": [
                                "ILP"
                            ],
                            "year": [],
                            "fullName": [],
                            "paperDue": [],
                            "noticeDue": [],
                            "heldDate": [],
                            "abstractDue": [],
                            "finalDue": [],
                            "location": [],
                            "category": [],
                            "ccf": [],
                            "website": [],
                            "bestPaper": [],
                            "confRelated": [],
                            "journalRelated": []
                        }
                    },
                    "Paper": {
                        "semi": {
                            "doi": [],
                            "title": [],
                            "author": [],
                            "venue": [
                                "Expert Syst. Appl."
                            ],
                            "year": [],
                            "institution": [
                                "华中科技大学同济医学院协和医院"
                            ],
                            "abstract": [],
                            "pdf": [],
                            "blog": []
                        },
                        "download": {
                            "path": []
                        }
                    },
                    "Journal": {
                        "semi": {
                            "name": [],
                            "ISSN": [],
                            "E_ISSN": [],
                            "IF": [],
                            "h_index": [],
                            "self_citing": [],
                            "ccf": [],
                            "sci": [],
                            "website": [],
                            "submit": [],
                            "OA": [],
                            "category": [],
                            "speed": [],
                            "rate": []
                        }
                    },
                    "Author": {
                        "semi": {
                            "name": [],
                            "field": [],
                            "affiliation": [],
                            "position": [],
                            "citations": [],
                            "h_index": [],
                            "pubs": []
                        }
                    },
                    "Institution": {
                        "semi": {
                            "name": [],
                            "address": [],
                            "website": []
                        }
                    }
                },
                "dialog_act": {
                    "Paper-Recommend": [
                        [
                            "Choice",
                            "6"
                        ],
                        [
                            "title",
                            "Back propagation neural network with adaptive differential evolution algorithm for time series forecasting"
                        ],
                        [
                            "title",
                            "Continuous review inventory models with a mixture of backorders and lost sales under fuzzy demand and different decision situations"
                        ],
                        [
                            "title",
                            "An effective multivariate time series classification approach using echo state network and adaptive differential evolution algorithm"
                        ]
                    ]
                },
                "span_info": [
                    [
                        "Paper-Recommend",
                        "title",
                        "Back propagation neural network with adaptive differential evolution algorithm for time series forecasting",
                        -1,
                        104
                    ],
                    [
                        "Paper-Recommend",
                        "title",
                        "Continuous review inventory models with a mixture of backorders and lost sales under fuzzy demand and different decision situations",
                        -1,
                        129
                    ],
                    [
                        "Paper-Recommend",
                        "title",
                        "An effective multivariate time series classification approach using echo state network and adaptive differential evolution algorithm",
                        -1,
                        130
                    ]
                ]
            }
        ]
    }
}