{
    "MFTF_011051": {
        "goal": {
            "Conference": {
                "semi": {
                    "acronym": [
                        "ICSOC"
                    ],
                    "year": [
                        "2011"
                    ],
                    "fullName": [],
                    "paperDue": [
                        "2011-06-10"
                    ],
                    "noticeDue": [],
                    "heldDate": [],
                    "abstractDue": [
                        "2011-06-03"
                    ],
                    "finalDue": [],
                    "location": [],
                    "category": [],
                    "ccf": [],
                    "website": [],
                    "bestPaper": [],
                    "confRelated": [],
                    "journalRelated": []
                }
            },
            "Paper": {
                "semi": {
                    "doi": [],
                    "title": [],
                    "author": [],
                    "venue": [
                        "KDD"
                    ],
                    "year": [
                        "2005"
                    ],
                    "institution": [],
                    "abstract": [],
                    "pdf": [],
                    "blog": []
                },
                "download": {
                    "path": []
                }
            },
            "Journal": {
                "semi": {
                    "name": [],
                    "ISSN": [],
                    "E_ISSN": [],
                    "IF": [],
                    "h_index": [],
                    "self_citing": [],
                    "ccf": [],
                    "sci": [],
                    "website": [],
                    "submit": [],
                    "OA": [],
                    "category": [],
                    "speed": [],
                    "rate": []
                }
            },
            "Author": {
                "semi": {
                    "name": [],
                    "field": [],
                    "affiliation": [],
                    "position": [],
                    "citations": [],
                    "h_index": [],
                    "pubs": []
                }
            },
            "Institution": {
                "semi": {
                    "name": [],
                    "address": [],
                    "website": []
                }
            },
            "description": [
                "Given category; Recommend Conference",
                "When system confirms, give positive answer",
                "When choice>=4 and system confirms whether output, give negative answer and add constraints",
                "Add ccf; Recommend Conference",
                "Update category; Recommend Conference",
                "Update category; Recommend Conference",
                "When choice=0 and system confirms, give positive answer then inform again",
                "Request detail of journalRelated",
                "Confirm detail of finalDue",
                "Request detail of paperDue,abstractDue",
                "Given venue; Recommend Paper",
                "Add year; Recommend Paper"
            ]
        },
        "log": [
            {
                "text": "你知道有哪些会议关于信息检索的",
                "metadata": {},
                "dialog_act": {
                    "Conference-Inform": [
                        [
                            "category",
                            "信息检索"
                        ]
                    ]
                },
                "span_info": [
                    [
                        "Conference-Inform",
                        "category",
                        "信息检索",
                        10,
                        13
                    ]
                ]
            },
            {
                "text": "你确定找的是信息检索领域的会议嘛",
                "metadata": {
                    "Conference": {
                        "semi": {
                            "acronym": [],
                            "year": [],
                            "fullName": [],
                            "paperDue": [],
                            "noticeDue": [],
                            "heldDate": [],
                            "abstractDue": [],
                            "finalDue": [],
                            "location": [],
                            "category": [
                                "信息检索"
                            ],
                            "ccf": [],
                            "website": [],
                            "bestPaper": [],
                            "confRelated": [],
                            "journalRelated": []
                        }
                    },
                    "Paper": {
                        "semi": {
                            "doi": [],
                            "title": [],
                            "author": [],
                            "venue": [],
                            "year": [],
                            "institution": [],
                            "abstract": [],
                            "pdf": [],
                            "blog": []
                        },
                        "download": {
                            "path": []
                        }
                    },
                    "Journal": {
                        "semi": {
                            "name": [],
                            "ISSN": [],
                            "E_ISSN": [],
                            "IF": [],
                            "h_index": [],
                            "self_citing": [],
                            "ccf": [],
                            "sci": [],
                            "website": [],
                            "submit": [],
                            "OA": [],
                            "category": [],
                            "speed": [],
                            "rate": []
                        }
                    },
                    "Author": {
                        "semi": {
                            "name": [],
                            "field": [],
                            "affiliation": [],
                            "position": [],
                            "citations": [],
                            "h_index": [],
                            "pubs": []
                        }
                    },
                    "Institution": {
                        "semi": {
                            "name": [],
                            "address": [],
                            "website": []
                        }
                    }
                },
                "dialog_act": {
                    "Conference-Confirm": [
                        [
                            "category",
                            "信息检索"
                        ]
                    ]
                },
                "span_info": [
                    [
                        "Conference-Confirm",
                        "category",
                        "信息检索",
                        6,
                        9
                    ]
                ]
            },
            {
                "text": "是的",
                "metadata": {},
                "dialog_act": {
                    "General-Positive": [
                        [
                            null,
                            null
                        ]
                    ]
                },
                "span_info": []
            },
            {
                "text": "满足条件的会议共有50个，你确定要返回结果嘛",
                "metadata": {
                    "Conference": {
                        "semi": {
                            "acronym": [],
                            "year": [],
                            "fullName": [],
                            "paperDue": [],
                            "noticeDue": [],
                            "heldDate": [],
                            "abstractDue": [],
                            "finalDue": [],
                            "location": [],
                            "category": [
                                "信息检索"
                            ],
                            "ccf": [],
                            "website": [],
                            "bestPaper": [],
                            "confRelated": [],
                            "journalRelated": []
                        }
                    },
                    "Paper": {
                        "semi": {
                            "doi": [],
                            "title": [],
                            "author": [],
                            "venue": [],
                            "year": [],
                            "institution": [],
                            "abstract": [],
                            "pdf": [],
                            "blog": []
                        },
                        "download": {
                            "path": []
                        }
                    },
                    "Journal": {
                        "semi": {
                            "name": [],
                            "ISSN": [],
                            "E_ISSN": [],
                            "IF": [],
                            "h_index": [],
                            "self_citing": [],
                            "ccf": [],
                            "sci": [],
                            "website": [],
                            "submit": [],
                            "OA": [],
                            "category": [],
                            "speed": [],
                            "rate": []
                        }
                    },
                    "Author": {
                        "semi": {
                            "name": [],
                            "field": [],
                            "affiliation": [],
                            "position": [],
                            "citations": [],
                            "h_index": [],
                            "pubs": []
                        }
                    },
                    "Institution": {
                        "semi": {
                            "name": [],
                            "address": [],
                            "website": []
                        }
                    }
                },
                "dialog_act": {
                    "Conference-Recommend": [
                        [
                            "Choice",
                            "200"
                        ]
                    ],
                    "Conference-Confirm": [
                        [
                            null,
                            null
                        ]
                    ]
                },
                "span_info": []
            },
            {
                "text": "呃不对吧，请问中间在西班牙巴塞罗那要举办的嘛",
                "metadata": {},
                "dialog_act": {
                    "Conference-Inform": [
                        [
                            "location",
                            "西班牙巴塞罗那"
                        ]
                    ],
                    "General-Negative": [
                        [
                            null,
                            null
                        ]
                    ]
                },
                "span_info": [
                    [
                        "Conference-Add",
                        "location",
                        "西班牙巴塞罗那",
                        10,
                        16
                    ]
                ]
            },
            {
                "text": "满足条件的会议共有2个，你想要什么级别的会议呢",
                "metadata": {
                    "Conference": {
                        "semi": {
                            "acronym": [],
                            "year": [],
                            "fullName": [],
                            "paperDue": [],
                            "noticeDue": [],
                            "heldDate": [],
                            "abstractDue": [],
                            "finalDue": [],
                            "location": [
                                "西班牙巴塞罗那"
                            ],
                            "category": [
                                "信息检索"
                            ],
                            "ccf": [],
                            "website": [],
                            "bestPaper": [],
                            "confRelated": [],
                            "journalRelated": []
                        }
                    },
                    "Paper": {
                        "semi": {
                            "doi": [],
                            "title": [],
                            "author": [],
                            "venue": [],
                            "year": [],
                            "institution": [],
                            "abstract": [],
                            "pdf": [],
                            "blog": []
                        },
                        "download": {
                            "path": []
                        }
                    },
                    "Journal": {
                        "semi": {
                            "name": [],
                            "ISSN": [],
                            "E_ISSN": [],
                            "IF": [],
                            "h_index": [],
                            "self_citing": [],
                            "ccf": [],
                            "sci": [],
                            "website": [],
                            "submit": [],
                            "OA": [],
                            "category": [],
                            "speed": [],
                            "rate": []
                        }
                    },
                    "Author": {
                        "semi": {
                            "name": [],
                            "field": [],
                            "affiliation": [],
                            "position": [],
                            "citations": [],
                            "h_index": [],
                            "pubs": []
                        }
                    },
                    "Institution": {
                        "semi": {
                            "name": [],
                            "address": [],
                            "website": []
                        }
                    }
                },
                "dialog_act": {
                    "Conference-Recommend": [
                        [
                            "Choice",
                            "2"
                        ]
                    ],
                    "Conference-Reqmore": [
                        [
                            "ccf",
                            "?"
                        ]
                    ]
                },
                "span_info": []
            },
            {
                "text": "咨询一下有哪些属于ccfA会议的",
                "metadata": {},
                "dialog_act": {
                    "Conference-Inform": [
                        [
                            "ccf",
                            "ccfA"
                        ]
                    ]
                },
                "span_info": [
                    [
                        "Conference-Add",
                        "ccf",
                        "ccfA",
                        9,
                        12
                    ]
                ]
            },
            {
                "text": "找到0个相关的会议唉，你要不问问验证领域的会议",
                "metadata": {
                    "Conference": {
                        "semi": {
                            "acronym": [],
                            "year": [],
                            "fullName": [],
                            "paperDue": [],
                            "noticeDue": [],
                            "heldDate": [],
                            "abstractDue": [],
                            "finalDue": [],
                            "location": [
                                "西班牙巴塞罗那"
                            ],
                            "category": [
                                "信息检索"
                            ],
                            "ccf": [
                                "ccfA"
                            ],
                            "website": [],
                            "bestPaper": [],
                            "confRelated": [],
                            "journalRelated": []
                        }
                    },
                    "Paper": {
                        "semi": {
                            "doi": [],
                            "title": [],
                            "author": [],
                            "venue": [],
                            "year": [],
                            "institution": [],
                            "abstract": [],
                            "pdf": [],
                            "blog": []
                        },
                        "download": {
                            "path": []
                        }
                    },
                    "Journal": {
                        "semi": {
                            "name": [],
                            "ISSN": [],
                            "E_ISSN": [],
                            "IF": [],
                            "h_index": [],
                            "self_citing": [],
                            "ccf": [],
                            "sci": [],
                            "website": [],
                            "submit": [],
                            "OA": [],
                            "category": [],
                            "speed": [],
                            "rate": []
                        }
                    },
                    "Author": {
                        "semi": {
                            "name": [],
                            "field": [],
                            "affiliation": [],
                            "position": [],
                            "citations": [],
                            "h_index": [],
                            "pubs": []
                        }
                    },
                    "Institution": {
                        "semi": {
                            "name": [],
                            "address": [],
                            "website": []
                        }
                    }
                },
                "dialog_act": {
                    "Conference-Recommend": [
                        [
                            "Choice",
                            "0"
                        ],
                        [
                            "category",
                            "验证"
                        ]
                    ]
                },
                "span_info": [
                    [
                        "Conference-Recommend",
                        "category",
                        "验证",
                        16,
                        17
                    ]
                ]
            },
            {
                "text": "验证领域的呢",
                "metadata": {},
                "dialog_act": {
                    "Conference-Inform": [
                        [
                            "category",
                            "验证"
                        ]
                    ]
                },
                "span_info": [
                    [
                        "Conference-Update",
                        "category",
                        "验证",
                        0,
                        1
                    ]
                ]
            },
            {
                "text": "符合条件的会议有0个，你要不问问安全领域的会议",
                "metadata": {
                    "Conference": {
                        "semi": {
                            "acronym": [],
                            "year": [],
                            "fullName": [],
                            "paperDue": [],
                            "noticeDue": [],
                            "heldDate": [],
                            "abstractDue": [],
                            "finalDue": [],
                            "location": [
                                "西班牙巴塞罗那"
                            ],
                            "category": [
                                "验证"
                            ],
                            "ccf": [
                                "ccfA"
                            ],
                            "website": [],
                            "bestPaper": [],
                            "confRelated": [],
                            "journalRelated": []
                        }
                    },
                    "Paper": {
                        "semi": {
                            "doi": [],
                            "title": [],
                            "author": [],
                            "venue": [],
                            "year": [],
                            "institution": [],
                            "abstract": [],
                            "pdf": [],
                            "blog": []
                        },
                        "download": {
                            "path": []
                        }
                    },
                    "Journal": {
                        "semi": {
                            "name": [],
                            "ISSN": [],
                            "E_ISSN": [],
                            "IF": [],
                            "h_index": [],
                            "self_citing": [],
                            "ccf": [],
                            "sci": [],
                            "website": [],
                            "submit": [],
                            "OA": [],
                            "category": [],
                            "speed": [],
                            "rate": []
                        }
                    },
                    "Author": {
                        "semi": {
                            "name": [],
                            "field": [],
                            "affiliation": [],
                            "position": [],
                            "citations": [],
                            "h_index": [],
                            "pubs": []
                        }
                    },
                    "Institution": {
                        "semi": {
                            "name": [],
                            "address": [],
                            "website": []
                        }
                    }
                },
                "dialog_act": {
                    "Conference-Recommend": [
                        [
                            "Choice",
                            "0"
                        ],
                        [
                            "category",
                            "安全"
                        ]
                    ]
                },
                "span_info": [
                    [
                        "Conference-Recommend",
                        "category",
                        "安全",
                        16,
                        17
                    ]
                ]
            },
            {
                "text": "请问有涉及安全领域的吗",
                "metadata": {},
                "dialog_act": {
                    "Conference-Inform": [
                        [
                            "category",
                            "安全"
                        ]
                    ]
                },
                "span_info": [
                    [
                        "Conference-Update",
                        "category",
                        "安全",
                        5,
                        6
                    ]
                ]
            },
            {
                "text": "没找到相应的会议，你确定找的是安全领域的会议嘛",
                "metadata": {
                    "Conference": {
                        "semi": {
                            "acronym": [],
                            "year": [],
                            "fullName": [],
                            "paperDue": [],
                            "noticeDue": [],
                            "heldDate": [],
                            "abstractDue": [],
                            "finalDue": [],
                            "location": [
                                "西班牙巴塞罗那"
                            ],
                            "category": [
                                "安全"
                            ],
                            "ccf": [
                                "ccfA"
                            ],
                            "website": [],
                            "bestPaper": [],
                            "confRelated": [],
                            "journalRelated": []
                        }
                    },
                    "Paper": {
                        "semi": {
                            "doi": [],
                            "title": [],
                            "author": [],
                            "venue": [],
                            "year": [],
                            "institution": [],
                            "abstract": [],
                            "pdf": [],
                            "blog": []
                        },
                        "download": {
                            "path": []
                        }
                    },
                    "Journal": {
                        "semi": {
                            "name": [],
                            "ISSN": [],
                            "E_ISSN": [],
                            "IF": [],
                            "h_index": [],
                            "self_citing": [],
                            "ccf": [],
                            "sci": [],
                            "website": [],
                            "submit": [],
                            "OA": [],
                            "category": [],
                            "speed": [],
                            "rate": []
                        }
                    },
                    "Author": {
                        "semi": {
                            "name": [],
                            "field": [],
                            "affiliation": [],
                            "position": [],
                            "citations": [],
                            "h_index": [],
                            "pubs": []
                        }
                    },
                    "Institution": {
                        "semi": {
                            "name": [],
                            "address": [],
                            "website": []
                        }
                    }
                },
                "dialog_act": {
                    "Conference-Recommend": [
                        [
                            "Choice",
                            "0"
                        ]
                    ],
                    "Conference-Confirm": [
                        [
                            "category",
                            "安全"
                        ]
                    ]
                },
                "span_info": [
                    [
                        "Conference-Confirm",
                        "category",
                        "安全",
                        15,
                        16
                    ]
                ]
            },
            {
                "text": "嗯嗯，从11月7日到12月26日有哪些计算机科学领域的B类以下会议要举办呢",
                "metadata": {},
                "dialog_act": {
                    "Conference-Inform": [
                        [
                            "heldDate",
                            "从11月7日到12月26日"
                        ],
                        [
                            "category",
                            "计算机科学"
                        ],
                        [
                            "ccf",
                            "B类以下"
                        ]
                    ],
                    "General-Positive": [
                        [
                            null,
                            null
                        ]
                    ]
                },
                "span_info": [
                    [
                        "Conference-Inform",
                        "heldDate",
                        "从11月7日到12月26日",
                        3,
                        15
                    ],
                    [
                        "Conference-Inform",
                        "category",
                        "计算机科学",
                        19,
                        23
                    ],
                    [
                        "Conference-Inform",
                        "ccf",
                        "B类以下",
                        27,
                        30
                    ]
                ]
            },
            {
                "text": "满足条件的会议共有1个，它就是ICSOC",
                "metadata": {
                    "Conference": {
                        "semi": {
                            "acronym": [],
                            "year": [],
                            "fullName": [],
                            "paperDue": [],
                            "noticeDue": [],
                            "heldDate": [
                                "从11月7日到12月26日"
                            ],
                            "abstractDue": [],
                            "finalDue": [],
                            "location": [],
                            "category": [
                                "计算机科学"
                            ],
                            "ccf": [
                                "B类以下"
                            ],
                            "website": [],
                            "bestPaper": [],
                            "confRelated": [],
                            "journalRelated": []
                        }
                    },
                    "Paper": {
                        "semi": {
                            "doi": [],
                            "title": [],
                            "author": [],
                            "venue": [],
                            "year": [],
                            "institution": [],
                            "abstract": [],
                            "pdf": [],
                            "blog": []
                        },
                        "download": {
                            "path": []
                        }
                    },
                    "Journal": {
                        "semi": {
                            "name": [],
                            "ISSN": [],
                            "E_ISSN": [],
                            "IF": [],
                            "h_index": [],
                            "self_citing": [],
                            "ccf": [],
                            "sci": [],
                            "website": [],
                            "submit": [],
                            "OA": [],
                            "category": [],
                            "speed": [],
                            "rate": []
                        }
                    },
                    "Author": {
                        "semi": {
                            "name": [],
                            "field": [],
                            "affiliation": [],
                            "position": [],
                            "citations": [],
                            "h_index": [],
                            "pubs": []
                        }
                    },
                    "Institution": {
                        "semi": {
                            "name": [],
                            "address": [],
                            "website": []
                        }
                    }
                },
                "dialog_act": {
                    "Conference-Recommend": [
                        [
                            "Choice",
                            "1"
                        ],
                        [
                            "acronym",
                            "ICSOC"
                        ]
                    ]
                },
                "span_info": [
                    [
                        "Conference-Recommend",
                        "acronym",
                        "ICSOC",
                        15,
                        19
                    ]
                ]
            },
            {
                "text": "请问ICSOCICSOC有哪些相关期刊呢",
                "metadata": {},
                "dialog_act": {
                    "Conference-Inform": [
                        [
                            "acronym",
                            "ICSOC"
                        ]
                    ],
                    "Conference-Request": [
                        [
                            "journalRelated",
                            "?"
                        ]
                    ]
                },
                "span_info": [
                    [
                        "Conference-Inform",
                        "acronym",
                        "ICSOC",
                        2,
                        6
                    ]
                ]
            },
            {
                "text": "ICSOC会议的相关期刊有IEEE Transactions on Services Computing",
                "metadata": {
                    "Conference": {
                        "semi": {
                            "acronym": [
                                "ICSOC"
                            ],
                            "year": [],
                            "fullName": [],
                            "paperDue": [],
                            "noticeDue": [],
                            "heldDate": [
                                "从11月7日到12月26日"
                            ],
                            "abstractDue": [],
                            "finalDue": [],
                            "location": [],
                            "category": [
                                "计算机科学"
                            ],
                            "ccf": [
                                "B类以下"
                            ],
                            "website": [],
                            "bestPaper": [],
                            "confRelated": [],
                            "journalRelated": []
                        }
                    },
                    "Paper": {
                        "semi": {
                            "doi": [],
                            "title": [],
                            "author": [],
                            "venue": [],
                            "year": [],
                            "institution": [],
                            "abstract": [],
                            "pdf": [],
                            "blog": []
                        },
                        "download": {
                            "path": []
                        }
                    },
                    "Journal": {
                        "semi": {
                            "name": [],
                            "ISSN": [],
                            "E_ISSN": [],
                            "IF": [],
                            "h_index": [],
                            "self_citing": [],
                            "ccf": [],
                            "sci": [],
                            "website": [],
                            "submit": [],
                            "OA": [],
                            "category": [],
                            "speed": [],
                            "rate": []
                        }
                    },
                    "Author": {
                        "semi": {
                            "name": [],
                            "field": [],
                            "affiliation": [],
                            "position": [],
                            "citations": [],
                            "h_index": [],
                            "pubs": []
                        }
                    },
                    "Institution": {
                        "semi": {
                            "name": [],
                            "address": [],
                            "website": []
                        }
                    }
                },
                "dialog_act": {
                    "Conference-Inform": [
                        [
                            "acronym",
                            "ICSOC"
                        ],
                        [
                            "journalRelated",
                            "IEEE Transactions on Services Computing"
                        ]
                    ]
                },
                "span_info": [
                    [
                        "Conference-Inform",
                        "acronym",
                        "ICSOC",
                        0,
                        4
                    ],
                    [
                        "Conference-Inform",
                        "journalRelated",
                        "IEEE Transactions on Services Computing",
                        13,
                        51
                    ]
                ]
            },
            {
                "text": "请问ICSOC2011该不会2011-09-02截止提交最终版论文吧",
                "metadata": {},
                "dialog_act": {
                    "Conference-Inform": [
                        [
                            "acronym",
                            "ICSOC"
                        ],
                        [
                            "year",
                            "2011"
                        ]
                    ],
                    "Conference-Confirm": [
                        [
                            "finalDue",
                            "2011-09-02"
                        ]
                    ]
                },
                "span_info": [
                    [
                        "Conference-Inform",
                        "acronym",
                        "ICSOC",
                        2,
                        6
                    ],
                    [
                        "Conference-Inform",
                        "year",
                        "2011",
                        7,
                        10
                    ],
                    [
                        "Conference-Confirm",
                        "finalDue",
                        "2011-09-02",
                        14,
                        23
                    ]
                ]
            },
            {
                "text": "你说的没错",
                "metadata": {
                    "Conference": {
                        "semi": {
                            "acronym": [
                                "ICSOC"
                            ],
                            "year": [
                                "2011"
                            ],
                            "fullName": [],
                            "paperDue": [],
                            "noticeDue": [],
                            "heldDate": [
                                "从11月7日到12月26日"
                            ],
                            "abstractDue": [],
                            "finalDue": [
                                "2011-09-02"
                            ],
                            "location": [],
                            "category": [
                                "计算机科学"
                            ],
                            "ccf": [
                                "B类以下"
                            ],
                            "website": [],
                            "bestPaper": [],
                            "confRelated": [],
                            "journalRelated": [
                                "IEEE Transactions on Services Computing"
                            ]
                        }
                    },
                    "Paper": {
                        "semi": {
                            "doi": [],
                            "title": [],
                            "author": [],
                            "venue": [],
                            "year": [],
                            "institution": [],
                            "abstract": [],
                            "pdf": [],
                            "blog": []
                        },
                        "download": {
                            "path": []
                        }
                    },
                    "Journal": {
                        "semi": {
                            "name": [],
                            "ISSN": [],
                            "E_ISSN": [],
                            "IF": [],
                            "h_index": [],
                            "self_citing": [],
                            "ccf": [],
                            "sci": [],
                            "website": [],
                            "submit": [],
                            "OA": [],
                            "category": [],
                            "speed": [],
                            "rate": []
                        }
                    },
                    "Author": {
                        "semi": {
                            "name": [],
                            "field": [],
                            "affiliation": [],
                            "position": [],
                            "citations": [],
                            "h_index": [],
                            "pubs": []
                        }
                    },
                    "Institution": {
                        "semi": {
                            "name": [],
                            "address": [],
                            "website": []
                        }
                    }
                },
                "dialog_act": {
                    "General-Positive": [
                        [
                            null,
                            null
                        ]
                    ]
                },
                "span_info": []
            },
            {
                "text": "请问ICSOC2011的截止提交摘要和论文时间分别是什么呢",
                "metadata": {},
                "dialog_act": {
                    "Conference-Inform": [
                        [
                            "acronym",
                            "ICSOC"
                        ],
                        [
                            "year",
                            "2011"
                        ]
                    ],
                    "Conference-Request": [
                        [
                            "paperDue",
                            "?"
                        ],
                        [
                            "abstractDue",
                            "?"
                        ]
                    ]
                },
                "span_info": [
                    [
                        "Conference-Inform",
                        "acronym",
                        "ICSOC",
                        2,
                        6
                    ],
                    [
                        "Conference-Inform",
                        "year",
                        "2011",
                        7,
                        10
                    ]
                ]
            },
            {
                "text": "ICSOC2011的截稿时间是2011-06-10，摘要截稿时间是2011-06-10",
                "metadata": {
                    "Conference": {
                        "semi": {
                            "acronym": [
                                "ICSOC"
                            ],
                            "year": [
                                "2011"
                            ],
                            "fullName": [],
                            "paperDue": [],
                            "noticeDue": [],
                            "heldDate": [
                                "从11月7日到12月26日"
                            ],
                            "abstractDue": [],
                            "finalDue": [
                                "2011-09-02"
                            ],
                            "location": [],
                            "category": [
                                "计算机科学"
                            ],
                            "ccf": [
                                "B类以下"
                            ],
                            "website": [],
                            "bestPaper": [],
                            "confRelated": [],
                            "journalRelated": [
                                "IEEE Transactions on Services Computing"
                            ]
                        }
                    },
                    "Paper": {
                        "semi": {
                            "doi": [],
                            "title": [],
                            "author": [],
                            "venue": [],
                            "year": [],
                            "institution": [],
                            "abstract": [],
                            "pdf": [],
                            "blog": []
                        },
                        "download": {
                            "path": []
                        }
                    },
                    "Journal": {
                        "semi": {
                            "name": [],
                            "ISSN": [],
                            "E_ISSN": [],
                            "IF": [],
                            "h_index": [],
                            "self_citing": [],
                            "ccf": [],
                            "sci": [],
                            "website": [],
                            "submit": [],
                            "OA": [],
                            "category": [],
                            "speed": [],
                            "rate": []
                        }
                    },
                    "Author": {
                        "semi": {
                            "name": [],
                            "field": [],
                            "affiliation": [],
                            "position": [],
                            "citations": [],
                            "h_index": [],
                            "pubs": []
                        }
                    },
                    "Institution": {
                        "semi": {
                            "name": [],
                            "address": [],
                            "website": []
                        }
                    }
                },
                "dialog_act": {
                    "Conference-Inform": [
                        [
                            "acronym",
                            "ICSOC"
                        ],
                        [
                            "year",
                            "2011"
                        ],
                        [
                            "paperDue",
                            "2011-06-10"
                        ],
                        [
                            "abstractDue",
                            "2011-06-03"
                        ]
                    ]
                },
                "span_info": [
                    [
                        "Conference-Inform",
                        "acronym",
                        "ICSOC",
                        0,
                        4
                    ],
                    [
                        "Conference-Inform",
                        "year",
                        "2011",
                        5,
                        8
                    ],
                    [
                        "Conference-Inform",
                        "paperDue",
                        "2011-06-10",
                        15,
                        24
                    ],
                    [
                        "Conference-Inform",
                        "abstractDue",
                        "2011-06-03",
                        -1,
                        8
                    ]
                ]
            },
            {
                "text": "你知道KDD会议上发表过哪些论文呢",
                "metadata": {},
                "dialog_act": {
                    "Paper-Inform": [
                        [
                            "venue",
                            "KDD"
                        ]
                    ]
                },
                "span_info": [
                    [
                        "Paper-Inform",
                        "venue",
                        "KDD",
                        3,
                        5
                    ]
                ]
            },
            {
                "text": "共找到50个符合条件的会议，你想要哪年发表的论文呢",
                "metadata": {
                    "Conference": {
                        "semi": {
                            "acronym": [
                                "ICSOC"
                            ],
                            "year": [
                                "2011"
                            ],
                            "fullName": [],
                            "paperDue": [
                                "2011-06-10"
                            ],
                            "noticeDue": [],
                            "heldDate": [],
                            "abstractDue": [
                                "2011-06-03"
                            ],
                            "finalDue": [],
                            "location": [],
                            "category": [],
                            "ccf": [],
                            "website": [],
                            "bestPaper": [],
                            "confRelated": [],
                            "journalRelated": []
                        }
                    },
                    "Paper": {
                        "semi": {
                            "doi": [],
                            "title": [],
                            "author": [],
                            "venue": [
                                "KDD"
                            ],
                            "year": [],
                            "institution": [],
                            "abstract": [],
                            "pdf": [],
                            "blog": []
                        },
                        "download": {
                            "path": []
                        }
                    },
                    "Journal": {
                        "semi": {
                            "name": [],
                            "ISSN": [],
                            "E_ISSN": [],
                            "IF": [],
                            "h_index": [],
                            "self_citing": [],
                            "ccf": [],
                            "sci": [],
                            "website": [],
                            "submit": [],
                            "OA": [],
                            "category": [],
                            "speed": [],
                            "rate": []
                        }
                    },
                    "Author": {
                        "semi": {
                            "name": [],
                            "field": [],
                            "affiliation": [],
                            "position": [],
                            "citations": [],
                            "h_index": [],
                            "pubs": []
                        }
                    },
                    "Institution": {
                        "semi": {
                            "name": [],
                            "address": [],
                            "website": []
                        }
                    }
                },
                "dialog_act": {
                    "Paper-Recommend": [
                        [
                            "Choice",
                            "111"
                        ]
                    ],
                    "Paper-Reqmore": [
                        [
                            "year",
                            "?"
                        ]
                    ]
                },
                "span_info": []
            },
            {
                "text": "在这里面2005发表的论文有哪些呢",
                "metadata": {},
                "dialog_act": {
                    "Paper-Inform": [
                        [
                            "year",
                            "2005"
                        ]
                    ]
                },
                "span_info": [
                    [
                        "Paper-Add",
                        "year",
                        "2005",
                        4,
                        7
                    ]
                ]
            },
            {
                "text": "只有1篇满足条件的论文，它就是Email data cleaning",
                "metadata": {
                    "Conference": {
                        "semi": {
                            "acronym": [
                                "ICSOC"
                            ],
                            "year": [
                                "2011"
                            ],
                            "fullName": [],
                            "paperDue": [
                                "2011-06-10"
                            ],
                            "noticeDue": [],
                            "heldDate": [],
                            "abstractDue": [
                                "2011-06-03"
                            ],
                            "finalDue": [],
                            "location": [],
                            "category": [],
                            "ccf": [],
                            "website": [],
                            "bestPaper": [],
                            "confRelated": [],
                            "journalRelated": []
                        }
                    },
                    "Paper": {
                        "semi": {
                            "doi": [],
                            "title": [],
                            "author": [],
                            "venue": [
                                "KDD"
                            ],
                            "year": [
                                "2005"
                            ],
                            "institution": [],
                            "abstract": [],
                            "pdf": [],
                            "blog": []
                        },
                        "download": {
                            "path": []
                        }
                    },
                    "Journal": {
                        "semi": {
                            "name": [],
                            "ISSN": [],
                            "E_ISSN": [],
                            "IF": [],
                            "h_index": [],
                            "self_citing": [],
                            "ccf": [],
                            "sci": [],
                            "website": [],
                            "submit": [],
                            "OA": [],
                            "category": [],
                            "speed": [],
                            "rate": []
                        }
                    },
                    "Author": {
                        "semi": {
                            "name": [],
                            "field": [],
                            "affiliation": [],
                            "position": [],
                            "citations": [],
                            "h_index": [],
                            "pubs": []
                        }
                    },
                    "Institution": {
                        "semi": {
                            "name": [],
                            "address": [],
                            "website": []
                        }
                    }
                },
                "dialog_act": {
                    "Paper-Recommend": [
                        [
                            "Choice",
                            "1"
                        ],
                        [
                            "title",
                            "Email data cleaning"
                        ]
                    ]
                },
                "span_info": [
                    [
                        "Paper-Recommend",
                        "title",
                        "Email data cleaning",
                        15,
                        33
                    ]
                ]
            }
        ]
    }
}