{
    "MFTF_010847": {
        "goal": {
            "Conference": {
                "semi": {
                    "acronym": [
                        "ICISC"
                    ],
                    "year": [
                        "2014"
                    ],
                    "fullName": [],
                    "paperDue": [],
                    "noticeDue": [],
                    "heldDate": [],
                    "abstractDue": [],
                    "finalDue": [],
                    "location": [],
                    "category": [],
                    "ccf": [],
                    "website": [
                        "http://www.icisc.org"
                    ],
                    "bestPaper": [],
                    "confRelated": [],
                    "journalRelated": []
                }
            },
            "Paper": {
                "semi": {
                    "doi": [],
                    "title": [],
                    "author": [],
                    "venue": [
                        "ICIC"
                    ],
                    "year": [],
                    "institution": [
                        "重庆大学材料科学与工程学院"
                    ],
                    "abstract": [],
                    "pdf": [],
                    "blog": []
                },
                "download": {
                    "path": []
                }
            },
            "Journal": {
                "semi": {
                    "name": [],
                    "ISSN": [],
                    "E_ISSN": [],
                    "IF": [],
                    "h_index": [],
                    "self_citing": [],
                    "ccf": [],
                    "sci": [],
                    "website": [],
                    "submit": [],
                    "OA": [],
                    "category": [],
                    "speed": [],
                    "rate": []
                }
            },
            "Author": {
                "semi": {
                    "name": [],
                    "field": [],
                    "affiliation": [],
                    "position": [],
                    "citations": [],
                    "h_index": [],
                    "pubs": []
                }
            },
            "Institution": {
                "semi": {
                    "name": [],
                    "address": [],
                    "website": []
                }
            },
            "description": [
                "Given heldDate,location; Recommend Conference",
                "When choice=0 and system confirms, give positive answer then update a constraint to continue searching",
                "Request detail of paperDue,abstractDue",
                "Request detail of journalRelated",
                "Request detail of fullName",
                "Request detail of ccf",
                "Confirm detail of category",
                "Request detail of website",
                "Given venue; Recommend Paper",
                "Add institution; Recommend Paper"
            ]
        },
        "log": [
            {
                "text": "韩国哪些会议12月3号到20号举行了",
                "metadata": {},
                "dialog_act": {
                    "Conference-Inform": [
                        [
                            "heldDate",
                            "12月3号到20号"
                        ],
                        [
                            "location",
                            "韩国"
                        ]
                    ]
                },
                "span_info": [
                    [
                        "Conference-Inform",
                        "heldDate",
                        "12月3号到20号",
                        6,
                        14
                    ],
                    [
                        "Conference-Inform",
                        "location",
                        "韩国",
                        0,
                        1
                    ]
                ]
            },
            {
                "text": "符合条件的会议有0个，你确定找的是12月3号到20号在韩国举办的会议嘛",
                "metadata": {
                    "Conference": {
                        "semi": {
                            "acronym": [],
                            "year": [],
                            "fullName": [],
                            "paperDue": [],
                            "noticeDue": [],
                            "heldDate": [
                                "12月3号到20号"
                            ],
                            "abstractDue": [],
                            "finalDue": [],
                            "location": [
                                "韩国"
                            ],
                            "category": [],
                            "ccf": [],
                            "website": [],
                            "bestPaper": [],
                            "confRelated": [],
                            "journalRelated": []
                        }
                    },
                    "Paper": {
                        "semi": {
                            "doi": [],
                            "title": [],
                            "author": [],
                            "venue": [],
                            "year": [],
                            "institution": [],
                            "abstract": [],
                            "pdf": [],
                            "blog": []
                        },
                        "download": {
                            "path": []
                        }
                    },
                    "Journal": {
                        "semi": {
                            "name": [],
                            "ISSN": [],
                            "E_ISSN": [],
                            "IF": [],
                            "h_index": [],
                            "self_citing": [],
                            "ccf": [],
                            "sci": [],
                            "website": [],
                            "submit": [],
                            "OA": [],
                            "category": [],
                            "speed": [],
                            "rate": []
                        }
                    },
                    "Author": {
                        "semi": {
                            "name": [],
                            "field": [],
                            "affiliation": [],
                            "position": [],
                            "citations": [],
                            "h_index": [],
                            "pubs": []
                        }
                    },
                    "Institution": {
                        "semi": {
                            "name": [],
                            "address": [],
                            "website": []
                        }
                    }
                },
                "dialog_act": {
                    "Conference-Recommend": [
                        [
                            "Choice",
                            "0"
                        ]
                    ],
                    "Conference-Confirm": [
                        [
                            "heldDate",
                            "12月3号到20号"
                        ],
                        [
                            "location",
                            "韩国"
                        ]
                    ]
                },
                "span_info": [
                    [
                        "Conference-Confirm",
                        "heldDate",
                        "12月3号到20号",
                        17,
                        25
                    ],
                    [
                        "Conference-Confirm",
                        "location",
                        "韩国",
                        27,
                        28
                    ]
                ]
            },
            {
                "text": "没错，帮我找一下这个问题的答案吧，你知道有从11月12日到12月27日举办的",
                "metadata": {},
                "dialog_act": {
                    "Conference-Inform": [
                        [
                            "heldDate",
                            "从11月12日到12月27日"
                        ]
                    ],
                    "General-Positive": [
                        [
                            null,
                            null
                        ]
                    ]
                },
                "span_info": [
                    [
                        "Conference-Update",
                        "heldDate",
                        "从11月12日到12月27日",
                        21,
                        34
                    ]
                ]
            },
            {
                "text": "共找到1个符合条件的会议，它就是ICISC",
                "metadata": {
                    "Conference": {
                        "semi": {
                            "acronym": [],
                            "year": [],
                            "fullName": [],
                            "paperDue": [],
                            "noticeDue": [],
                            "heldDate": [
                                "从11月12日到12月27日"
                            ],
                            "abstractDue": [],
                            "finalDue": [],
                            "location": [
                                "韩国"
                            ],
                            "category": [],
                            "ccf": [],
                            "website": [],
                            "bestPaper": [],
                            "confRelated": [],
                            "journalRelated": []
                        }
                    },
                    "Paper": {
                        "semi": {
                            "doi": [],
                            "title": [],
                            "author": [],
                            "venue": [],
                            "year": [],
                            "institution": [],
                            "abstract": [],
                            "pdf": [],
                            "blog": []
                        },
                        "download": {
                            "path": []
                        }
                    },
                    "Journal": {
                        "semi": {
                            "name": [],
                            "ISSN": [],
                            "E_ISSN": [],
                            "IF": [],
                            "h_index": [],
                            "self_citing": [],
                            "ccf": [],
                            "sci": [],
                            "website": [],
                            "submit": [],
                            "OA": [],
                            "category": [],
                            "speed": [],
                            "rate": []
                        }
                    },
                    "Author": {
                        "semi": {
                            "name": [],
                            "field": [],
                            "affiliation": [],
                            "position": [],
                            "citations": [],
                            "h_index": [],
                            "pubs": []
                        }
                    },
                    "Institution": {
                        "semi": {
                            "name": [],
                            "address": [],
                            "website": []
                        }
                    }
                },
                "dialog_act": {
                    "Conference-Recommend": [
                        [
                            "Choice",
                            "1"
                        ],
                        [
                            "acronym",
                            "ICISC"
                        ]
                    ]
                },
                "span_info": [
                    [
                        "Conference-Recommend",
                        "acronym",
                        "ICISC",
                        16,
                        20
                    ]
                ]
            },
            {
                "text": "咨询一下ICISC2014的截止提交摘要和论文时间分别是什么呢",
                "metadata": {},
                "dialog_act": {
                    "Conference-Inform": [
                        [
                            "acronym",
                            "ICISC"
                        ],
                        [
                            "year",
                            "2014"
                        ]
                    ],
                    "Conference-Request": [
                        [
                            "paperDue",
                            "?"
                        ],
                        [
                            "abstractDue",
                            "?"
                        ]
                    ]
                },
                "span_info": [
                    [
                        "Conference-Inform",
                        "acronym",
                        "ICISC",
                        4,
                        8
                    ],
                    [
                        "Conference-Inform",
                        "year",
                        "2014",
                        9,
                        12
                    ]
                ]
            },
            {
                "text": "ICISC2014的截稿时间是2014-09-04，但是目前数据库中没有找到ICISC2014的摘要截稿时间",
                "metadata": {
                    "Conference": {
                        "semi": {
                            "acronym": [
                                "ICISC"
                            ],
                            "year": [
                                "2014"
                            ],
                            "fullName": [],
                            "paperDue": [],
                            "noticeDue": [],
                            "heldDate": [
                                "从11月12日到12月27日"
                            ],
                            "abstractDue": [],
                            "finalDue": [],
                            "location": [
                                "韩国"
                            ],
                            "category": [],
                            "ccf": [],
                            "website": [],
                            "bestPaper": [],
                            "confRelated": [],
                            "journalRelated": []
                        }
                    },
                    "Paper": {
                        "semi": {
                            "doi": [],
                            "title": [],
                            "author": [],
                            "venue": [],
                            "year": [],
                            "institution": [],
                            "abstract": [],
                            "pdf": [],
                            "blog": []
                        },
                        "download": {
                            "path": []
                        }
                    },
                    "Journal": {
                        "semi": {
                            "name": [],
                            "ISSN": [],
                            "E_ISSN": [],
                            "IF": [],
                            "h_index": [],
                            "self_citing": [],
                            "ccf": [],
                            "sci": [],
                            "website": [],
                            "submit": [],
                            "OA": [],
                            "category": [],
                            "speed": [],
                            "rate": []
                        }
                    },
                    "Author": {
                        "semi": {
                            "name": [],
                            "field": [],
                            "affiliation": [],
                            "position": [],
                            "citations": [],
                            "h_index": [],
                            "pubs": []
                        }
                    },
                    "Institution": {
                        "semi": {
                            "name": [],
                            "address": [],
                            "website": []
                        }
                    }
                },
                "dialog_act": {
                    "Conference-Inform": [
                        [
                            "acronym",
                            "ICISC"
                        ],
                        [
                            "year",
                            "2014"
                        ],
                        [
                            "paperDue",
                            "2014-09-04"
                        ]
                    ],
                    "Conference-NoInform": [
                        [
                            "abstractDue",
                            null
                        ]
                    ]
                },
                "span_info": [
                    [
                        "Conference-Inform",
                        "acronym",
                        "ICISC",
                        0,
                        4
                    ],
                    [
                        "Conference-Inform",
                        "year",
                        "2014",
                        5,
                        8
                    ],
                    [
                        "Conference-Inform",
                        "paperDue",
                        "2014-09-04",
                        15,
                        24
                    ]
                ]
            },
            {
                "text": "你知道ICISC的相关期刊有哪些",
                "metadata": {},
                "dialog_act": {
                    "Conference-Inform": [
                        [
                            "acronym",
                            "ICISC"
                        ]
                    ],
                    "Conference-Request": [
                        [
                            "journalRelated",
                            "?"
                        ]
                    ]
                },
                "span_info": [
                    [
                        "Conference-Inform",
                        "acronym",
                        "ICISC",
                        3,
                        7
                    ]
                ]
            },
            {
                "text": "ICISC会议的相关期刊有IET Information Security",
                "metadata": {
                    "Conference": {
                        "semi": {
                            "acronym": [
                                "ICISC"
                            ],
                            "year": [
                                "2014"
                            ],
                            "fullName": [],
                            "paperDue": [
                                "2014-09-04"
                            ],
                            "noticeDue": [],
                            "heldDate": [
                                "从11月12日到12月27日"
                            ],
                            "abstractDue": [],
                            "finalDue": [],
                            "location": [
                                "韩国"
                            ],
                            "category": [],
                            "ccf": [],
                            "website": [],
                            "bestPaper": [],
                            "confRelated": [],
                            "journalRelated": []
                        }
                    },
                    "Paper": {
                        "semi": {
                            "doi": [],
                            "title": [],
                            "author": [],
                            "venue": [],
                            "year": [],
                            "institution": [],
                            "abstract": [],
                            "pdf": [],
                            "blog": []
                        },
                        "download": {
                            "path": []
                        }
                    },
                    "Journal": {
                        "semi": {
                            "name": [],
                            "ISSN": [],
                            "E_ISSN": [],
                            "IF": [],
                            "h_index": [],
                            "self_citing": [],
                            "ccf": [],
                            "sci": [],
                            "website": [],
                            "submit": [],
                            "OA": [],
                            "category": [],
                            "speed": [],
                            "rate": []
                        }
                    },
                    "Author": {
                        "semi": {
                            "name": [],
                            "field": [],
                            "affiliation": [],
                            "position": [],
                            "citations": [],
                            "h_index": [],
                            "pubs": []
                        }
                    },
                    "Institution": {
                        "semi": {
                            "name": [],
                            "address": [],
                            "website": []
                        }
                    }
                },
                "dialog_act": {
                    "Conference-Inform": [
                        [
                            "acronym",
                            "ICISC"
                        ],
                        [
                            "journalRelated",
                            "IET Information Security"
                        ]
                    ]
                },
                "span_info": [
                    [
                        "Conference-Inform",
                        "acronym",
                        "ICISC",
                        0,
                        4
                    ],
                    [
                        "Conference-Inform",
                        "journalRelated",
                        "IET Information Security",
                        13,
                        36
                    ]
                ]
            },
            {
                "text": "ICISC2014会议的全称是什么呢",
                "metadata": {},
                "dialog_act": {
                    "Conference-Inform": [
                        [
                            "acronym",
                            "ICISC"
                        ],
                        [
                            "year",
                            "2014"
                        ]
                    ],
                    "Conference-Request": [
                        [
                            "fullName",
                            "?"
                        ]
                    ]
                },
                "span_info": [
                    [
                        "Conference-Inform",
                        "acronym",
                        "ICISC",
                        0,
                        4
                    ],
                    [
                        "Conference-Inform",
                        "year",
                        "2014",
                        5,
                        8
                    ]
                ]
            },
            {
                "text": "ICISC2014的全称是The 17th Annual International Conference on Information Security and Cryptology",
                "metadata": {
                    "Conference": {
                        "semi": {
                            "acronym": [
                                "ICISC"
                            ],
                            "year": [
                                "2014"
                            ],
                            "fullName": [],
                            "paperDue": [
                                "2014-09-04"
                            ],
                            "noticeDue": [],
                            "heldDate": [
                                "从11月12日到12月27日"
                            ],
                            "abstractDue": [],
                            "finalDue": [],
                            "location": [
                                "韩国"
                            ],
                            "category": [],
                            "ccf": [],
                            "website": [],
                            "bestPaper": [],
                            "confRelated": [],
                            "journalRelated": [
                                "IET Information Security"
                            ]
                        }
                    },
                    "Paper": {
                        "semi": {
                            "doi": [],
                            "title": [],
                            "author": [],
                            "venue": [],
                            "year": [],
                            "institution": [],
                            "abstract": [],
                            "pdf": [],
                            "blog": []
                        },
                        "download": {
                            "path": []
                        }
                    },
                    "Journal": {
                        "semi": {
                            "name": [],
                            "ISSN": [],
                            "E_ISSN": [],
                            "IF": [],
                            "h_index": [],
                            "self_citing": [],
                            "ccf": [],
                            "sci": [],
                            "website": [],
                            "submit": [],
                            "OA": [],
                            "category": [],
                            "speed": [],
                            "rate": []
                        }
                    },
                    "Author": {
                        "semi": {
                            "name": [],
                            "field": [],
                            "affiliation": [],
                            "position": [],
                            "citations": [],
                            "h_index": [],
                            "pubs": []
                        }
                    },
                    "Institution": {
                        "semi": {
                            "name": [],
                            "address": [],
                            "website": []
                        }
                    }
                },
                "dialog_act": {
                    "Conference-Inform": [
                        [
                            "acronym",
                            "ICISC"
                        ],
                        [
                            "year",
                            "2014"
                        ],
                        [
                            "fullName",
                            "The 17th Annual International Conference on Information Security and Cryptology"
                        ]
                    ]
                },
                "span_info": [
                    [
                        "Conference-Inform",
                        "acronym",
                        "ICISC",
                        0,
                        4
                    ],
                    [
                        "Conference-Inform",
                        "year",
                        "2014",
                        5,
                        8
                    ],
                    [
                        "Conference-Inform",
                        "fullName",
                        "The 17th Annual International Conference on Information Security and Cryptology",
                        13,
                        91
                    ]
                ]
            },
            {
                "text": "ICISC主要是什么ccf级别的会议",
                "metadata": {},
                "dialog_act": {
                    "Conference-Inform": [
                        [
                            "acronym",
                            "ICISC"
                        ]
                    ],
                    "Conference-Request": [
                        [
                            "ccf",
                            "?"
                        ]
                    ]
                },
                "span_info": [
                    [
                        "Conference-Inform",
                        "acronym",
                        "ICISC",
                        0,
                        4
                    ]
                ]
            },
            {
                "text": "目前数据库中没有找到ICISC会议的ccf级别，之后我们会不断完善数据，感谢您的理解",
                "metadata": {
                    "Conference": {
                        "semi": {
                            "acronym": [
                                "ICISC"
                            ],
                            "year": [
                                "2014"
                            ],
                            "fullName": [
                                "The 17th Annual International Conference on Information Security and Cryptology"
                            ],
                            "paperDue": [
                                "2014-09-04"
                            ],
                            "noticeDue": [],
                            "heldDate": [
                                "从11月12日到12月27日"
                            ],
                            "abstractDue": [],
                            "finalDue": [],
                            "location": [
                                "韩国"
                            ],
                            "category": [],
                            "ccf": [],
                            "website": [],
                            "bestPaper": [],
                            "confRelated": [],
                            "journalRelated": [
                                "IET Information Security"
                            ]
                        }
                    },
                    "Paper": {
                        "semi": {
                            "doi": [],
                            "title": [],
                            "author": [],
                            "venue": [],
                            "year": [],
                            "institution": [],
                            "abstract": [],
                            "pdf": [],
                            "blog": []
                        },
                        "download": {
                            "path": []
                        }
                    },
                    "Journal": {
                        "semi": {
                            "name": [],
                            "ISSN": [],
                            "E_ISSN": [],
                            "IF": [],
                            "h_index": [],
                            "self_citing": [],
                            "ccf": [],
                            "sci": [],
                            "website": [],
                            "submit": [],
                            "OA": [],
                            "category": [],
                            "speed": [],
                            "rate": []
                        }
                    },
                    "Author": {
                        "semi": {
                            "name": [],
                            "field": [],
                            "affiliation": [],
                            "position": [],
                            "citations": [],
                            "h_index": [],
                            "pubs": []
                        }
                    },
                    "Institution": {
                        "semi": {
                            "name": [],
                            "address": [],
                            "website": []
                        }
                    }
                },
                "dialog_act": {
                    "Conference-Inform": [
                        [
                            "acronym",
                            "ICISC"
                        ]
                    ],
                    "Conference-NoInform": [
                        [
                            "ccf",
                            null
                        ]
                    ]
                },
                "span_info": [
                    [
                        "Conference-Inform",
                        "acronym",
                        "ICISC",
                        10,
                        14
                    ]
                ]
            },
            {
                "text": "请问ICISC2022该不会属于密码学领域吧",
                "metadata": {},
                "dialog_act": {
                    "Conference-Inform": [
                        [
                            "acronym",
                            "ICISC"
                        ]
                    ],
                    "Conference-Confirm": [
                        [
                            "category",
                            "密码学"
                        ]
                    ]
                },
                "span_info": [
                    [
                        "Conference-Inform",
                        "acronym",
                        "ICISC",
                        2,
                        6
                    ],
                    [
                        "Conference-Confirm",
                        "category",
                        "密码学",
                        16,
                        18
                    ]
                ]
            },
            {
                "text": "嗯嗯",
                "metadata": {
                    "Conference": {
                        "semi": {
                            "acronym": [
                                "ICISC"
                            ],
                            "year": [
                                "2014"
                            ],
                            "fullName": [
                                "The 17th Annual International Conference on Information Security and Cryptology"
                            ],
                            "paperDue": [
                                "2014-09-04"
                            ],
                            "noticeDue": [],
                            "heldDate": [
                                "从11月12日到12月27日"
                            ],
                            "abstractDue": [],
                            "finalDue": [],
                            "location": [
                                "韩国"
                            ],
                            "category": [
                                "密码学"
                            ],
                            "ccf": [],
                            "website": [],
                            "bestPaper": [],
                            "confRelated": [],
                            "journalRelated": [
                                "IET Information Security"
                            ]
                        }
                    },
                    "Paper": {
                        "semi": {
                            "doi": [],
                            "title": [],
                            "author": [],
                            "venue": [],
                            "year": [],
                            "institution": [],
                            "abstract": [],
                            "pdf": [],
                            "blog": []
                        },
                        "download": {
                            "path": []
                        }
                    },
                    "Journal": {
                        "semi": {
                            "name": [],
                            "ISSN": [],
                            "E_ISSN": [],
                            "IF": [],
                            "h_index": [],
                            "self_citing": [],
                            "ccf": [],
                            "sci": [],
                            "website": [],
                            "submit": [],
                            "OA": [],
                            "category": [],
                            "speed": [],
                            "rate": []
                        }
                    },
                    "Author": {
                        "semi": {
                            "name": [],
                            "field": [],
                            "affiliation": [],
                            "position": [],
                            "citations": [],
                            "h_index": [],
                            "pubs": []
                        }
                    },
                    "Institution": {
                        "semi": {
                            "name": [],
                            "address": [],
                            "website": []
                        }
                    }
                },
                "dialog_act": {
                    "General-Positive": [
                        [
                            null,
                            null
                        ]
                    ]
                },
                "span_info": []
            },
            {
                "text": "介绍一下ICISC2014会议的官网",
                "metadata": {},
                "dialog_act": {
                    "Conference-Inform": [
                        [
                            "acronym",
                            "ICISC"
                        ],
                        [
                            "year",
                            "2014"
                        ]
                    ],
                    "Conference-Request": [
                        [
                            "website",
                            "?"
                        ]
                    ]
                },
                "span_info": [
                    [
                        "Conference-Inform",
                        "acronym",
                        "ICISC",
                        4,
                        8
                    ],
                    [
                        "Conference-Inform",
                        "year",
                        "2014",
                        9,
                        12
                    ]
                ]
            },
            {
                "text": "ICISC2014的官网是http://www.icisc.org",
                "metadata": {
                    "Conference": {
                        "semi": {
                            "acronym": [
                                "ICISC"
                            ],
                            "year": [
                                "2014"
                            ],
                            "fullName": [
                                "The 17th Annual International Conference on Information Security and Cryptology"
                            ],
                            "paperDue": [
                                "2014-09-04"
                            ],
                            "noticeDue": [],
                            "heldDate": [
                                "从11月12日到12月27日"
                            ],
                            "abstractDue": [],
                            "finalDue": [],
                            "location": [
                                "韩国"
                            ],
                            "category": [
                                "密码学"
                            ],
                            "ccf": [],
                            "website": [],
                            "bestPaper": [],
                            "confRelated": [],
                            "journalRelated": [
                                "IET Information Security"
                            ]
                        }
                    },
                    "Paper": {
                        "semi": {
                            "doi": [],
                            "title": [],
                            "author": [],
                            "venue": [],
                            "year": [],
                            "institution": [],
                            "abstract": [],
                            "pdf": [],
                            "blog": []
                        },
                        "download": {
                            "path": []
                        }
                    },
                    "Journal": {
                        "semi": {
                            "name": [],
                            "ISSN": [],
                            "E_ISSN": [],
                            "IF": [],
                            "h_index": [],
                            "self_citing": [],
                            "ccf": [],
                            "sci": [],
                            "website": [],
                            "submit": [],
                            "OA": [],
                            "category": [],
                            "speed": [],
                            "rate": []
                        }
                    },
                    "Author": {
                        "semi": {
                            "name": [],
                            "field": [],
                            "affiliation": [],
                            "position": [],
                            "citations": [],
                            "h_index": [],
                            "pubs": []
                        }
                    },
                    "Institution": {
                        "semi": {
                            "name": [],
                            "address": [],
                            "website": []
                        }
                    }
                },
                "dialog_act": {
                    "Conference-Inform": [
                        [
                            "acronym",
                            "ICISC"
                        ],
                        [
                            "year",
                            "2014"
                        ],
                        [
                            "website",
                            "http://www.icisc.org"
                        ]
                    ]
                },
                "span_info": [
                    [
                        "Conference-Inform",
                        "acronym",
                        "ICISC",
                        0,
                        4
                    ],
                    [
                        "Conference-Inform",
                        "year",
                        "2014",
                        5,
                        8
                    ],
                    [
                        "Conference-Inform",
                        "website",
                        "http://www.icisc.org",
                        13,
                        32
                    ]
                ]
            },
            {
                "text": "你知道ICIC会议上发表过哪些论文呢",
                "metadata": {},
                "dialog_act": {
                    "Paper-Inform": [
                        [
                            "venue",
                            "ICIC"
                        ]
                    ]
                },
                "span_info": [
                    [
                        "Paper-Inform",
                        "venue",
                        "ICIC",
                        3,
                        6
                    ]
                ]
            },
            {
                "text": "共有50篇满足条件的论文，您还有什么其他的要求嘛",
                "metadata": {
                    "Conference": {
                        "semi": {
                            "acronym": [
                                "ICISC"
                            ],
                            "year": [
                                "2014"
                            ],
                            "fullName": [],
                            "paperDue": [],
                            "noticeDue": [],
                            "heldDate": [],
                            "abstractDue": [],
                            "finalDue": [],
                            "location": [],
                            "category": [],
                            "ccf": [],
                            "website": [
                                "http://www.icisc.org"
                            ],
                            "bestPaper": [],
                            "confRelated": [],
                            "journalRelated": []
                        }
                    },
                    "Paper": {
                        "semi": {
                            "doi": [],
                            "title": [],
                            "author": [],
                            "venue": [
                                "ICIC"
                            ],
                            "year": [],
                            "institution": [],
                            "abstract": [],
                            "pdf": [],
                            "blog": []
                        },
                        "download": {
                            "path": []
                        }
                    },
                    "Journal": {
                        "semi": {
                            "name": [],
                            "ISSN": [],
                            "E_ISSN": [],
                            "IF": [],
                            "h_index": [],
                            "self_citing": [],
                            "ccf": [],
                            "sci": [],
                            "website": [],
                            "submit": [],
                            "OA": [],
                            "category": [],
                            "speed": [],
                            "rate": []
                        }
                    },
                    "Author": {
                        "semi": {
                            "name": [],
                            "field": [],
                            "affiliation": [],
                            "position": [],
                            "citations": [],
                            "h_index": [],
                            "pubs": []
                        }
                    },
                    "Institution": {
                        "semi": {
                            "name": [],
                            "address": [],
                            "website": []
                        }
                    }
                },
                "dialog_act": {
                    "Paper-Recommend": [
                        [
                            "Choice",
                            "171"
                        ]
                    ],
                    "Paper-Reqmore": [
                        [
                            "?",
                            "?"
                        ]
                    ]
                },
                "span_info": []
            },
            {
                "text": "查询一下重庆大学材料科学与工程学院发表的论文有哪些呢",
                "metadata": {},
                "dialog_act": {
                    "Paper-Inform": [
                        [
                            "institution",
                            "重庆大学材料科学与工程学院"
                        ]
                    ]
                },
                "span_info": [
                    [
                        "Paper-Add",
                        "institution",
                        "重庆大学材料科学与工程学院",
                        4,
                        16
                    ]
                ]
            },
            {
                "text": "共找到1篇符合条件的论文，它就是A Protection Method of Wavelength Security Based on DWDM Optical Networks",
                "metadata": {
                    "Conference": {
                        "semi": {
                            "acronym": [
                                "ICISC"
                            ],
                            "year": [
                                "2014"
                            ],
                            "fullName": [],
                            "paperDue": [],
                            "noticeDue": [],
                            "heldDate": [],
                            "abstractDue": [],
                            "finalDue": [],
                            "location": [],
                            "category": [],
                            "ccf": [],
                            "website": [
                                "http://www.icisc.org"
                            ],
                            "bestPaper": [],
                            "confRelated": [],
                            "journalRelated": []
                        }
                    },
                    "Paper": {
                        "semi": {
                            "doi": [],
                            "title": [],
                            "author": [],
                            "venue": [
                                "ICIC"
                            ],
                            "year": [],
                            "institution": [
                                "重庆大学材料科学与工程学院"
                            ],
                            "abstract": [],
                            "pdf": [],
                            "blog": []
                        },
                        "download": {
                            "path": []
                        }
                    },
                    "Journal": {
                        "semi": {
                            "name": [],
                            "ISSN": [],
                            "E_ISSN": [],
                            "IF": [],
                            "h_index": [],
                            "self_citing": [],
                            "ccf": [],
                            "sci": [],
                            "website": [],
                            "submit": [],
                            "OA": [],
                            "category": [],
                            "speed": [],
                            "rate": []
                        }
                    },
                    "Author": {
                        "semi": {
                            "name": [],
                            "field": [],
                            "affiliation": [],
                            "position": [],
                            "citations": [],
                            "h_index": [],
                            "pubs": []
                        }
                    },
                    "Institution": {
                        "semi": {
                            "name": [],
                            "address": [],
                            "website": []
                        }
                    }
                },
                "dialog_act": {
                    "Paper-Recommend": [
                        [
                            "Choice",
                            "1"
                        ],
                        [
                            "title",
                            "A Protection Method of Wavelength Security Based on DWDM Optical Networks"
                        ]
                    ]
                },
                "span_info": [
                    [
                        "Paper-Recommend",
                        "title",
                        "A Protection Method of Wavelength Security Based on DWDM Optical Networks",
                        16,
                        88
                    ]
                ]
            }
        ]
    }
}