{
    "MFTF_001418": {
        "goal": {
            "Conference": {
                "semi": {
                    "acronym": [],
                    "year": [],
                    "fullName": [],
                    "paperDue": [],
                    "noticeDue": [],
                    "heldDate": [],
                    "abstractDue": [],
                    "finalDue": [],
                    "location": [],
                    "category": [],
                    "ccf": [],
                    "website": [],
                    "bestPaper": [],
                    "confRelated": [],
                    "journalRelated": []
                }
            },
            "Paper": {
                "semi": {
                    "doi": [],
                    "title": [],
                    "author": [
                        "徐蕾"
                    ],
                    "venue": [
                        "ICIC"
                    ],
                    "year": [],
                    "institution": [],
                    "abstract": [],
                    "pdf": [],
                    "blog": []
                },
                "download": {
                    "path": []
                }
            },
            "Journal": {
                "semi": {
                    "name": [
                        "Scientometrics"
                    ],
                    "ISSN": [],
                    "E_ISSN": [],
                    "IF": [],
                    "h_index": [],
                    "self_citing": [],
                    "ccf": [],
                    "sci": [],
                    "website": [],
                    "submit": [],
                    "OA": [],
                    "category": [],
                    "speed": [],
                    "rate": []
                }
            },
            "Author": {
                "semi": {
                    "name": [],
                    "field": [],
                    "affiliation": [],
                    "position": [],
                    "citations": [],
                    "h_index": [],
                    "pubs": []
                }
            },
            "Institution": {
                "semi": {
                    "name": [],
                    "address": [],
                    "website": []
                }
            },
            "description": [
                "Given category; Recommend Journal",
                "Add sci; Recommend Journal",
                "When system confirms, give positive answer",
                "When system confirms, find error then claim statement again",
                "Given category; Recommend Journal",
                "Add IF; Recommend Journal",
                "When system confirms, find error then claim statement again",
                "Update sci; Recommend Journal",
                "Given venue; Recommend Paper",
                "When choice>=4 and system confirms whether output, give negative answer and add constraints"
            ]
        },
        "log": [
            {
                "text": "你知道计算机科学领域的期刊有哪些呢",
                "metadata": {},
                "dialog_act": {
                    "Journal-Inform": [
                        [
                            "category",
                            "计算机科学"
                        ]
                    ]
                },
                "span_info": [
                    [
                        "Journal-Inform",
                        "category",
                        "计算机科学",
                        3,
                        7
                    ]
                ]
            },
            {
                "text": "共有50个满足条件的会议，你想要sci几区的期刊呢",
                "metadata": {
                    "Conference": {
                        "semi": {
                            "acronym": [],
                            "year": [],
                            "fullName": [],
                            "paperDue": [],
                            "noticeDue": [],
                            "heldDate": [],
                            "abstractDue": [],
                            "finalDue": [],
                            "location": [],
                            "category": [],
                            "ccf": [],
                            "website": [],
                            "bestPaper": [],
                            "confRelated": [],
                            "journalRelated": []
                        }
                    },
                    "Paper": {
                        "semi": {
                            "doi": [],
                            "title": [],
                            "author": [],
                            "venue": [],
                            "year": [],
                            "institution": [],
                            "abstract": [],
                            "pdf": [],
                            "blog": []
                        },
                        "download": {
                            "path": []
                        }
                    },
                    "Journal": {
                        "semi": {
                            "name": [],
                            "ISSN": [],
                            "E_ISSN": [],
                            "IF": [],
                            "h_index": [],
                            "self_citing": [],
                            "ccf": [],
                            "sci": [],
                            "website": [],
                            "submit": [],
                            "OA": [],
                            "category": [
                                "计算机科学"
                            ],
                            "speed": [],
                            "rate": []
                        }
                    },
                    "Author": {
                        "semi": {
                            "name": [],
                            "field": [],
                            "affiliation": [],
                            "position": [],
                            "citations": [],
                            "h_index": [],
                            "pubs": []
                        }
                    },
                    "Institution": {
                        "semi": {
                            "name": [],
                            "address": [],
                            "website": []
                        }
                    }
                },
                "dialog_act": {
                    "Journal-Recommend": [
                        [
                            "Choice",
                            "12"
                        ]
                    ],
                    "Journal-Reqmore": [
                        [
                            "sci",
                            "?"
                        ]
                    ]
                },
                "span_info": []
            },
            {
                "text": "sci4区期刊这部分是怎样的呢",
                "metadata": {},
                "dialog_act": {
                    "Journal-Inform": [
                        [
                            "sci",
                            "sci4区"
                        ]
                    ]
                },
                "span_info": [
                    [
                        "Journal-Add",
                        "sci",
                        "sci4区",
                        0,
                        4
                    ]
                ]
            },
            {
                "text": "你确定找的是sci4区期刊嘛",
                "metadata": {
                    "Conference": {
                        "semi": {
                            "acronym": [],
                            "year": [],
                            "fullName": [],
                            "paperDue": [],
                            "noticeDue": [],
                            "heldDate": [],
                            "abstractDue": [],
                            "finalDue": [],
                            "location": [],
                            "category": [],
                            "ccf": [],
                            "website": [],
                            "bestPaper": [],
                            "confRelated": [],
                            "journalRelated": []
                        }
                    },
                    "Paper": {
                        "semi": {
                            "doi": [],
                            "title": [],
                            "author": [],
                            "venue": [],
                            "year": [],
                            "institution": [],
                            "abstract": [],
                            "pdf": [],
                            "blog": []
                        },
                        "download": {
                            "path": []
                        }
                    },
                    "Journal": {
                        "semi": {
                            "name": [],
                            "ISSN": [],
                            "E_ISSN": [],
                            "IF": [],
                            "h_index": [],
                            "self_citing": [],
                            "ccf": [],
                            "sci": [
                                "sci4区"
                            ],
                            "website": [],
                            "submit": [],
                            "OA": [],
                            "category": [
                                "计算机科学"
                            ],
                            "speed": [],
                            "rate": []
                        }
                    },
                    "Author": {
                        "semi": {
                            "name": [],
                            "field": [],
                            "affiliation": [],
                            "position": [],
                            "citations": [],
                            "h_index": [],
                            "pubs": []
                        }
                    },
                    "Institution": {
                        "semi": {
                            "name": [],
                            "address": [],
                            "website": []
                        }
                    }
                },
                "dialog_act": {
                    "Journal-Confirm": [
                        [
                            "sci",
                            "sci4区"
                        ]
                    ]
                },
                "span_info": [
                    [
                        "Journal-Confirm",
                        "sci",
                        "sci4区",
                        6,
                        10
                    ]
                ]
            },
            {
                "text": "嗯嗯是的呢",
                "metadata": {},
                "dialog_act": {
                    "General-Positive": [
                        [
                            null,
                            null
                        ]
                    ]
                },
                "span_info": []
            },
            {
                "text": "共有50个满足条件的期刊，你确定要输出嘛",
                "metadata": {
                    "Conference": {
                        "semi": {
                            "acronym": [],
                            "year": [],
                            "fullName": [],
                            "paperDue": [],
                            "noticeDue": [],
                            "heldDate": [],
                            "abstractDue": [],
                            "finalDue": [],
                            "location": [],
                            "category": [],
                            "ccf": [],
                            "website": [],
                            "bestPaper": [],
                            "confRelated": [],
                            "journalRelated": []
                        }
                    },
                    "Paper": {
                        "semi": {
                            "doi": [],
                            "title": [],
                            "author": [],
                            "venue": [],
                            "year": [],
                            "institution": [],
                            "abstract": [],
                            "pdf": [],
                            "blog": []
                        },
                        "download": {
                            "path": []
                        }
                    },
                    "Journal": {
                        "semi": {
                            "name": [],
                            "ISSN": [],
                            "E_ISSN": [],
                            "IF": [],
                            "h_index": [],
                            "self_citing": [],
                            "ccf": [],
                            "sci": [
                                "sci4区"
                            ],
                            "website": [],
                            "submit": [],
                            "OA": [],
                            "category": [
                                "计算机科学"
                            ],
                            "speed": [],
                            "rate": []
                        }
                    },
                    "Author": {
                        "semi": {
                            "name": [],
                            "field": [],
                            "affiliation": [],
                            "position": [],
                            "citations": [],
                            "h_index": [],
                            "pubs": []
                        }
                    },
                    "Institution": {
                        "semi": {
                            "name": [],
                            "address": [],
                            "website": []
                        }
                    }
                },
                "dialog_act": {
                    "Journal-Recommend": [
                        [
                            "Choice",
                            "6"
                        ]
                    ],
                    "Journal-Confirm": [
                        [
                            null,
                            null
                        ]
                    ]
                },
                "span_info": []
            },
            {
                "text": "呃不是，告诉我计算机科学领域的ccf-b期刊有哪些",
                "metadata": {},
                "dialog_act": {
                    "Journal-Inform": [
                        [
                            "ccf",
                            "ccf-b"
                        ],
                        [
                            "category",
                            "计算机科学"
                        ]
                    ],
                    "General-Negative": [
                        [
                            null,
                            null
                        ]
                    ]
                },
                "span_info": [
                    [
                        "Journal-Inform",
                        "ccf",
                        "ccf-b",
                        15,
                        19
                    ],
                    [
                        "Journal-Inform",
                        "category",
                        "计算机科学",
                        7,
                        11
                    ]
                ]
            },
            {
                "text": "没找到相应的期刊",
                "metadata": {
                    "Conference": {
                        "semi": {
                            "acronym": [],
                            "year": [],
                            "fullName": [],
                            "paperDue": [],
                            "noticeDue": [],
                            "heldDate": [],
                            "abstractDue": [],
                            "finalDue": [],
                            "location": [],
                            "category": [],
                            "ccf": [],
                            "website": [],
                            "bestPaper": [],
                            "confRelated": [],
                            "journalRelated": []
                        }
                    },
                    "Paper": {
                        "semi": {
                            "doi": [],
                            "title": [],
                            "author": [],
                            "venue": [],
                            "year": [],
                            "institution": [],
                            "abstract": [],
                            "pdf": [],
                            "blog": []
                        },
                        "download": {
                            "path": []
                        }
                    },
                    "Journal": {
                        "semi": {
                            "name": [],
                            "ISSN": [],
                            "E_ISSN": [],
                            "IF": [],
                            "h_index": [],
                            "self_citing": [],
                            "ccf": [
                                "ccf-b"
                            ],
                            "sci": [],
                            "website": [],
                            "submit": [],
                            "OA": [],
                            "category": [
                                "计算机科学"
                            ],
                            "speed": [],
                            "rate": []
                        }
                    },
                    "Author": {
                        "semi": {
                            "name": [],
                            "field": [],
                            "affiliation": [],
                            "position": [],
                            "citations": [],
                            "h_index": [],
                            "pubs": []
                        }
                    },
                    "Institution": {
                        "semi": {
                            "name": [],
                            "address": [],
                            "website": []
                        }
                    }
                },
                "dialog_act": {
                    "Journal-Recommend": [
                        [
                            "Choice",
                            "0"
                        ]
                    ]
                },
                "span_info": []
            },
            {
                "text": "有哪类期刊是计算机科学领域的",
                "metadata": {},
                "dialog_act": {
                    "Journal-Inform": [
                        [
                            "category",
                            "计算机科学"
                        ]
                    ]
                },
                "span_info": [
                    [
                        "Journal-Inform",
                        "category",
                        "计算机科学",
                        6,
                        10
                    ]
                ]
            },
            {
                "text": "共找到50个符合条件的期刊，您还有什么其他的要求嘛",
                "metadata": {
                    "Conference": {
                        "semi": {
                            "acronym": [],
                            "year": [],
                            "fullName": [],
                            "paperDue": [],
                            "noticeDue": [],
                            "heldDate": [],
                            "abstractDue": [],
                            "finalDue": [],
                            "location": [],
                            "category": [],
                            "ccf": [],
                            "website": [],
                            "bestPaper": [],
                            "confRelated": [],
                            "journalRelated": []
                        }
                    },
                    "Paper": {
                        "semi": {
                            "doi": [],
                            "title": [],
                            "author": [],
                            "venue": [],
                            "year": [],
                            "institution": [],
                            "abstract": [],
                            "pdf": [],
                            "blog": []
                        },
                        "download": {
                            "path": []
                        }
                    },
                    "Journal": {
                        "semi": {
                            "name": [],
                            "ISSN": [],
                            "E_ISSN": [],
                            "IF": [],
                            "h_index": [],
                            "self_citing": [],
                            "ccf": [],
                            "sci": [],
                            "website": [],
                            "submit": [],
                            "OA": [],
                            "category": [
                                "计算机科学"
                            ],
                            "speed": [],
                            "rate": []
                        }
                    },
                    "Author": {
                        "semi": {
                            "name": [],
                            "field": [],
                            "affiliation": [],
                            "position": [],
                            "citations": [],
                            "h_index": [],
                            "pubs": []
                        }
                    },
                    "Institution": {
                        "semi": {
                            "name": [],
                            "address": [],
                            "website": []
                        }
                    }
                },
                "dialog_act": {
                    "Journal-Recommend": [
                        [
                            "Choice",
                            "12"
                        ]
                    ],
                    "Journal-Reqmore": [
                        [
                            "?",
                            "?"
                        ]
                    ]
                },
                "span_info": []
            },
            {
                "text": "那IF影响因子大于2的呢",
                "metadata": {},
                "dialog_act": {
                    "Journal-Inform": [
                        [
                            "IF",
                            "IF影响因子大于2"
                        ]
                    ]
                },
                "span_info": [
                    [
                        "Journal-Add",
                        "IF",
                        "IF影响因子大于2",
                        1,
                        9
                    ]
                ]
            },
            {
                "text": "满足条件的期刊共有50个，你确定要返回结果嘛",
                "metadata": {
                    "Conference": {
                        "semi": {
                            "acronym": [],
                            "year": [],
                            "fullName": [],
                            "paperDue": [],
                            "noticeDue": [],
                            "heldDate": [],
                            "abstractDue": [],
                            "finalDue": [],
                            "location": [],
                            "category": [],
                            "ccf": [],
                            "website": [],
                            "bestPaper": [],
                            "confRelated": [],
                            "journalRelated": []
                        }
                    },
                    "Paper": {
                        "semi": {
                            "doi": [],
                            "title": [],
                            "author": [],
                            "venue": [],
                            "year": [],
                            "institution": [],
                            "abstract": [],
                            "pdf": [],
                            "blog": []
                        },
                        "download": {
                            "path": []
                        }
                    },
                    "Journal": {
                        "semi": {
                            "name": [],
                            "ISSN": [],
                            "E_ISSN": [],
                            "IF": [
                                "IF影响因子大于2"
                            ],
                            "h_index": [],
                            "self_citing": [],
                            "ccf": [],
                            "sci": [],
                            "website": [],
                            "submit": [],
                            "OA": [],
                            "category": [
                                "计算机科学"
                            ],
                            "speed": [],
                            "rate": []
                        }
                    },
                    "Author": {
                        "semi": {
                            "name": [],
                            "field": [],
                            "affiliation": [],
                            "position": [],
                            "citations": [],
                            "h_index": [],
                            "pubs": []
                        }
                    },
                    "Institution": {
                        "semi": {
                            "name": [],
                            "address": [],
                            "website": []
                        }
                    }
                },
                "dialog_act": {
                    "Journal-Recommend": [
                        [
                            "Choice",
                            "7"
                        ]
                    ],
                    "Journal-Confirm": [
                        [
                            null,
                            null
                        ]
                    ]
                },
                "span_info": []
            },
            {
                "text": "呃不是，有哪个管理学领域的期刊是sci 4区期刊",
                "metadata": {},
                "dialog_act": {
                    "Journal-Inform": [
                        [
                            "sci",
                            "sci 4区"
                        ],
                        [
                            "category",
                            "管理学"
                        ]
                    ],
                    "General-Negative": [
                        [
                            null,
                            null
                        ]
                    ]
                },
                "span_info": [
                    [
                        "Journal-Inform",
                        "sci",
                        "sci 4区",
                        16,
                        21
                    ],
                    [
                        "Journal-Inform",
                        "category",
                        "管理学",
                        7,
                        9
                    ]
                ]
            },
            {
                "text": "没找到相应的会议，你要不问问3区的期刊",
                "metadata": {
                    "Conference": {
                        "semi": {
                            "acronym": [],
                            "year": [],
                            "fullName": [],
                            "paperDue": [],
                            "noticeDue": [],
                            "heldDate": [],
                            "abstractDue": [],
                            "finalDue": [],
                            "location": [],
                            "category": [],
                            "ccf": [],
                            "website": [],
                            "bestPaper": [],
                            "confRelated": [],
                            "journalRelated": []
                        }
                    },
                    "Paper": {
                        "semi": {
                            "doi": [],
                            "title": [],
                            "author": [],
                            "venue": [],
                            "year": [],
                            "institution": [],
                            "abstract": [],
                            "pdf": [],
                            "blog": []
                        },
                        "download": {
                            "path": []
                        }
                    },
                    "Journal": {
                        "semi": {
                            "name": [],
                            "ISSN": [],
                            "E_ISSN": [],
                            "IF": [],
                            "h_index": [],
                            "self_citing": [],
                            "ccf": [],
                            "sci": [
                                "sci 4区"
                            ],
                            "website": [],
                            "submit": [],
                            "OA": [],
                            "category": [
                                "管理学"
                            ],
                            "speed": [],
                            "rate": []
                        }
                    },
                    "Author": {
                        "semi": {
                            "name": [],
                            "field": [],
                            "affiliation": [],
                            "position": [],
                            "citations": [],
                            "h_index": [],
                            "pubs": []
                        }
                    },
                    "Institution": {
                        "semi": {
                            "name": [],
                            "address": [],
                            "website": []
                        }
                    }
                },
                "dialog_act": {
                    "Journal-Recommend": [
                        [
                            "Choice",
                            "0"
                        ],
                        [
                            "sci",
                            "3区"
                        ]
                    ]
                },
                "span_info": [
                    [
                        "Journal-Recommend",
                        "sci",
                        "3区",
                        14,
                        15
                    ]
                ]
            },
            {
                "text": "你好那3区期刊的呢",
                "metadata": {},
                "dialog_act": {
                    "Journal-Inform": [
                        [
                            "sci",
                            "3区"
                        ]
                    ]
                },
                "span_info": [
                    [
                        "Journal-Update",
                        "sci",
                        "3区",
                        3,
                        4
                    ]
                ]
            },
            {
                "text": "满足条件的期刊共有1个，它就是Scientometrics",
                "metadata": {
                    "Conference": {
                        "semi": {
                            "acronym": [],
                            "year": [],
                            "fullName": [],
                            "paperDue": [],
                            "noticeDue": [],
                            "heldDate": [],
                            "abstractDue": [],
                            "finalDue": [],
                            "location": [],
                            "category": [],
                            "ccf": [],
                            "website": [],
                            "bestPaper": [],
                            "confRelated": [],
                            "journalRelated": []
                        }
                    },
                    "Paper": {
                        "semi": {
                            "doi": [],
                            "title": [],
                            "author": [],
                            "venue": [],
                            "year": [],
                            "institution": [],
                            "abstract": [],
                            "pdf": [],
                            "blog": []
                        },
                        "download": {
                            "path": []
                        }
                    },
                    "Journal": {
                        "semi": {
                            "name": [],
                            "ISSN": [],
                            "E_ISSN": [],
                            "IF": [],
                            "h_index": [],
                            "self_citing": [],
                            "ccf": [],
                            "sci": [
                                "3区"
                            ],
                            "website": [],
                            "submit": [],
                            "OA": [],
                            "category": [
                                "管理学"
                            ],
                            "speed": [],
                            "rate": []
                        }
                    },
                    "Author": {
                        "semi": {
                            "name": [],
                            "field": [],
                            "affiliation": [],
                            "position": [],
                            "citations": [],
                            "h_index": [],
                            "pubs": []
                        }
                    },
                    "Institution": {
                        "semi": {
                            "name": [],
                            "address": [],
                            "website": []
                        }
                    }
                },
                "dialog_act": {
                    "Journal-Recommend": [
                        [
                            "Choice",
                            "1"
                        ],
                        [
                            "name",
                            "Scientometrics"
                        ]
                    ]
                },
                "span_info": [
                    [
                        "Journal-Recommend",
                        "name",
                        "Scientometrics",
                        15,
                        28
                    ]
                ]
            },
            {
                "text": "你知道ICIC会议上发表过哪些论文呢",
                "metadata": {},
                "dialog_act": {
                    "Paper-Inform": [
                        [
                            "venue",
                            "ICIC"
                        ]
                    ]
                },
                "span_info": [
                    [
                        "Paper-Inform",
                        "venue",
                        "ICIC",
                        3,
                        6
                    ]
                ]
            },
            {
                "text": "共有50篇满足条件的论文，你确定要输出嘛",
                "metadata": {
                    "Conference": {
                        "semi": {
                            "acronym": [],
                            "year": [],
                            "fullName": [],
                            "paperDue": [],
                            "noticeDue": [],
                            "heldDate": [],
                            "abstractDue": [],
                            "finalDue": [],
                            "location": [],
                            "category": [],
                            "ccf": [],
                            "website": [],
                            "bestPaper": [],
                            "confRelated": [],
                            "journalRelated": []
                        }
                    },
                    "Paper": {
                        "semi": {
                            "doi": [],
                            "title": [],
                            "author": [],
                            "venue": [
                                "ICIC"
                            ],
                            "year": [],
                            "institution": [],
                            "abstract": [],
                            "pdf": [],
                            "blog": []
                        },
                        "download": {
                            "path": []
                        }
                    },
                    "Journal": {
                        "semi": {
                            "name": [
                                "Scientometrics"
                            ],
                            "ISSN": [],
                            "E_ISSN": [],
                            "IF": [],
                            "h_index": [],
                            "self_citing": [],
                            "ccf": [],
                            "sci": [],
                            "website": [],
                            "submit": [],
                            "OA": [],
                            "category": [],
                            "speed": [],
                            "rate": []
                        }
                    },
                    "Author": {
                        "semi": {
                            "name": [],
                            "field": [],
                            "affiliation": [],
                            "position": [],
                            "citations": [],
                            "h_index": [],
                            "pubs": []
                        }
                    },
                    "Institution": {
                        "semi": {
                            "name": [],
                            "address": [],
                            "website": []
                        }
                    }
                },
                "dialog_act": {
                    "Paper-Recommend": [
                        [
                            "Choice",
                            "171"
                        ]
                    ],
                    "Paper-Confirm": [
                        [
                            null,
                            null
                        ]
                    ]
                },
                "span_info": []
            },
            {
                "text": "不是吧，那徐蕾的论文有哪些呢",
                "metadata": {},
                "dialog_act": {
                    "Paper-Inform": [
                        [
                            "author",
                            "徐蕾"
                        ]
                    ],
                    "General-Negative": [
                        [
                            null,
                            null
                        ]
                    ]
                },
                "span_info": [
                    [
                        "Paper-Add",
                        "author",
                        "徐蕾",
                        5,
                        6
                    ]
                ]
            },
            {
                "text": "为你找到了An Approach for Image Compression of Algae Cell Using Multiwavelets和A Comparative Study on Improved Fuzzy Support Vector Machines and Levenberg-Marquardt-Based BP Network和Multiwavelet Denoising for Common Phytoplankton Cellular Images，它是满足条件的",
                "metadata": {
                    "Conference": {
                        "semi": {
                            "acronym": [],
                            "year": [],
                            "fullName": [],
                            "paperDue": [],
                            "noticeDue": [],
                            "heldDate": [],
                            "abstractDue": [],
                            "finalDue": [],
                            "location": [],
                            "category": [],
                            "ccf": [],
                            "website": [],
                            "bestPaper": [],
                            "confRelated": [],
                            "journalRelated": []
                        }
                    },
                    "Paper": {
                        "semi": {
                            "doi": [],
                            "title": [],
                            "author": [
                                "徐蕾"
                            ],
                            "venue": [
                                "ICIC"
                            ],
                            "year": [],
                            "institution": [],
                            "abstract": [],
                            "pdf": [],
                            "blog": []
                        },
                        "download": {
                            "path": []
                        }
                    },
                    "Journal": {
                        "semi": {
                            "name": [
                                "Scientometrics"
                            ],
                            "ISSN": [],
                            "E_ISSN": [],
                            "IF": [],
                            "h_index": [],
                            "self_citing": [],
                            "ccf": [],
                            "sci": [],
                            "website": [],
                            "submit": [],
                            "OA": [],
                            "category": [],
                            "speed": [],
                            "rate": []
                        }
                    },
                    "Author": {
                        "semi": {
                            "name": [],
                            "field": [],
                            "affiliation": [],
                            "position": [],
                            "citations": [],
                            "h_index": [],
                            "pubs": []
                        }
                    },
                    "Institution": {
                        "semi": {
                            "name": [],
                            "address": [],
                            "website": []
                        }
                    }
                },
                "dialog_act": {
                    "Paper-Recommend": [
                        [
                            "Choice",
                            "3"
                        ],
                        [
                            "title",
                            "An Approach for Image Compression of Algae Cell Using Multiwavelets"
                        ],
                        [
                            "title",
                            "A Comparative Study on Improved Fuzzy Support Vector Machines and Levenberg-Marquardt-Based BP Network"
                        ],
                        [
                            "title",
                            "Multiwavelet Denoising for Common Phytoplankton Cellular Images"
                        ]
                    ]
                },
                "span_info": [
                    [
                        "Paper-Recommend",
                        "title",
                        "An Approach for Image Compression of Algae Cell Using Multiwavelets",
                        5,
                        71
                    ],
                    [
                        "Paper-Recommend",
                        "title",
                        "A Comparative Study on Improved Fuzzy Support Vector Machines and Levenberg-Marquardt-Based BP Network",
                        73,
                        174
                    ],
                    [
                        "Paper-Recommend",
                        "title",
                        "Multiwavelet Denoising for Common Phytoplankton Cellular Images",
                        176,
                        238
                    ]
                ]
            }
        ]
    }
}