{
    "MFTF_013884": {
        "goal": {
            "Conference": {
                "semi": {
                    "acronym": [
                        "ACCV"
                    ],
                    "year": [
                        "2020"
                    ],
                    "fullName": [],
                    "paperDue": [
                        "2020-07-08"
                    ],
                    "noticeDue": [],
                    "heldDate": [],
                    "abstractDue": [],
                    "finalDue": [],
                    "location": [],
                    "category": [],
                    "ccf": [],
                    "website": [],
                    "bestPaper": [],
                    "confRelated": [],
                    "journalRelated": []
                }
            },
            "Paper": {
                "semi": {
                    "doi": [],
                    "title": [],
                    "author": [],
                    "venue": [
                        "PAKDD"
                    ],
                    "year": [],
                    "institution": [],
                    "abstract": [],
                    "pdf": [],
                    "blog": []
                },
                "download": {
                    "path": []
                }
            },
            "Journal": {
                "semi": {
                    "name": [],
                    "ISSN": [],
                    "E_ISSN": [],
                    "IF": [],
                    "h_index": [],
                    "self_citing": [],
                    "ccf": [],
                    "sci": [],
                    "website": [],
                    "submit": [],
                    "OA": [],
                    "category": [],
                    "speed": [],
                    "rate": []
                }
            },
            "Author": {
                "semi": {
                    "name": [],
                    "field": [],
                    "affiliation": [],
                    "position": [],
                    "citations": [],
                    "h_index": [],
                    "pubs": []
                }
            },
            "Institution": {
                "semi": {
                    "name": [],
                    "address": [],
                    "website": []
                }
            },
            "description": [
                "Given category,ccf; Recommend Conference",
                "Add heldDate; Recommend Conference",
                "Update category; Recommend Conference",
                "Update ccf; Recommend Conference",
                "When system confirms, give positive answer",
                "Request detail of paperDue",
                "Given venue; Recommend Paper",
                "When system confirms, give positive answer"
            ]
        },
        "log": [
            {
                "text": "介绍一下分布式系统领域的C类以上会议吧",
                "metadata": {},
                "dialog_act": {
                    "Conference-Inform": [
                        [
                            "category",
                            "分布式系统"
                        ],
                        [
                            "ccf",
                            "C类以上"
                        ]
                    ]
                },
                "span_info": [
                    [
                        "Conference-Inform",
                        "category",
                        "分布式系统",
                        4,
                        8
                    ],
                    [
                        "Conference-Inform",
                        "ccf",
                        "C类以上",
                        12,
                        15
                    ]
                ]
            },
            {
                "text": "满足条件的会议共有50个，你想要什么时候举行的会议呢",
                "metadata": {
                    "Conference": {
                        "semi": {
                            "acronym": [],
                            "year": [],
                            "fullName": [],
                            "paperDue": [],
                            "noticeDue": [],
                            "heldDate": [],
                            "abstractDue": [],
                            "finalDue": [],
                            "location": [],
                            "category": [
                                "分布式系统"
                            ],
                            "ccf": [
                                "C类以上"
                            ],
                            "website": [],
                            "bestPaper": [],
                            "confRelated": [],
                            "journalRelated": []
                        }
                    },
                    "Paper": {
                        "semi": {
                            "doi": [],
                            "title": [],
                            "author": [],
                            "venue": [],
                            "year": [],
                            "institution": [],
                            "abstract": [],
                            "pdf": [],
                            "blog": []
                        },
                        "download": {
                            "path": []
                        }
                    },
                    "Journal": {
                        "semi": {
                            "name": [],
                            "ISSN": [],
                            "E_ISSN": [],
                            "IF": [],
                            "h_index": [],
                            "self_citing": [],
                            "ccf": [],
                            "sci": [],
                            "website": [],
                            "submit": [],
                            "OA": [],
                            "category": [],
                            "speed": [],
                            "rate": []
                        }
                    },
                    "Author": {
                        "semi": {
                            "name": [],
                            "field": [],
                            "affiliation": [],
                            "position": [],
                            "citations": [],
                            "h_index": [],
                            "pubs": []
                        }
                    },
                    "Institution": {
                        "semi": {
                            "name": [],
                            "address": [],
                            "website": []
                        }
                    }
                },
                "dialog_act": {
                    "Conference-Recommend": [
                        [
                            "Choice",
                            "135"
                        ]
                    ],
                    "Conference-Reqmore": [
                        [
                            "heldDate",
                            "?"
                        ]
                    ]
                },
                "span_info": []
            },
            {
                "text": "那从11月15号到12月12号要举办的会议有哪些呢",
                "metadata": {},
                "dialog_act": {
                    "Conference-Inform": [
                        [
                            "heldDate",
                            "从11月15号到12月12号"
                        ]
                    ]
                },
                "span_info": [
                    [
                        "Conference-Add",
                        "heldDate",
                        "从11月15号到12月12号",
                        1,
                        14
                    ]
                ]
            },
            {
                "text": "没有相关的会议，你要不问问计算机视觉领域的会议",
                "metadata": {
                    "Conference": {
                        "semi": {
                            "acronym": [],
                            "year": [],
                            "fullName": [],
                            "paperDue": [],
                            "noticeDue": [],
                            "heldDate": [
                                "从11月15号到12月12号"
                            ],
                            "abstractDue": [],
                            "finalDue": [],
                            "location": [],
                            "category": [
                                "分布式系统"
                            ],
                            "ccf": [
                                "C类以上"
                            ],
                            "website": [],
                            "bestPaper": [],
                            "confRelated": [],
                            "journalRelated": []
                        }
                    },
                    "Paper": {
                        "semi": {
                            "doi": [],
                            "title": [],
                            "author": [],
                            "venue": [],
                            "year": [],
                            "institution": [],
                            "abstract": [],
                            "pdf": [],
                            "blog": []
                        },
                        "download": {
                            "path": []
                        }
                    },
                    "Journal": {
                        "semi": {
                            "name": [],
                            "ISSN": [],
                            "E_ISSN": [],
                            "IF": [],
                            "h_index": [],
                            "self_citing": [],
                            "ccf": [],
                            "sci": [],
                            "website": [],
                            "submit": [],
                            "OA": [],
                            "category": [],
                            "speed": [],
                            "rate": []
                        }
                    },
                    "Author": {
                        "semi": {
                            "name": [],
                            "field": [],
                            "affiliation": [],
                            "position": [],
                            "citations": [],
                            "h_index": [],
                            "pubs": []
                        }
                    },
                    "Institution": {
                        "semi": {
                            "name": [],
                            "address": [],
                            "website": []
                        }
                    }
                },
                "dialog_act": {
                    "Conference-Recommend": [
                        [
                            "Choice",
                            "0"
                        ],
                        [
                            "category",
                            "计算机视觉"
                        ]
                    ]
                },
                "span_info": [
                    [
                        "Conference-Recommend",
                        "category",
                        "计算机视觉",
                        13,
                        17
                    ]
                ]
            },
            {
                "text": "那属于计算机视觉领域的呢",
                "metadata": {},
                "dialog_act": {
                    "Conference-Inform": [
                        [
                            "category",
                            "计算机视觉"
                        ]
                    ]
                },
                "span_info": [
                    [
                        "Conference-Update",
                        "category",
                        "计算机视觉",
                        3,
                        7
                    ]
                ]
            },
            {
                "text": "共找到1个符合条件的会议，它就是ACCV",
                "metadata": {
                    "Conference": {
                        "semi": {
                            "acronym": [],
                            "year": [],
                            "fullName": [],
                            "paperDue": [],
                            "noticeDue": [],
                            "heldDate": [
                                "从11月15号到12月12号"
                            ],
                            "abstractDue": [],
                            "finalDue": [],
                            "location": [],
                            "category": [
                                "计算机视觉"
                            ],
                            "ccf": [
                                "C类以上"
                            ],
                            "website": [],
                            "bestPaper": [],
                            "confRelated": [],
                            "journalRelated": []
                        }
                    },
                    "Paper": {
                        "semi": {
                            "doi": [],
                            "title": [],
                            "author": [],
                            "venue": [],
                            "year": [],
                            "institution": [],
                            "abstract": [],
                            "pdf": [],
                            "blog": []
                        },
                        "download": {
                            "path": []
                        }
                    },
                    "Journal": {
                        "semi": {
                            "name": [],
                            "ISSN": [],
                            "E_ISSN": [],
                            "IF": [],
                            "h_index": [],
                            "self_citing": [],
                            "ccf": [],
                            "sci": [],
                            "website": [],
                            "submit": [],
                            "OA": [],
                            "category": [],
                            "speed": [],
                            "rate": []
                        }
                    },
                    "Author": {
                        "semi": {
                            "name": [],
                            "field": [],
                            "affiliation": [],
                            "position": [],
                            "citations": [],
                            "h_index": [],
                            "pubs": []
                        }
                    },
                    "Institution": {
                        "semi": {
                            "name": [],
                            "address": [],
                            "website": []
                        }
                    }
                },
                "dialog_act": {
                    "Conference-Recommend": [
                        [
                            "Choice",
                            "1"
                        ],
                        [
                            "acronym",
                            "ACCV"
                        ]
                    ]
                },
                "span_info": [
                    [
                        "Conference-Recommend",
                        "acronym",
                        "ACCV",
                        16,
                        19
                    ]
                ]
            },
            {
                "text": "有属于B类以下会议的吗",
                "metadata": {},
                "dialog_act": {
                    "Conference-Inform": [
                        [
                            "ccf",
                            "B类以下"
                        ]
                    ]
                },
                "span_info": [
                    [
                        "Conference-Update",
                        "ccf",
                        "B类以下",
                        3,
                        6
                    ]
                ]
            },
            {
                "text": "你确定找的是B类以下会议嘛",
                "metadata": {
                    "Conference": {
                        "semi": {
                            "acronym": [
                                "ACCV"
                            ],
                            "year": [],
                            "fullName": [],
                            "paperDue": [],
                            "noticeDue": [],
                            "heldDate": [
                                "从11月15号到12月12号"
                            ],
                            "abstractDue": [],
                            "finalDue": [],
                            "location": [],
                            "category": [
                                "计算机视觉"
                            ],
                            "ccf": [
                                "B类以下"
                            ],
                            "website": [],
                            "bestPaper": [],
                            "confRelated": [],
                            "journalRelated": []
                        }
                    },
                    "Paper": {
                        "semi": {
                            "doi": [],
                            "title": [],
                            "author": [],
                            "venue": [],
                            "year": [],
                            "institution": [],
                            "abstract": [],
                            "pdf": [],
                            "blog": []
                        },
                        "download": {
                            "path": []
                        }
                    },
                    "Journal": {
                        "semi": {
                            "name": [],
                            "ISSN": [],
                            "E_ISSN": [],
                            "IF": [],
                            "h_index": [],
                            "self_citing": [],
                            "ccf": [],
                            "sci": [],
                            "website": [],
                            "submit": [],
                            "OA": [],
                            "category": [],
                            "speed": [],
                            "rate": []
                        }
                    },
                    "Author": {
                        "semi": {
                            "name": [],
                            "field": [],
                            "affiliation": [],
                            "position": [],
                            "citations": [],
                            "h_index": [],
                            "pubs": []
                        }
                    },
                    "Institution": {
                        "semi": {
                            "name": [],
                            "address": [],
                            "website": []
                        }
                    }
                },
                "dialog_act": {
                    "Conference-Confirm": [
                        [
                            "ccf",
                            "B类以下"
                        ]
                    ]
                },
                "span_info": [
                    [
                        "Conference-Confirm",
                        "ccf",
                        "B类以下",
                        6,
                        9
                    ]
                ]
            },
            {
                "text": "对的",
                "metadata": {},
                "dialog_act": {
                    "General-Positive": [
                        [
                            null,
                            null
                        ]
                    ]
                },
                "span_info": []
            },
            {
                "text": "只有ACCV是满足条件的",
                "metadata": {
                    "Conference": {
                        "semi": {
                            "acronym": [
                                "ACCV"
                            ],
                            "year": [],
                            "fullName": [],
                            "paperDue": [],
                            "noticeDue": [],
                            "heldDate": [
                                "从11月15号到12月12号"
                            ],
                            "abstractDue": [],
                            "finalDue": [],
                            "location": [],
                            "category": [
                                "计算机视觉"
                            ],
                            "ccf": [
                                "B类以下"
                            ],
                            "website": [],
                            "bestPaper": [],
                            "confRelated": [],
                            "journalRelated": []
                        }
                    },
                    "Paper": {
                        "semi": {
                            "doi": [],
                            "title": [],
                            "author": [],
                            "venue": [],
                            "year": [],
                            "institution": [],
                            "abstract": [],
                            "pdf": [],
                            "blog": []
                        },
                        "download": {
                            "path": []
                        }
                    },
                    "Journal": {
                        "semi": {
                            "name": [],
                            "ISSN": [],
                            "E_ISSN": [],
                            "IF": [],
                            "h_index": [],
                            "self_citing": [],
                            "ccf": [],
                            "sci": [],
                            "website": [],
                            "submit": [],
                            "OA": [],
                            "category": [],
                            "speed": [],
                            "rate": []
                        }
                    },
                    "Author": {
                        "semi": {
                            "name": [],
                            "field": [],
                            "affiliation": [],
                            "position": [],
                            "citations": [],
                            "h_index": [],
                            "pubs": []
                        }
                    },
                    "Institution": {
                        "semi": {
                            "name": [],
                            "address": [],
                            "website": []
                        }
                    }
                },
                "dialog_act": {
                    "Conference-Recommend": [
                        [
                            "Choice",
                            "1"
                        ],
                        [
                            "acronym",
                            "ACCV"
                        ]
                    ]
                },
                "span_info": [
                    [
                        "Conference-Recommend",
                        "acronym",
                        "ACCV",
                        2,
                        5
                    ]
                ]
            },
            {
                "text": "咨询一下ACCV2020的截稿日期是什么呢",
                "metadata": {},
                "dialog_act": {
                    "Conference-Inform": [
                        [
                            "acronym",
                            "ACCV"
                        ],
                        [
                            "year",
                            "2020"
                        ]
                    ],
                    "Conference-Request": [
                        [
                            "paperDue",
                            "?"
                        ]
                    ]
                },
                "span_info": [
                    [
                        "Conference-Inform",
                        "acronym",
                        "ACCV",
                        4,
                        7
                    ],
                    [
                        "Conference-Inform",
                        "year",
                        "2020",
                        8,
                        11
                    ]
                ]
            },
            {
                "text": "ACCV2020的截稿时间是2020-07-08",
                "metadata": {
                    "Conference": {
                        "semi": {
                            "acronym": [
                                "ACCV"
                            ],
                            "year": [
                                "2020"
                            ],
                            "fullName": [],
                            "paperDue": [],
                            "noticeDue": [],
                            "heldDate": [
                                "从11月15号到12月12号"
                            ],
                            "abstractDue": [],
                            "finalDue": [],
                            "location": [],
                            "category": [
                                "计算机视觉"
                            ],
                            "ccf": [
                                "B类以下"
                            ],
                            "website": [],
                            "bestPaper": [],
                            "confRelated": [],
                            "journalRelated": []
                        }
                    },
                    "Paper": {
                        "semi": {
                            "doi": [],
                            "title": [],
                            "author": [],
                            "venue": [],
                            "year": [],
                            "institution": [],
                            "abstract": [],
                            "pdf": [],
                            "blog": []
                        },
                        "download": {
                            "path": []
                        }
                    },
                    "Journal": {
                        "semi": {
                            "name": [],
                            "ISSN": [],
                            "E_ISSN": [],
                            "IF": [],
                            "h_index": [],
                            "self_citing": [],
                            "ccf": [],
                            "sci": [],
                            "website": [],
                            "submit": [],
                            "OA": [],
                            "category": [],
                            "speed": [],
                            "rate": []
                        }
                    },
                    "Author": {
                        "semi": {
                            "name": [],
                            "field": [],
                            "affiliation": [],
                            "position": [],
                            "citations": [],
                            "h_index": [],
                            "pubs": []
                        }
                    },
                    "Institution": {
                        "semi": {
                            "name": [],
                            "address": [],
                            "website": []
                        }
                    }
                },
                "dialog_act": {
                    "Conference-Inform": [
                        [
                            "acronym",
                            "ACCV"
                        ],
                        [
                            "year",
                            "2020"
                        ],
                        [
                            "paperDue",
                            "2020-07-08"
                        ]
                    ]
                },
                "span_info": [
                    [
                        "Conference-Inform",
                        "acronym",
                        "ACCV",
                        0,
                        3
                    ],
                    [
                        "Conference-Inform",
                        "year",
                        "2020",
                        4,
                        7
                    ],
                    [
                        "Conference-Inform",
                        "paperDue",
                        "2020-07-08",
                        14,
                        23
                    ]
                ]
            },
            {
                "text": "你好PAKDD会议上发表过哪些论文呢",
                "metadata": {},
                "dialog_act": {
                    "Paper-Inform": [
                        [
                            "venue",
                            "PAKDD"
                        ]
                    ]
                },
                "span_info": [
                    [
                        "Paper-Inform",
                        "venue",
                        "PAKDD",
                        2,
                        6
                    ]
                ]
            },
            {
                "text": "共有50篇满足条件的论文，你确定要输出嘛",
                "metadata": {
                    "Conference": {
                        "semi": {
                            "acronym": [
                                "ACCV"
                            ],
                            "year": [
                                "2020"
                            ],
                            "fullName": [],
                            "paperDue": [
                                "2020-07-08"
                            ],
                            "noticeDue": [],
                            "heldDate": [],
                            "abstractDue": [],
                            "finalDue": [],
                            "location": [],
                            "category": [],
                            "ccf": [],
                            "website": [],
                            "bestPaper": [],
                            "confRelated": [],
                            "journalRelated": []
                        }
                    },
                    "Paper": {
                        "semi": {
                            "doi": [],
                            "title": [],
                            "author": [],
                            "venue": [
                                "PAKDD"
                            ],
                            "year": [],
                            "institution": [],
                            "abstract": [],
                            "pdf": [],
                            "blog": []
                        },
                        "download": {
                            "path": []
                        }
                    },
                    "Journal": {
                        "semi": {
                            "name": [],
                            "ISSN": [],
                            "E_ISSN": [],
                            "IF": [],
                            "h_index": [],
                            "self_citing": [],
                            "ccf": [],
                            "sci": [],
                            "website": [],
                            "submit": [],
                            "OA": [],
                            "category": [],
                            "speed": [],
                            "rate": []
                        }
                    },
                    "Author": {
                        "semi": {
                            "name": [],
                            "field": [],
                            "affiliation": [],
                            "position": [],
                            "citations": [],
                            "h_index": [],
                            "pubs": []
                        }
                    },
                    "Institution": {
                        "semi": {
                            "name": [],
                            "address": [],
                            "website": []
                        }
                    }
                },
                "dialog_act": {
                    "Paper-Recommend": [
                        [
                            "Choice",
                            "102"
                        ]
                    ],
                    "Paper-Confirm": [
                        [
                            null,
                            null
                        ]
                    ]
                },
                "span_info": []
            },
            {
                "text": "没错，就是这个问题",
                "metadata": {},
                "dialog_act": {
                    "General-Positive": [
                        [
                            null,
                            null
                        ]
                    ]
                },
                "span_info": []
            },
            {
                "text": "共有50篇满足条件的论文，点击展开可查看具体信息",
                "metadata": {
                    "Conference": {
                        "semi": {
                            "acronym": [
                                "ACCV"
                            ],
                            "year": [
                                "2020"
                            ],
                            "fullName": [],
                            "paperDue": [
                                "2020-07-08"
                            ],
                            "noticeDue": [],
                            "heldDate": [],
                            "abstractDue": [],
                            "finalDue": [],
                            "location": [],
                            "category": [],
                            "ccf": [],
                            "website": [],
                            "bestPaper": [],
                            "confRelated": [],
                            "journalRelated": []
                        }
                    },
                    "Paper": {
                        "semi": {
                            "doi": [],
                            "title": [],
                            "author": [],
                            "venue": [
                                "PAKDD"
                            ],
                            "year": [],
                            "institution": [],
                            "abstract": [],
                            "pdf": [],
                            "blog": []
                        },
                        "download": {
                            "path": []
                        }
                    },
                    "Journal": {
                        "semi": {
                            "name": [],
                            "ISSN": [],
                            "E_ISSN": [],
                            "IF": [],
                            "h_index": [],
                            "self_citing": [],
                            "ccf": [],
                            "sci": [],
                            "website": [],
                            "submit": [],
                            "OA": [],
                            "category": [],
                            "speed": [],
                            "rate": []
                        }
                    },
                    "Author": {
                        "semi": {
                            "name": [],
                            "field": [],
                            "affiliation": [],
                            "position": [],
                            "citations": [],
                            "h_index": [],
                            "pubs": []
                        }
                    },
                    "Institution": {
                        "semi": {
                            "name": [],
                            "address": [],
                            "website": []
                        }
                    }
                },
                "dialog_act": {
                    "Paper-Recommend": [
                        [
                            "Choice",
                            "102"
                        ],
                        [
                            "title",
                            "Active Learning for Cross Language Text Categorization"
                        ],
                        [
                            "title",
                            "A Simhash-Based Generalized Framework for Citation Matching in MapReduce"
                        ],
                        [
                            "title",
                            "Best from Top k Versus Top 1: Improving Distant Supervision Relation Extraction with Deep Reinforcement Learning"
                        ]
                    ]
                },
                "span_info": [
                    [
                        "Paper-Recommend",
                        "title",
                        "Active Learning for Cross Language Text Categorization",
                        -1,
                        52
                    ],
                    [
                        "Paper-Recommend",
                        "title",
                        "A Simhash-Based Generalized Framework for Citation Matching in MapReduce",
                        -1,
                        70
                    ],
                    [
                        "Paper-Recommend",
                        "title",
                        "Best from Top k Versus Top 1: Improving Distant Supervision Relation Extraction with Deep Reinforcement Learning",
                        -1,
                        110
                    ]
                ]
            }
        ]
    }
}