{
    "SFFT_046978": {
        "goal": {
            "Conference": {
                "semi": {
                    "acronym": [
                        "SBAC-PAD"
                    ],
                    "year": [
                        "2016"
                    ],
                    "fullName": [
                        "International Symposium on Computer Architecture and High Performance Computing"
                    ],
                    "paperDue": [
                        "2016-06-20"
                    ],
                    "noticeDue": [],
                    "heldDate": [
                        "从11月1日到12月30日"
                    ],
                    "abstractDue": [],
                    "finalDue": [],
                    "location": [],
                    "category": [
                        "计算机体系结构"
                    ],
                    "ccf": [],
                    "website": [],
                    "bestPaper": [],
                    "confRelated": [],
                    "journalRelated": []
                }
            },
            "Paper": {
                "semi": {
                    "doi": [],
                    "title": [],
                    "author": [],
                    "venue": [],
                    "year": [],
                    "institution": [],
                    "abstract": [],
                    "pdf": [],
                    "blog": []
                },
                "download": {
                    "path": []
                }
            },
            "Journal": {
                "semi": {
                    "name": [],
                    "ISSN": [],
                    "E_ISSN": [],
                    "IF": [],
                    "h_index": [],
                    "self_citing": [],
                    "ccf": [],
                    "sci": [],
                    "website": [],
                    "submit": [],
                    "OA": [],
                    "category": [],
                    "speed": [],
                    "rate": []
                }
            },
            "Author": {
                "semi": {
                    "name": [],
                    "field": [],
                    "affiliation": [],
                    "position": [],
                    "citations": [],
                    "h_index": [],
                    "pubs": []
                }
            },
            "Institution": {
                "semi": {
                    "name": [],
                    "address": [],
                    "website": []
                }
            },
            "description": [
                "Given heldDate,category; Recommend Conference",
                "Update heldDate; Recommend Conference",
                "Doubt to system response",
                "Request detail of paperDue",
                "Request detail of fullName",
                "Request detail of bestPaper",
                "Browse the website of Conference"
            ]
        },
        "log": [
            {
                "text": "哪些计算机体系结构会议从11月12号到12月25号举行了",
                "metadata": {},
                "dialog_act": {
                    "Conference-Inform": [
                        [
                            "heldDate",
                            "从11月12号到12月25号"
                        ],
                        [
                            "category",
                            "计算机体系结构"
                        ]
                    ]
                },
                "span_info": [
                    [
                        "Conference-Inform",
                        "heldDate",
                        "从11月12号到12月25号",
                        11,
                        24
                    ],
                    [
                        "Conference-Inform",
                        "category",
                        "计算机体系结构",
                        2,
                        8
                    ]
                ]
            },
            {
                "text": "符合条件的会议有0个，你要不问问从11月1日到12月30日举办的会议",
                "metadata": {
                    "Conference": {
                        "semi": {
                            "acronym": [],
                            "year": [],
                            "fullName": [],
                            "paperDue": [],
                            "noticeDue": [],
                            "heldDate": [
                                "从11月12号到12月25号"
                            ],
                            "abstractDue": [],
                            "finalDue": [],
                            "location": [],
                            "category": [
                                "计算机体系结构"
                            ],
                            "ccf": [],
                            "website": [],
                            "bestPaper": [],
                            "confRelated": [],
                            "journalRelated": []
                        }
                    },
                    "Paper": {
                        "semi": {
                            "doi": [],
                            "title": [],
                            "author": [],
                            "venue": [],
                            "year": [],
                            "institution": [],
                            "abstract": [],
                            "pdf": [],
                            "blog": []
                        },
                        "download": {
                            "path": []
                        }
                    },
                    "Journal": {
                        "semi": {
                            "name": [],
                            "ISSN": [],
                            "E_ISSN": [],
                            "IF": [],
                            "h_index": [],
                            "self_citing": [],
                            "ccf": [],
                            "sci": [],
                            "website": [],
                            "submit": [],
                            "OA": [],
                            "category": [],
                            "speed": [],
                            "rate": []
                        }
                    },
                    "Author": {
                        "semi": {
                            "name": [],
                            "field": [],
                            "affiliation": [],
                            "position": [],
                            "citations": [],
                            "h_index": [],
                            "pubs": []
                        }
                    },
                    "Institution": {
                        "semi": {
                            "name": [],
                            "address": [],
                            "website": []
                        }
                    }
                },
                "dialog_act": {
                    "Conference-Recommend": [
                        [
                            "Choice",
                            "0"
                        ],
                        [
                            "heldDate",
                            "从11月1日到12月30日"
                        ]
                    ]
                },
                "span_info": [
                    [
                        "Conference-Recommend",
                        "heldDate",
                        "从11月1日到12月30日",
                        16,
                        28
                    ]
                ]
            },
            {
                "text": "有从11月1日到12月30日举办的",
                "metadata": {},
                "dialog_act": {
                    "Conference-Inform": [
                        [
                            "heldDate",
                            "从11月1日到12月30日"
                        ]
                    ]
                },
                "span_info": [
                    [
                        "Conference-Update",
                        "heldDate",
                        "从11月1日到12月30日",
                        1,
                        13
                    ]
                ]
            },
            {
                "text": "只有SBAC-PAD是满足条件的",
                "metadata": {
                    "Conference": {
                        "semi": {
                            "acronym": [],
                            "year": [],
                            "fullName": [],
                            "paperDue": [],
                            "noticeDue": [],
                            "heldDate": [
                                "从11月1日到12月30日"
                            ],
                            "abstractDue": [],
                            "finalDue": [],
                            "location": [],
                            "category": [
                                "计算机体系结构"
                            ],
                            "ccf": [],
                            "website": [],
                            "bestPaper": [],
                            "confRelated": [],
                            "journalRelated": []
                        }
                    },
                    "Paper": {
                        "semi": {
                            "doi": [],
                            "title": [],
                            "author": [],
                            "venue": [],
                            "year": [],
                            "institution": [],
                            "abstract": [],
                            "pdf": [],
                            "blog": []
                        },
                        "download": {
                            "path": []
                        }
                    },
                    "Journal": {
                        "semi": {
                            "name": [],
                            "ISSN": [],
                            "E_ISSN": [],
                            "IF": [],
                            "h_index": [],
                            "self_citing": [],
                            "ccf": [],
                            "sci": [],
                            "website": [],
                            "submit": [],
                            "OA": [],
                            "category": [],
                            "speed": [],
                            "rate": []
                        }
                    },
                    "Author": {
                        "semi": {
                            "name": [],
                            "field": [],
                            "affiliation": [],
                            "position": [],
                            "citations": [],
                            "h_index": [],
                            "pubs": []
                        }
                    },
                    "Institution": {
                        "semi": {
                            "name": [],
                            "address": [],
                            "website": []
                        }
                    }
                },
                "dialog_act": {
                    "Conference-Recommend": [
                        [
                            "Choice",
                            "1"
                        ],
                        [
                            "acronym",
                            "SBAC-PAD"
                        ]
                    ]
                },
                "span_info": [
                    [
                        "Conference-Recommend",
                        "acronym",
                        "SBAC-PAD",
                        2,
                        9
                    ]
                ]
            },
            {
                "text": "不对的吧",
                "metadata": {},
                "dialog_act": {
                    "General-Doubt": [
                        [
                            null,
                            null
                        ]
                    ]
                },
                "span_info": []
            },
            {
                "text": "不是这样的",
                "metadata": {
                    "Conference": {
                        "semi": {
                            "acronym": [
                                "SBAC-PAD"
                            ],
                            "year": [],
                            "fullName": [],
                            "paperDue": [],
                            "noticeDue": [],
                            "heldDate": [
                                "从11月1日到12月30日"
                            ],
                            "abstractDue": [],
                            "finalDue": [],
                            "location": [],
                            "category": [
                                "计算机体系结构"
                            ],
                            "ccf": [],
                            "website": [],
                            "bestPaper": [],
                            "confRelated": [],
                            "journalRelated": []
                        }
                    },
                    "Paper": {
                        "semi": {
                            "doi": [],
                            "title": [],
                            "author": [],
                            "venue": [],
                            "year": [],
                            "institution": [],
                            "abstract": [],
                            "pdf": [],
                            "blog": []
                        },
                        "download": {
                            "path": []
                        }
                    },
                    "Journal": {
                        "semi": {
                            "name": [],
                            "ISSN": [],
                            "E_ISSN": [],
                            "IF": [],
                            "h_index": [],
                            "self_citing": [],
                            "ccf": [],
                            "sci": [],
                            "website": [],
                            "submit": [],
                            "OA": [],
                            "category": [],
                            "speed": [],
                            "rate": []
                        }
                    },
                    "Author": {
                        "semi": {
                            "name": [],
                            "field": [],
                            "affiliation": [],
                            "position": [],
                            "citations": [],
                            "h_index": [],
                            "pubs": []
                        }
                    },
                    "Institution": {
                        "semi": {
                            "name": [],
                            "address": [],
                            "website": []
                        }
                    }
                },
                "dialog_act": {
                    "General-Negative": [
                        [
                            null,
                            null
                        ]
                    ]
                },
                "span_info": []
            },
            {
                "text": "告诉我SBAC-PAD2016的截稿日期是什么",
                "metadata": {},
                "dialog_act": {
                    "Conference-Inform": [
                        [
                            "acronym",
                            "SBAC-PAD"
                        ],
                        [
                            "year",
                            "2016"
                        ]
                    ],
                    "Conference-Request": [
                        [
                            "paperDue",
                            "?"
                        ]
                    ]
                },
                "span_info": [
                    [
                        "Conference-Inform",
                        "acronym",
                        "SBAC-PAD",
                        3,
                        10
                    ],
                    [
                        "Conference-Inform",
                        "year",
                        "2016",
                        11,
                        14
                    ]
                ]
            },
            {
                "text": "SBAC-PAD2016的截稿时间是2016-06-20",
                "metadata": {
                    "Conference": {
                        "semi": {
                            "acronym": [
                                "SBAC-PAD"
                            ],
                            "year": [
                                "2016"
                            ],
                            "fullName": [],
                            "paperDue": [],
                            "noticeDue": [],
                            "heldDate": [
                                "从11月1日到12月30日"
                            ],
                            "abstractDue": [],
                            "finalDue": [],
                            "location": [],
                            "category": [
                                "计算机体系结构"
                            ],
                            "ccf": [],
                            "website": [],
                            "bestPaper": [],
                            "confRelated": [],
                            "journalRelated": []
                        }
                    },
                    "Paper": {
                        "semi": {
                            "doi": [],
                            "title": [],
                            "author": [],
                            "venue": [],
                            "year": [],
                            "institution": [],
                            "abstract": [],
                            "pdf": [],
                            "blog": []
                        },
                        "download": {
                            "path": []
                        }
                    },
                    "Journal": {
                        "semi": {
                            "name": [],
                            "ISSN": [],
                            "E_ISSN": [],
                            "IF": [],
                            "h_index": [],
                            "self_citing": [],
                            "ccf": [],
                            "sci": [],
                            "website": [],
                            "submit": [],
                            "OA": [],
                            "category": [],
                            "speed": [],
                            "rate": []
                        }
                    },
                    "Author": {
                        "semi": {
                            "name": [],
                            "field": [],
                            "affiliation": [],
                            "position": [],
                            "citations": [],
                            "h_index": [],
                            "pubs": []
                        }
                    },
                    "Institution": {
                        "semi": {
                            "name": [],
                            "address": [],
                            "website": []
                        }
                    }
                },
                "dialog_act": {
                    "Conference-Inform": [
                        [
                            "acronym",
                            "SBAC-PAD"
                        ],
                        [
                            "year",
                            "2016"
                        ],
                        [
                            "paperDue",
                            "2016-06-20"
                        ]
                    ]
                },
                "span_info": [
                    [
                        "Conference-Inform",
                        "acronym",
                        "SBAC-PAD",
                        0,
                        7
                    ],
                    [
                        "Conference-Inform",
                        "year",
                        "2016",
                        8,
                        11
                    ],
                    [
                        "Conference-Inform",
                        "paperDue",
                        "2016-06-20",
                        18,
                        27
                    ]
                ]
            },
            {
                "text": "你好SBAC-PAD2016会议的全称是什么呢",
                "metadata": {},
                "dialog_act": {
                    "Conference-Inform": [
                        [
                            "acronym",
                            "SBAC-PAD"
                        ],
                        [
                            "year",
                            "2016"
                        ]
                    ],
                    "Conference-Request": [
                        [
                            "fullName",
                            "?"
                        ]
                    ]
                },
                "span_info": [
                    [
                        "Conference-Inform",
                        "acronym",
                        "SBAC-PAD",
                        2,
                        9
                    ],
                    [
                        "Conference-Inform",
                        "year",
                        "2016",
                        10,
                        13
                    ]
                ]
            },
            {
                "text": "SBAC-PAD2016的全称是International Symposium on Computer Architecture and High Performance Computing",
                "metadata": {
                    "Conference": {
                        "semi": {
                            "acronym": [
                                "SBAC-PAD"
                            ],
                            "year": [
                                "2016"
                            ],
                            "fullName": [],
                            "paperDue": [
                                "2016-06-20"
                            ],
                            "noticeDue": [],
                            "heldDate": [
                                "从11月1日到12月30日"
                            ],
                            "abstractDue": [],
                            "finalDue": [],
                            "location": [],
                            "category": [
                                "计算机体系结构"
                            ],
                            "ccf": [],
                            "website": [],
                            "bestPaper": [],
                            "confRelated": [],
                            "journalRelated": []
                        }
                    },
                    "Paper": {
                        "semi": {
                            "doi": [],
                            "title": [],
                            "author": [],
                            "venue": [],
                            "year": [],
                            "institution": [],
                            "abstract": [],
                            "pdf": [],
                            "blog": []
                        },
                        "download": {
                            "path": []
                        }
                    },
                    "Journal": {
                        "semi": {
                            "name": [],
                            "ISSN": [],
                            "E_ISSN": [],
                            "IF": [],
                            "h_index": [],
                            "self_citing": [],
                            "ccf": [],
                            "sci": [],
                            "website": [],
                            "submit": [],
                            "OA": [],
                            "category": [],
                            "speed": [],
                            "rate": []
                        }
                    },
                    "Author": {
                        "semi": {
                            "name": [],
                            "field": [],
                            "affiliation": [],
                            "position": [],
                            "citations": [],
                            "h_index": [],
                            "pubs": []
                        }
                    },
                    "Institution": {
                        "semi": {
                            "name": [],
                            "address": [],
                            "website": []
                        }
                    }
                },
                "dialog_act": {
                    "Conference-Inform": [
                        [
                            "acronym",
                            "SBAC-PAD"
                        ],
                        [
                            "year",
                            "2016"
                        ],
                        [
                            "fullName",
                            "International Symposium on Computer Architecture and High Performance Computing"
                        ]
                    ]
                },
                "span_info": [
                    [
                        "Conference-Inform",
                        "acronym",
                        "SBAC-PAD",
                        0,
                        7
                    ],
                    [
                        "Conference-Inform",
                        "year",
                        "2016",
                        8,
                        11
                    ],
                    [
                        "Conference-Inform",
                        "fullName",
                        "International Symposium on Computer Architecture and High Performance Computing",
                        16,
                        94
                    ]
                ]
            },
            {
                "text": "你知道SBAC-PAD有哪些最佳论文呢",
                "metadata": {},
                "dialog_act": {
                    "Conference-Inform": [
                        [
                            "acronym",
                            "SBAC-PAD"
                        ]
                    ],
                    "Conference-Request": [
                        [
                            "bestPaper",
                            "?"
                        ]
                    ]
                },
                "span_info": [
                    [
                        "Conference-Inform",
                        "acronym",
                        "SBAC-PAD",
                        3,
                        10
                    ]
                ]
            },
            {
                "text": "目前数据库中没有找到SBAC-PAD会议的最佳论文，之后我们会不断完善数据，感谢您的理解",
                "metadata": {
                    "Conference": {
                        "semi": {
                            "acronym": [
                                "SBAC-PAD"
                            ],
                            "year": [
                                "2016"
                            ],
                            "fullName": [
                                "International Symposium on Computer Architecture and High Performance Computing"
                            ],
                            "paperDue": [
                                "2016-06-20"
                            ],
                            "noticeDue": [],
                            "heldDate": [
                                "从11月1日到12月30日"
                            ],
                            "abstractDue": [],
                            "finalDue": [],
                            "location": [],
                            "category": [
                                "计算机体系结构"
                            ],
                            "ccf": [],
                            "website": [],
                            "bestPaper": [],
                            "confRelated": [],
                            "journalRelated": []
                        }
                    },
                    "Paper": {
                        "semi": {
                            "doi": [],
                            "title": [],
                            "author": [],
                            "venue": [],
                            "year": [],
                            "institution": [],
                            "abstract": [],
                            "pdf": [],
                            "blog": []
                        },
                        "download": {
                            "path": []
                        }
                    },
                    "Journal": {
                        "semi": {
                            "name": [],
                            "ISSN": [],
                            "E_ISSN": [],
                            "IF": [],
                            "h_index": [],
                            "self_citing": [],
                            "ccf": [],
                            "sci": [],
                            "website": [],
                            "submit": [],
                            "OA": [],
                            "category": [],
                            "speed": [],
                            "rate": []
                        }
                    },
                    "Author": {
                        "semi": {
                            "name": [],
                            "field": [],
                            "affiliation": [],
                            "position": [],
                            "citations": [],
                            "h_index": [],
                            "pubs": []
                        }
                    },
                    "Institution": {
                        "semi": {
                            "name": [],
                            "address": [],
                            "website": []
                        }
                    }
                },
                "dialog_act": {
                    "Conference-Inform": [
                        [
                            "acronym",
                            "SBAC-PAD"
                        ]
                    ],
                    "Conference-NoInform": [
                        [
                            "bestPaper",
                            null
                        ]
                    ]
                },
                "span_info": [
                    [
                        "Conference-Inform",
                        "acronym",
                        "SBAC-PAD",
                        10,
                        17
                    ]
                ]
            },
            {
                "text": "点击进入SBAC-PAD2016的官网，我看看它的一些内容",
                "metadata": {},
                "dialog_act": {
                    "Conference-Browse": [
                        [
                            "acronym",
                            "SBAC-PAD"
                        ],
                        [
                            "year",
                            "2016"
                        ]
                    ]
                },
                "span_info": [
                    [
                        "Conference-Browse",
                        "acronym",
                        "SBAC-PAD",
                        4,
                        11
                    ],
                    [
                        "Conference-Browse",
                        "year",
                        "2016",
                        12,
                        15
                    ]
                ]
            },
            {
                "text": "抱歉我们目前无法为您打开SBAC-PAD2016的官网",
                "metadata": {
                    "Conference": {
                        "semi": {
                            "acronym": [
                                "SBAC-PAD"
                            ],
                            "year": [
                                "2016"
                            ],
                            "fullName": [
                                "International Symposium on Computer Architecture and High Performance Computing"
                            ],
                            "paperDue": [
                                "2016-06-20"
                            ],
                            "noticeDue": [],
                            "heldDate": [
                                "从11月1日到12月30日"
                            ],
                            "abstractDue": [],
                            "finalDue": [],
                            "location": [],
                            "category": [
                                "计算机体系结构"
                            ],
                            "ccf": [],
                            "website": [],
                            "bestPaper": [],
                            "confRelated": [],
                            "journalRelated": []
                        }
                    },
                    "Paper": {
                        "semi": {
                            "doi": [],
                            "title": [],
                            "author": [],
                            "venue": [],
                            "year": [],
                            "institution": [],
                            "abstract": [],
                            "pdf": [],
                            "blog": []
                        },
                        "download": {
                            "path": []
                        }
                    },
                    "Journal": {
                        "semi": {
                            "name": [],
                            "ISSN": [],
                            "E_ISSN": [],
                            "IF": [],
                            "h_index": [],
                            "self_citing": [],
                            "ccf": [],
                            "sci": [],
                            "website": [],
                            "submit": [],
                            "OA": [],
                            "category": [],
                            "speed": [],
                            "rate": []
                        }
                    },
                    "Author": {
                        "semi": {
                            "name": [],
                            "field": [],
                            "affiliation": [],
                            "position": [],
                            "citations": [],
                            "h_index": [],
                            "pubs": []
                        }
                    },
                    "Institution": {
                        "semi": {
                            "name": [],
                            "address": [],
                            "website": []
                        }
                    }
                },
                "dialog_act": {
                    "Conference-NoBrowse": [
                        [
                            "acronym",
                            "SBAC-PAD"
                        ],
                        [
                            "year",
                            "2016"
                        ]
                    ]
                },
                "span_info": [
                    [
                        "Conference-NoBrowse",
                        "acronym",
                        "SBAC-PAD",
                        12,
                        19
                    ],
                    [
                        "Conference-NoBrowse",
                        "year",
                        "2016",
                        20,
                        23
                    ]
                ]
            }
        ]
    }
}