{
    "SFFT_045006": {
        "goal": {
            "Conference": {
                "semi": {
                    "acronym": [
                        "ICDM"
                    ],
                    "year": [
                        "2021"
                    ],
                    "fullName": [
                        "21th Industrial Conference on Data Mining"
                    ],
                    "paperDue": [],
                    "noticeDue": [
                        "2021-10-04"
                    ],
                    "heldDate": [
                        "12月5号到29号"
                    ],
                    "abstractDue": [],
                    "finalDue": [
                        "2021-05-25"
                    ],
                    "location": [
                        "美国纽约"
                    ],
                    "category": [
                        "人工智能"
                    ],
                    "ccf": [
                        "B类以上"
                    ],
                    "website": [],
                    "bestPaper": [],
                    "confRelated": [
                        "MLDM"
                    ],
                    "journalRelated": []
                }
            },
            "Paper": {
                "semi": {
                    "doi": [],
                    "title": [],
                    "author": [],
                    "venue": [],
                    "year": [],
                    "institution": [],
                    "abstract": [],
                    "pdf": [],
                    "blog": []
                },
                "download": {
                    "path": []
                }
            },
            "Journal": {
                "semi": {
                    "name": [],
                    "ISSN": [],
                    "E_ISSN": [],
                    "IF": [],
                    "h_index": [],
                    "self_citing": [],
                    "ccf": [],
                    "sci": [],
                    "website": [],
                    "submit": [],
                    "OA": [],
                    "category": [],
                    "speed": [],
                    "rate": []
                }
            },
            "Author": {
                "semi": {
                    "name": [],
                    "field": [],
                    "affiliation": [],
                    "position": [],
                    "citations": [],
                    "h_index": [],
                    "pubs": []
                }
            },
            "Institution": {
                "semi": {
                    "name": [],
                    "address": [],
                    "website": []
                }
            },
            "description": [
                "Given heldDate,category,ccf; Recommend Conference",
                "When system confirms, give positive answer",
                "Doubt to system response",
                "Request detail of abstractDue",
                "Request detail of confRelated",
                "Confirm detail of finalDue",
                "Request detail of fullName",
                "Request detail of location",
                "Request detail of noticeDue",
                "Browse the website of Conference"
            ]
        },
        "log": [
            {
                "text": "请问从11月20日到12月29日举办的人工智能领域的B类以上会议有哪些",
                "metadata": {},
                "dialog_act": {
                    "Conference-Inform": [
                        [
                            "heldDate",
                            "从11月20日到12月29日"
                        ],
                        [
                            "category",
                            "人工智能"
                        ],
                        [
                            "ccf",
                            "B类以上"
                        ]
                    ]
                },
                "span_info": [
                    [
                        "Conference-Inform",
                        "heldDate",
                        "从11月20日到12月29日",
                        2,
                        15
                    ],
                    [
                        "Conference-Inform",
                        "category",
                        "人工智能",
                        19,
                        22
                    ],
                    [
                        "Conference-Inform",
                        "ccf",
                        "B类以上",
                        26,
                        29
                    ]
                ]
            },
            {
                "text": "你确定找的是从11月20日到12月29日举行的人工智能领域的B类以上会议嘛",
                "metadata": {
                    "Conference": {
                        "semi": {
                            "acronym": [],
                            "year": [],
                            "fullName": [],
                            "paperDue": [],
                            "noticeDue": [],
                            "heldDate": [
                                "从11月20日到12月29日"
                            ],
                            "abstractDue": [],
                            "finalDue": [],
                            "location": [],
                            "category": [
                                "人工智能"
                            ],
                            "ccf": [
                                "B类以上"
                            ],
                            "website": [],
                            "bestPaper": [],
                            "confRelated": [],
                            "journalRelated": []
                        }
                    },
                    "Paper": {
                        "semi": {
                            "doi": [],
                            "title": [],
                            "author": [],
                            "venue": [],
                            "year": [],
                            "institution": [],
                            "abstract": [],
                            "pdf": [],
                            "blog": []
                        },
                        "download": {
                            "path": []
                        }
                    },
                    "Journal": {
                        "semi": {
                            "name": [],
                            "ISSN": [],
                            "E_ISSN": [],
                            "IF": [],
                            "h_index": [],
                            "self_citing": [],
                            "ccf": [],
                            "sci": [],
                            "website": [],
                            "submit": [],
                            "OA": [],
                            "category": [],
                            "speed": [],
                            "rate": []
                        }
                    },
                    "Author": {
                        "semi": {
                            "name": [],
                            "field": [],
                            "affiliation": [],
                            "position": [],
                            "citations": [],
                            "h_index": [],
                            "pubs": []
                        }
                    },
                    "Institution": {
                        "semi": {
                            "name": [],
                            "address": [],
                            "website": []
                        }
                    }
                },
                "dialog_act": {
                    "Conference-Confirm": [
                        [
                            "heldDate",
                            "从11月20日到12月29日"
                        ],
                        [
                            "category",
                            "人工智能"
                        ],
                        [
                            "ccf",
                            "B类以上"
                        ]
                    ]
                },
                "span_info": [
                    [
                        "Conference-Confirm",
                        "heldDate",
                        "从11月20日到12月29日",
                        6,
                        19
                    ],
                    [
                        "Conference-Confirm",
                        "category",
                        "人工智能",
                        23,
                        26
                    ],
                    [
                        "Conference-Confirm",
                        "ccf",
                        "B类以上",
                        30,
                        33
                    ]
                ]
            },
            {
                "text": "是的呢",
                "metadata": {},
                "dialog_act": {
                    "General-Positive": [
                        [
                            null,
                            null
                        ]
                    ]
                },
                "span_info": []
            },
            {
                "text": "符合条件的会议有0个",
                "metadata": {
                    "Conference": {
                        "semi": {
                            "acronym": [],
                            "year": [],
                            "fullName": [],
                            "paperDue": [],
                            "noticeDue": [],
                            "heldDate": [
                                "12月5号到29号"
                            ],
                            "abstractDue": [],
                            "finalDue": [],
                            "location": [],
                            "category": [
                                "人工智能"
                            ],
                            "ccf": [
                                "B类以上"
                            ],
                            "website": [],
                            "bestPaper": [],
                            "confRelated": [],
                            "journalRelated": []
                        }
                    },
                    "Paper": {
                        "semi": {
                            "doi": [],
                            "title": [],
                            "author": [],
                            "venue": [],
                            "year": [],
                            "institution": [],
                            "abstract": [],
                            "pdf": [],
                            "blog": []
                        },
                        "download": {
                            "path": []
                        }
                    },
                    "Journal": {
                        "semi": {
                            "name": [],
                            "ISSN": [],
                            "E_ISSN": [],
                            "IF": [],
                            "h_index": [],
                            "self_citing": [],
                            "ccf": [],
                            "sci": [],
                            "website": [],
                            "submit": [],
                            "OA": [],
                            "category": [],
                            "speed": [],
                            "rate": []
                        }
                    },
                    "Author": {
                        "semi": {
                            "name": [],
                            "field": [],
                            "affiliation": [],
                            "position": [],
                            "citations": [],
                            "h_index": [],
                            "pubs": []
                        }
                    },
                    "Institution": {
                        "semi": {
                            "name": [],
                            "address": [],
                            "website": []
                        }
                    }
                },
                "dialog_act": {
                    "Conference-Recommend": [
                        [
                            "Choice",
                            "0"
                        ]
                    ]
                },
                "span_info": []
            },
            {
                "text": "你说得不对吧",
                "metadata": {},
                "dialog_act": {
                    "General-Doubt": [
                        [
                            null,
                            null
                        ]
                    ]
                },
                "span_info": []
            },
            {
                "text": "对的，为你找到了ICDM会议，它是满足条件的",
                "metadata": {
                    "Conference": {
                        "semi": {
                            "acronym": [],
                            "year": [],
                            "fullName": [],
                            "paperDue": [],
                            "noticeDue": [],
                            "heldDate": [
                                "12月5号到29号"
                            ],
                            "abstractDue": [],
                            "finalDue": [],
                            "location": [],
                            "category": [
                                "人工智能"
                            ],
                            "ccf": [
                                "B类以上"
                            ],
                            "website": [],
                            "bestPaper": [],
                            "confRelated": [],
                            "journalRelated": []
                        }
                    },
                    "Paper": {
                        "semi": {
                            "doi": [],
                            "title": [],
                            "author": [],
                            "venue": [],
                            "year": [],
                            "institution": [],
                            "abstract": [],
                            "pdf": [],
                            "blog": []
                        },
                        "download": {
                            "path": []
                        }
                    },
                    "Journal": {
                        "semi": {
                            "name": [],
                            "ISSN": [],
                            "E_ISSN": [],
                            "IF": [],
                            "h_index": [],
                            "self_citing": [],
                            "ccf": [],
                            "sci": [],
                            "website": [],
                            "submit": [],
                            "OA": [],
                            "category": [],
                            "speed": [],
                            "rate": []
                        }
                    },
                    "Author": {
                        "semi": {
                            "name": [],
                            "field": [],
                            "affiliation": [],
                            "position": [],
                            "citations": [],
                            "h_index": [],
                            "pubs": []
                        }
                    },
                    "Institution": {
                        "semi": {
                            "name": [],
                            "address": [],
                            "website": []
                        }
                    }
                },
                "dialog_act": {
                    "General-Positive": [
                        [
                            null,
                            null
                        ]
                    ],
                    "Conference-Recommend": [
                        [
                            "Choice",
                            "1"
                        ],
                        [
                            "acronym",
                            "ICDM"
                        ]
                    ]
                },
                "span_info": [
                    [
                        "Conference-Recommend",
                        "acronym",
                        "ICDM",
                        8,
                        11
                    ]
                ]
            },
            {
                "text": "ICDM2021的截止提交摘要日期是什么呢",
                "metadata": {},
                "dialog_act": {
                    "Conference-Inform": [
                        [
                            "acronym",
                            "ICDM"
                        ],
                        [
                            "year",
                            "2021"
                        ]
                    ],
                    "Conference-Request": [
                        [
                            "abstractDue",
                            "?"
                        ]
                    ]
                },
                "span_info": [
                    [
                        "Conference-Inform",
                        "acronym",
                        "ICDM",
                        0,
                        3
                    ],
                    [
                        "Conference-Inform",
                        "year",
                        "2021",
                        4,
                        7
                    ]
                ]
            },
            {
                "text": "目前数据库中没有找到ICDM2021的摘要截稿时间",
                "metadata": {
                    "Conference": {
                        "semi": {
                            "acronym": [
                                "ICDM"
                            ],
                            "year": [
                                "2021"
                            ],
                            "fullName": [],
                            "paperDue": [],
                            "noticeDue": [],
                            "heldDate": [
                                "12月5号到29号"
                            ],
                            "abstractDue": [],
                            "finalDue": [],
                            "location": [],
                            "category": [
                                "人工智能"
                            ],
                            "ccf": [
                                "B类以上"
                            ],
                            "website": [],
                            "bestPaper": [],
                            "confRelated": [],
                            "journalRelated": []
                        }
                    },
                    "Paper": {
                        "semi": {
                            "doi": [],
                            "title": [],
                            "author": [],
                            "venue": [],
                            "year": [],
                            "institution": [],
                            "abstract": [],
                            "pdf": [],
                            "blog": []
                        },
                        "download": {
                            "path": []
                        }
                    },
                    "Journal": {
                        "semi": {
                            "name": [],
                            "ISSN": [],
                            "E_ISSN": [],
                            "IF": [],
                            "h_index": [],
                            "self_citing": [],
                            "ccf": [],
                            "sci": [],
                            "website": [],
                            "submit": [],
                            "OA": [],
                            "category": [],
                            "speed": [],
                            "rate": []
                        }
                    },
                    "Author": {
                        "semi": {
                            "name": [],
                            "field": [],
                            "affiliation": [],
                            "position": [],
                            "citations": [],
                            "h_index": [],
                            "pubs": []
                        }
                    },
                    "Institution": {
                        "semi": {
                            "name": [],
                            "address": [],
                            "website": []
                        }
                    }
                },
                "dialog_act": {
                    "Conference-Inform": [
                        [
                            "acronym",
                            "ICDM"
                        ],
                        [
                            "year",
                            "2021"
                        ]
                    ],
                    "Conference-NoInform": [
                        [
                            "abstractDue",
                            null
                        ]
                    ]
                },
                "span_info": [
                    [
                        "Conference-Inform",
                        "acronym",
                        "ICDM",
                        10,
                        13
                    ],
                    [
                        "Conference-Inform",
                        "year",
                        "2021",
                        14,
                        17
                    ]
                ]
            },
            {
                "text": "咨询一下ICDM的相关会议有哪些",
                "metadata": {},
                "dialog_act": {
                    "Conference-Inform": [
                        [
                            "acronym",
                            "ICDM"
                        ]
                    ],
                    "Conference-Request": [
                        [
                            "confRelated",
                            "?"
                        ]
                    ]
                },
                "span_info": [
                    [
                        "Conference-Inform",
                        "acronym",
                        "ICDM",
                        4,
                        7
                    ]
                ]
            },
            {
                "text": "ICDM会议的相关会议有MLDM",
                "metadata": {
                    "Conference": {
                        "semi": {
                            "acronym": [
                                "ICDM"
                            ],
                            "year": [
                                "2021"
                            ],
                            "fullName": [],
                            "paperDue": [],
                            "noticeDue": [],
                            "heldDate": [
                                "12月5号到29号"
                            ],
                            "abstractDue": [],
                            "finalDue": [],
                            "location": [],
                            "category": [
                                "人工智能"
                            ],
                            "ccf": [
                                "B类以上"
                            ],
                            "website": [],
                            "bestPaper": [],
                            "confRelated": [],
                            "journalRelated": []
                        }
                    },
                    "Paper": {
                        "semi": {
                            "doi": [],
                            "title": [],
                            "author": [],
                            "venue": [],
                            "year": [],
                            "institution": [],
                            "abstract": [],
                            "pdf": [],
                            "blog": []
                        },
                        "download": {
                            "path": []
                        }
                    },
                    "Journal": {
                        "semi": {
                            "name": [],
                            "ISSN": [],
                            "E_ISSN": [],
                            "IF": [],
                            "h_index": [],
                            "self_citing": [],
                            "ccf": [],
                            "sci": [],
                            "website": [],
                            "submit": [],
                            "OA": [],
                            "category": [],
                            "speed": [],
                            "rate": []
                        }
                    },
                    "Author": {
                        "semi": {
                            "name": [],
                            "field": [],
                            "affiliation": [],
                            "position": [],
                            "citations": [],
                            "h_index": [],
                            "pubs": []
                        }
                    },
                    "Institution": {
                        "semi": {
                            "name": [],
                            "address": [],
                            "website": []
                        }
                    }
                },
                "dialog_act": {
                    "Conference-Inform": [
                        [
                            "acronym",
                            "ICDM"
                        ],
                        [
                            "confRelated",
                            "MLDM"
                        ]
                    ]
                },
                "span_info": [
                    [
                        "Conference-Inform",
                        "acronym",
                        "ICDM",
                        0,
                        3
                    ],
                    [
                        "Conference-Inform",
                        "confRelated",
                        "MLDM",
                        12,
                        15
                    ]
                ]
            },
            {
                "text": "ICDM 2021是在2021-05-25截止提交最终版论文的嘛",
                "metadata": {},
                "dialog_act": {
                    "Conference-Inform": [
                        [
                            "acronym",
                            "ICDM"
                        ],
                        [
                            "year",
                            "2021"
                        ]
                    ],
                    "Conference-Confirm": [
                        [
                            "finalDue",
                            "2021-05-25"
                        ]
                    ]
                },
                "span_info": [
                    [
                        "Conference-Inform",
                        "acronym",
                        "ICDM",
                        0,
                        3
                    ],
                    [
                        "Conference-Inform",
                        "year",
                        "2021",
                        5,
                        8
                    ],
                    [
                        "Conference-Confirm",
                        "finalDue",
                        "2021-05-25",
                        11,
                        20
                    ]
                ]
            },
            {
                "text": "没有问题",
                "metadata": {
                    "Conference": {
                        "semi": {
                            "acronym": [
                                "ICDM"
                            ],
                            "year": [
                                "2021"
                            ],
                            "fullName": [],
                            "paperDue": [],
                            "noticeDue": [],
                            "heldDate": [
                                "12月5号到29号"
                            ],
                            "abstractDue": [],
                            "finalDue": [
                                "2021-05-25"
                            ],
                            "location": [],
                            "category": [
                                "人工智能"
                            ],
                            "ccf": [
                                "B类以上"
                            ],
                            "website": [],
                            "bestPaper": [],
                            "confRelated": [
                                "MLDM"
                            ],
                            "journalRelated": []
                        }
                    },
                    "Paper": {
                        "semi": {
                            "doi": [],
                            "title": [],
                            "author": [],
                            "venue": [],
                            "year": [],
                            "institution": [],
                            "abstract": [],
                            "pdf": [],
                            "blog": []
                        },
                        "download": {
                            "path": []
                        }
                    },
                    "Journal": {
                        "semi": {
                            "name": [],
                            "ISSN": [],
                            "E_ISSN": [],
                            "IF": [],
                            "h_index": [],
                            "self_citing": [],
                            "ccf": [],
                            "sci": [],
                            "website": [],
                            "submit": [],
                            "OA": [],
                            "category": [],
                            "speed": [],
                            "rate": []
                        }
                    },
                    "Author": {
                        "semi": {
                            "name": [],
                            "field": [],
                            "affiliation": [],
                            "position": [],
                            "citations": [],
                            "h_index": [],
                            "pubs": []
                        }
                    },
                    "Institution": {
                        "semi": {
                            "name": [],
                            "address": [],
                            "website": []
                        }
                    }
                },
                "dialog_act": {
                    "General-Positive": [
                        [
                            null,
                            null
                        ]
                    ]
                },
                "span_info": []
            },
            {
                "text": "ICDM2021会议是什么意思",
                "metadata": {},
                "dialog_act": {
                    "Conference-Inform": [
                        [
                            "acronym",
                            "ICDM"
                        ],
                        [
                            "year",
                            "2021"
                        ]
                    ],
                    "Conference-Request": [
                        [
                            "fullName",
                            "?"
                        ]
                    ]
                },
                "span_info": [
                    [
                        "Conference-Inform",
                        "acronym",
                        "ICDM",
                        0,
                        3
                    ],
                    [
                        "Conference-Inform",
                        "year",
                        "2021",
                        4,
                        7
                    ]
                ]
            },
            {
                "text": "ICDM2021的全称是21th Industrial Conference on Data Mining",
                "metadata": {
                    "Conference": {
                        "semi": {
                            "acronym": [
                                "ICDM"
                            ],
                            "year": [
                                "2021"
                            ],
                            "fullName": [],
                            "paperDue": [],
                            "noticeDue": [],
                            "heldDate": [
                                "12月5号到29号"
                            ],
                            "abstractDue": [],
                            "finalDue": [
                                "2021-05-25"
                            ],
                            "location": [],
                            "category": [
                                "人工智能"
                            ],
                            "ccf": [
                                "B类以上"
                            ],
                            "website": [],
                            "bestPaper": [],
                            "confRelated": [
                                "MLDM"
                            ],
                            "journalRelated": []
                        }
                    },
                    "Paper": {
                        "semi": {
                            "doi": [],
                            "title": [],
                            "author": [],
                            "venue": [],
                            "year": [],
                            "institution": [],
                            "abstract": [],
                            "pdf": [],
                            "blog": []
                        },
                        "download": {
                            "path": []
                        }
                    },
                    "Journal": {
                        "semi": {
                            "name": [],
                            "ISSN": [],
                            "E_ISSN": [],
                            "IF": [],
                            "h_index": [],
                            "self_citing": [],
                            "ccf": [],
                            "sci": [],
                            "website": [],
                            "submit": [],
                            "OA": [],
                            "category": [],
                            "speed": [],
                            "rate": []
                        }
                    },
                    "Author": {
                        "semi": {
                            "name": [],
                            "field": [],
                            "affiliation": [],
                            "position": [],
                            "citations": [],
                            "h_index": [],
                            "pubs": []
                        }
                    },
                    "Institution": {
                        "semi": {
                            "name": [],
                            "address": [],
                            "website": []
                        }
                    }
                },
                "dialog_act": {
                    "Conference-Inform": [
                        [
                            "acronym",
                            "ICDM"
                        ],
                        [
                            "year",
                            "2021"
                        ],
                        [
                            "fullName",
                            "21th Industrial Conference on Data Mining"
                        ]
                    ]
                },
                "span_info": [
                    [
                        "Conference-Inform",
                        "acronym",
                        "ICDM",
                        0,
                        3
                    ],
                    [
                        "Conference-Inform",
                        "year",
                        "2021",
                        4,
                        7
                    ],
                    [
                        "Conference-Inform",
                        "fullName",
                        "21th Industrial Conference on Data Mining",
                        12,
                        52
                    ]
                ]
            },
            {
                "text": "ICDM2021的举办地方是什么呢",
                "metadata": {},
                "dialog_act": {
                    "Conference-Inform": [
                        [
                            "acronym",
                            "ICDM"
                        ],
                        [
                            "year",
                            "2021"
                        ]
                    ],
                    "Conference-Request": [
                        [
                            "location",
                            "?"
                        ]
                    ]
                },
                "span_info": [
                    [
                        "Conference-Inform",
                        "acronym",
                        "ICDM",
                        0,
                        3
                    ],
                    [
                        "Conference-Inform",
                        "year",
                        "2021",
                        4,
                        7
                    ]
                ]
            },
            {
                "text": "ICDM2021的举行地点是美国纽约",
                "metadata": {
                    "Conference": {
                        "semi": {
                            "acronym": [
                                "ICDM"
                            ],
                            "year": [
                                "2021"
                            ],
                            "fullName": [
                                "21th Industrial Conference on Data Mining"
                            ],
                            "paperDue": [],
                            "noticeDue": [],
                            "heldDate": [
                                "12月5号到29号"
                            ],
                            "abstractDue": [],
                            "finalDue": [
                                "2021-05-25"
                            ],
                            "location": [],
                            "category": [
                                "人工智能"
                            ],
                            "ccf": [
                                "B类以上"
                            ],
                            "website": [],
                            "bestPaper": [],
                            "confRelated": [
                                "MLDM"
                            ],
                            "journalRelated": []
                        }
                    },
                    "Paper": {
                        "semi": {
                            "doi": [],
                            "title": [],
                            "author": [],
                            "venue": [],
                            "year": [],
                            "institution": [],
                            "abstract": [],
                            "pdf": [],
                            "blog": []
                        },
                        "download": {
                            "path": []
                        }
                    },
                    "Journal": {
                        "semi": {
                            "name": [],
                            "ISSN": [],
                            "E_ISSN": [],
                            "IF": [],
                            "h_index": [],
                            "self_citing": [],
                            "ccf": [],
                            "sci": [],
                            "website": [],
                            "submit": [],
                            "OA": [],
                            "category": [],
                            "speed": [],
                            "rate": []
                        }
                    },
                    "Author": {
                        "semi": {
                            "name": [],
                            "field": [],
                            "affiliation": [],
                            "position": [],
                            "citations": [],
                            "h_index": [],
                            "pubs": []
                        }
                    },
                    "Institution": {
                        "semi": {
                            "name": [],
                            "address": [],
                            "website": []
                        }
                    }
                },
                "dialog_act": {
                    "Conference-Inform": [
                        [
                            "acronym",
                            "ICDM"
                        ],
                        [
                            "year",
                            "2021"
                        ],
                        [
                            "location",
                            "美国纽约"
                        ]
                    ]
                },
                "span_info": [
                    [
                        "Conference-Inform",
                        "acronym",
                        "ICDM",
                        0,
                        3
                    ],
                    [
                        "Conference-Inform",
                        "year",
                        "2021",
                        4,
                        7
                    ],
                    [
                        "Conference-Inform",
                        "location",
                        "美国纽约",
                        14,
                        17
                    ]
                ]
            },
            {
                "text": "你知道到什么时候ICDM2021通知呢",
                "metadata": {},
                "dialog_act": {
                    "Conference-Inform": [
                        [
                            "acronym",
                            "ICDM"
                        ],
                        [
                            "year",
                            "2021"
                        ]
                    ],
                    "Conference-Request": [
                        [
                            "noticeDue",
                            "?"
                        ]
                    ]
                },
                "span_info": [
                    [
                        "Conference-Inform",
                        "acronym",
                        "ICDM",
                        8,
                        11
                    ],
                    [
                        "Conference-Inform",
                        "year",
                        "2021",
                        12,
                        15
                    ]
                ]
            },
            {
                "text": "ICDM2021的通知时间是2021-10-04",
                "metadata": {
                    "Conference": {
                        "semi": {
                            "acronym": [
                                "ICDM"
                            ],
                            "year": [
                                "2021"
                            ],
                            "fullName": [
                                "21th Industrial Conference on Data Mining"
                            ],
                            "paperDue": [],
                            "noticeDue": [],
                            "heldDate": [
                                "12月5号到29号"
                            ],
                            "abstractDue": [],
                            "finalDue": [
                                "2021-05-25"
                            ],
                            "location": [
                                "美国纽约"
                            ],
                            "category": [
                                "人工智能"
                            ],
                            "ccf": [
                                "B类以上"
                            ],
                            "website": [],
                            "bestPaper": [],
                            "confRelated": [
                                "MLDM"
                            ],
                            "journalRelated": []
                        }
                    },
                    "Paper": {
                        "semi": {
                            "doi": [],
                            "title": [],
                            "author": [],
                            "venue": [],
                            "year": [],
                            "institution": [],
                            "abstract": [],
                            "pdf": [],
                            "blog": []
                        },
                        "download": {
                            "path": []
                        }
                    },
                    "Journal": {
                        "semi": {
                            "name": [],
                            "ISSN": [],
                            "E_ISSN": [],
                            "IF": [],
                            "h_index": [],
                            "self_citing": [],
                            "ccf": [],
                            "sci": [],
                            "website": [],
                            "submit": [],
                            "OA": [],
                            "category": [],
                            "speed": [],
                            "rate": []
                        }
                    },
                    "Author": {
                        "semi": {
                            "name": [],
                            "field": [],
                            "affiliation": [],
                            "position": [],
                            "citations": [],
                            "h_index": [],
                            "pubs": []
                        }
                    },
                    "Institution": {
                        "semi": {
                            "name": [],
                            "address": [],
                            "website": []
                        }
                    }
                },
                "dialog_act": {
                    "Conference-Inform": [
                        [
                            "acronym",
                            "ICDM"
                        ],
                        [
                            "year",
                            "2021"
                        ],
                        [
                            "noticeDue",
                            "2021-10-04"
                        ]
                    ]
                },
                "span_info": [
                    [
                        "Conference-Inform",
                        "acronym",
                        "ICDM",
                        0,
                        3
                    ],
                    [
                        "Conference-Inform",
                        "year",
                        "2021",
                        4,
                        7
                    ],
                    [
                        "Conference-Inform",
                        "noticeDue",
                        "2021-10-04",
                        14,
                        23
                    ]
                ]
            },
            {
                "text": "请你打开一下ICDM2021的官网嘛，我想查看一些详细信息",
                "metadata": {},
                "dialog_act": {
                    "Conference-Browse": [
                        [
                            "acronym",
                            "ICDM"
                        ],
                        [
                            "year",
                            "2021"
                        ]
                    ]
                },
                "span_info": [
                    [
                        "Conference-Browse",
                        "acronym",
                        "ICDM",
                        6,
                        9
                    ],
                    [
                        "Conference-Browse",
                        "year",
                        "2021",
                        10,
                        13
                    ]
                ]
            },
            {
                "text": "接下来我们将为你打开ICDM2021的官网",
                "metadata": {
                    "Conference": {
                        "semi": {
                            "acronym": [
                                "ICDM"
                            ],
                            "year": [
                                "2021"
                            ],
                            "fullName": [
                                "21th Industrial Conference on Data Mining"
                            ],
                            "paperDue": [],
                            "noticeDue": [
                                "2021-10-04"
                            ],
                            "heldDate": [
                                "12月5号到29号"
                            ],
                            "abstractDue": [],
                            "finalDue": [
                                "2021-05-25"
                            ],
                            "location": [
                                "美国纽约"
                            ],
                            "category": [
                                "人工智能"
                            ],
                            "ccf": [
                                "B类以上"
                            ],
                            "website": [],
                            "bestPaper": [],
                            "confRelated": [
                                "MLDM"
                            ],
                            "journalRelated": []
                        }
                    },
                    "Paper": {
                        "semi": {
                            "doi": [],
                            "title": [],
                            "author": [],
                            "venue": [],
                            "year": [],
                            "institution": [],
                            "abstract": [],
                            "pdf": [],
                            "blog": []
                        },
                        "download": {
                            "path": []
                        }
                    },
                    "Journal": {
                        "semi": {
                            "name": [],
                            "ISSN": [],
                            "E_ISSN": [],
                            "IF": [],
                            "h_index": [],
                            "self_citing": [],
                            "ccf": [],
                            "sci": [],
                            "website": [],
                            "submit": [],
                            "OA": [],
                            "category": [],
                            "speed": [],
                            "rate": []
                        }
                    },
                    "Author": {
                        "semi": {
                            "name": [],
                            "field": [],
                            "affiliation": [],
                            "position": [],
                            "citations": [],
                            "h_index": [],
                            "pubs": []
                        }
                    },
                    "Institution": {
                        "semi": {
                            "name": [],
                            "address": [],
                            "website": []
                        }
                    }
                },
                "dialog_act": {
                    "Conference-Browse": [
                        [
                            "acronym",
                            "ICDM"
                        ],
                        [
                            "year",
                            "2021"
                        ]
                    ]
                },
                "span_info": [
                    [
                        "Conference-Browse",
                        "acronym",
                        "ICDM",
                        10,
                        13
                    ],
                    [
                        "Conference-Browse",
                        "year",
                        "2021",
                        14,
                        17
                    ]
                ]
            }
        ]
    }
}