{
    "SFFT_046676": {
        "goal": {
            "Conference": {
                "semi": {
                    "acronym": [
                        "PAKDD"
                    ],
                    "year": [
                        "2008"
                    ],
                    "fullName": [],
                    "paperDue": [
                        "从11月25号到12月24号"
                    ],
                    "noticeDue": [],
                    "heldDate": [],
                    "abstractDue": [],
                    "finalDue": [],
                    "location": [],
                    "category": [
                        "机器学习"
                    ],
                    "ccf": [
                        "C类"
                    ],
                    "website": [],
                    "bestPaper": [],
                    "confRelated": [],
                    "journalRelated": []
                }
            },
            "Paper": {
                "semi": {
                    "doi": [],
                    "title": [],
                    "author": [],
                    "venue": [],
                    "year": [],
                    "institution": [],
                    "abstract": [],
                    "pdf": [],
                    "blog": []
                },
                "download": {
                    "path": []
                }
            },
            "Journal": {
                "semi": {
                    "name": [],
                    "ISSN": [],
                    "E_ISSN": [],
                    "IF": [],
                    "h_index": [],
                    "self_citing": [],
                    "ccf": [],
                    "sci": [],
                    "website": [],
                    "submit": [],
                    "OA": [],
                    "category": [],
                    "speed": [],
                    "rate": []
                }
            },
            "Author": {
                "semi": {
                    "name": [],
                    "field": [],
                    "affiliation": [],
                    "position": [],
                    "citations": [],
                    "h_index": [],
                    "pubs": []
                }
            },
            "Institution": {
                "semi": {
                    "name": [],
                    "address": [],
                    "website": []
                }
            },
            "description": [
                "Given category; Recommend Conference",
                "Add ccf; Recommend Conference",
                "Add paperDue; Recommend Conference",
                "Doubt specific slot to system response",
                "Request detail of noticeDue",
                "Browse the website of Conference"
            ]
        },
        "log": [
            {
                "text": "咨询一下哪些会议是关于机器学习的呢",
                "metadata": {},
                "dialog_act": {
                    "Conference-Inform": [
                        [
                            "category",
                            "机器学习"
                        ]
                    ]
                },
                "span_info": [
                    [
                        "Conference-Inform",
                        "category",
                        "机器学习",
                        11,
                        14
                    ]
                ]
            },
            {
                "text": "共找到50个符合条件的会议，您还有什么其他的要求嘛",
                "metadata": {
                    "Conference": {
                        "semi": {
                            "acronym": [],
                            "year": [],
                            "fullName": [],
                            "paperDue": [],
                            "noticeDue": [],
                            "heldDate": [],
                            "abstractDue": [],
                            "finalDue": [],
                            "location": [],
                            "category": [
                                "机器学习"
                            ],
                            "ccf": [],
                            "website": [],
                            "bestPaper": [],
                            "confRelated": [],
                            "journalRelated": []
                        }
                    },
                    "Paper": {
                        "semi": {
                            "doi": [],
                            "title": [],
                            "author": [],
                            "venue": [],
                            "year": [],
                            "institution": [],
                            "abstract": [],
                            "pdf": [],
                            "blog": []
                        },
                        "download": {
                            "path": []
                        }
                    },
                    "Journal": {
                        "semi": {
                            "name": [],
                            "ISSN": [],
                            "E_ISSN": [],
                            "IF": [],
                            "h_index": [],
                            "self_citing": [],
                            "ccf": [],
                            "sci": [],
                            "website": [],
                            "submit": [],
                            "OA": [],
                            "category": [],
                            "speed": [],
                            "rate": []
                        }
                    },
                    "Author": {
                        "semi": {
                            "name": [],
                            "field": [],
                            "affiliation": [],
                            "position": [],
                            "citations": [],
                            "h_index": [],
                            "pubs": []
                        }
                    },
                    "Institution": {
                        "semi": {
                            "name": [],
                            "address": [],
                            "website": []
                        }
                    }
                },
                "dialog_act": {
                    "Conference-Recommend": [
                        [
                            "Choice",
                            "359"
                        ]
                    ],
                    "Conference-Reqmore": [
                        [
                            "?",
                            "?"
                        ]
                    ]
                },
                "span_info": []
            },
            {
                "text": "告诉我有哪些属于B类以下会议的",
                "metadata": {},
                "dialog_act": {
                    "Conference-Inform": [
                        [
                            "ccf",
                            "B类以下"
                        ]
                    ]
                },
                "span_info": [
                    [
                        "Conference-Add",
                        "ccf",
                        "B类以下",
                        8,
                        11
                    ]
                ]
            },
            {
                "text": "共有50个满足条件的会议，你想要什么时候截稿的会议呢",
                "metadata": {
                    "Conference": {
                        "semi": {
                            "acronym": [],
                            "year": [],
                            "fullName": [],
                            "paperDue": [],
                            "noticeDue": [],
                            "heldDate": [],
                            "abstractDue": [],
                            "finalDue": [],
                            "location": [],
                            "category": [
                                "机器学习"
                            ],
                            "ccf": [
                                "B类以下"
                            ],
                            "website": [],
                            "bestPaper": [],
                            "confRelated": [],
                            "journalRelated": []
                        }
                    },
                    "Paper": {
                        "semi": {
                            "doi": [],
                            "title": [],
                            "author": [],
                            "venue": [],
                            "year": [],
                            "institution": [],
                            "abstract": [],
                            "pdf": [],
                            "blog": []
                        },
                        "download": {
                            "path": []
                        }
                    },
                    "Journal": {
                        "semi": {
                            "name": [],
                            "ISSN": [],
                            "E_ISSN": [],
                            "IF": [],
                            "h_index": [],
                            "self_citing": [],
                            "ccf": [],
                            "sci": [],
                            "website": [],
                            "submit": [],
                            "OA": [],
                            "category": [],
                            "speed": [],
                            "rate": []
                        }
                    },
                    "Author": {
                        "semi": {
                            "name": [],
                            "field": [],
                            "affiliation": [],
                            "position": [],
                            "citations": [],
                            "h_index": [],
                            "pubs": []
                        }
                    },
                    "Institution": {
                        "semi": {
                            "name": [],
                            "address": [],
                            "website": []
                        }
                    }
                },
                "dialog_act": {
                    "Conference-Recommend": [
                        [
                            "Choice",
                            "131"
                        ]
                    ],
                    "Conference-Reqmore": [
                        [
                            "paperDue",
                            "?"
                        ]
                    ]
                },
                "span_info": []
            },
            {
                "text": "咨询一下从11月25号到12月24号有哪些要截稿的会议呢",
                "metadata": {},
                "dialog_act": {
                    "Conference-Inform": [
                        [
                            "paperDue",
                            "从11月25号到12月24号"
                        ]
                    ]
                },
                "span_info": [
                    [
                        "Conference-Add",
                        "paperDue",
                        "从11月25号到12月24号",
                        4,
                        17
                    ]
                ]
            },
            {
                "text": "只有1个满足条件的会议，它就是PAKDD",
                "metadata": {
                    "Conference": {
                        "semi": {
                            "acronym": [],
                            "year": [],
                            "fullName": [],
                            "paperDue": [
                                "从11月25号到12月24号"
                            ],
                            "noticeDue": [],
                            "heldDate": [],
                            "abstractDue": [],
                            "finalDue": [],
                            "location": [],
                            "category": [
                                "机器学习"
                            ],
                            "ccf": [
                                "C类"
                            ],
                            "website": [],
                            "bestPaper": [],
                            "confRelated": [],
                            "journalRelated": []
                        }
                    },
                    "Paper": {
                        "semi": {
                            "doi": [],
                            "title": [],
                            "author": [],
                            "venue": [],
                            "year": [],
                            "institution": [],
                            "abstract": [],
                            "pdf": [],
                            "blog": []
                        },
                        "download": {
                            "path": []
                        }
                    },
                    "Journal": {
                        "semi": {
                            "name": [],
                            "ISSN": [],
                            "E_ISSN": [],
                            "IF": [],
                            "h_index": [],
                            "self_citing": [],
                            "ccf": [],
                            "sci": [],
                            "website": [],
                            "submit": [],
                            "OA": [],
                            "category": [],
                            "speed": [],
                            "rate": []
                        }
                    },
                    "Author": {
                        "semi": {
                            "name": [],
                            "field": [],
                            "affiliation": [],
                            "position": [],
                            "citations": [],
                            "h_index": [],
                            "pubs": []
                        }
                    },
                    "Institution": {
                        "semi": {
                            "name": [],
                            "address": [],
                            "website": []
                        }
                    }
                },
                "dialog_act": {
                    "Conference-Recommend": [
                        [
                            "Choice",
                            "1"
                        ],
                        [
                            "acronym",
                            "PAKDD"
                        ]
                    ]
                },
                "span_info": [
                    [
                        "Conference-Recommend",
                        "acronym",
                        "PAKDD",
                        15,
                        19
                    ]
                ]
            },
            {
                "text": "PAKDD2022不应该是B类以下会议吧",
                "metadata": {},
                "dialog_act": {
                    "Conference-Doubt": [
                        [
                            "acronym",
                            "PAKDD"
                        ],
                        [
                            "ccf",
                            "B类以下"
                        ]
                    ]
                },
                "span_info": [
                    [
                        "Conference-Doubt",
                        "acronym",
                        "PAKDD",
                        0,
                        4
                    ],
                    [
                        "Conference-Doubt",
                        "ccf",
                        "B类以下",
                        13,
                        16
                    ]
                ]
            },
            {
                "text": "嗯嗯，共找到1个符合条件的会议，它就是PAKDD",
                "metadata": {
                    "Conference": {
                        "semi": {
                            "acronym": [
                                "PAKDD"
                            ],
                            "year": [],
                            "fullName": [],
                            "paperDue": [
                                "从11月25号到12月24号"
                            ],
                            "noticeDue": [],
                            "heldDate": [],
                            "abstractDue": [],
                            "finalDue": [],
                            "location": [],
                            "category": [
                                "机器学习"
                            ],
                            "ccf": [
                                "C类"
                            ],
                            "website": [],
                            "bestPaper": [],
                            "confRelated": [],
                            "journalRelated": []
                        }
                    },
                    "Paper": {
                        "semi": {
                            "doi": [],
                            "title": [],
                            "author": [],
                            "venue": [],
                            "year": [],
                            "institution": [],
                            "abstract": [],
                            "pdf": [],
                            "blog": []
                        },
                        "download": {
                            "path": []
                        }
                    },
                    "Journal": {
                        "semi": {
                            "name": [],
                            "ISSN": [],
                            "E_ISSN": [],
                            "IF": [],
                            "h_index": [],
                            "self_citing": [],
                            "ccf": [],
                            "sci": [],
                            "website": [],
                            "submit": [],
                            "OA": [],
                            "category": [],
                            "speed": [],
                            "rate": []
                        }
                    },
                    "Author": {
                        "semi": {
                            "name": [],
                            "field": [],
                            "affiliation": [],
                            "position": [],
                            "citations": [],
                            "h_index": [],
                            "pubs": []
                        }
                    },
                    "Institution": {
                        "semi": {
                            "name": [],
                            "address": [],
                            "website": []
                        }
                    }
                },
                "dialog_act": {
                    "General-Positive": [
                        [
                            null,
                            null
                        ]
                    ],
                    "Conference-Recommend": [
                        [
                            "Choice",
                            "1"
                        ],
                        [
                            "acronym",
                            "PAKDD"
                        ]
                    ]
                },
                "span_info": [
                    [
                        "Conference-Recommend",
                        "acronym",
                        "PAKDD",
                        19,
                        23
                    ]
                ]
            },
            {
                "text": "告诉我PAKDD2008的通知日期是什么",
                "metadata": {},
                "dialog_act": {
                    "Conference-Inform": [
                        [
                            "acronym",
                            "PAKDD"
                        ],
                        [
                            "year",
                            "2008"
                        ]
                    ],
                    "Conference-Request": [
                        [
                            "noticeDue",
                            "?"
                        ]
                    ]
                },
                "span_info": [
                    [
                        "Conference-Inform",
                        "acronym",
                        "PAKDD",
                        3,
                        7
                    ],
                    [
                        "Conference-Inform",
                        "year",
                        "2008",
                        8,
                        11
                    ]
                ]
            },
            {
                "text": "目前数据库中没有找到PAKDD2008的通知时间，之后我们会不断完善数据，感谢您的理解",
                "metadata": {
                    "Conference": {
                        "semi": {
                            "acronym": [
                                "PAKDD"
                            ],
                            "year": [
                                "2008"
                            ],
                            "fullName": [],
                            "paperDue": [
                                "从11月25号到12月24号"
                            ],
                            "noticeDue": [],
                            "heldDate": [],
                            "abstractDue": [],
                            "finalDue": [],
                            "location": [],
                            "category": [
                                "机器学习"
                            ],
                            "ccf": [
                                "C类"
                            ],
                            "website": [],
                            "bestPaper": [],
                            "confRelated": [],
                            "journalRelated": []
                        }
                    },
                    "Paper": {
                        "semi": {
                            "doi": [],
                            "title": [],
                            "author": [],
                            "venue": [],
                            "year": [],
                            "institution": [],
                            "abstract": [],
                            "pdf": [],
                            "blog": []
                        },
                        "download": {
                            "path": []
                        }
                    },
                    "Journal": {
                        "semi": {
                            "name": [],
                            "ISSN": [],
                            "E_ISSN": [],
                            "IF": [],
                            "h_index": [],
                            "self_citing": [],
                            "ccf": [],
                            "sci": [],
                            "website": [],
                            "submit": [],
                            "OA": [],
                            "category": [],
                            "speed": [],
                            "rate": []
                        }
                    },
                    "Author": {
                        "semi": {
                            "name": [],
                            "field": [],
                            "affiliation": [],
                            "position": [],
                            "citations": [],
                            "h_index": [],
                            "pubs": []
                        }
                    },
                    "Institution": {
                        "semi": {
                            "name": [],
                            "address": [],
                            "website": []
                        }
                    }
                },
                "dialog_act": {
                    "Conference-Inform": [
                        [
                            "acronym",
                            "PAKDD"
                        ],
                        [
                            "year",
                            "2008"
                        ]
                    ],
                    "Conference-NoInform": [
                        [
                            "noticeDue",
                            null
                        ]
                    ]
                },
                "span_info": [
                    [
                        "Conference-Inform",
                        "acronym",
                        "PAKDD",
                        10,
                        14
                    ],
                    [
                        "Conference-Inform",
                        "year",
                        "2008",
                        15,
                        18
                    ]
                ]
            },
            {
                "text": "点击进入PAKDD2008的官网，我看看它的一些内容",
                "metadata": {},
                "dialog_act": {
                    "Conference-Browse": [
                        [
                            "acronym",
                            "PAKDD"
                        ],
                        [
                            "year",
                            "2008"
                        ]
                    ]
                },
                "span_info": [
                    [
                        "Conference-Browse",
                        "acronym",
                        "PAKDD",
                        4,
                        8
                    ],
                    [
                        "Conference-Browse",
                        "year",
                        "2008",
                        9,
                        12
                    ]
                ]
            },
            {
                "text": "接下来我们将为你打开PAKDD2008的官网",
                "metadata": {
                    "Conference": {
                        "semi": {
                            "acronym": [
                                "PAKDD"
                            ],
                            "year": [
                                "2008"
                            ],
                            "fullName": [],
                            "paperDue": [
                                "从11月25号到12月24号"
                            ],
                            "noticeDue": [],
                            "heldDate": [],
                            "abstractDue": [],
                            "finalDue": [],
                            "location": [],
                            "category": [
                                "机器学习"
                            ],
                            "ccf": [
                                "C类"
                            ],
                            "website": [],
                            "bestPaper": [],
                            "confRelated": [],
                            "journalRelated": []
                        }
                    },
                    "Paper": {
                        "semi": {
                            "doi": [],
                            "title": [],
                            "author": [],
                            "venue": [],
                            "year": [],
                            "institution": [],
                            "abstract": [],
                            "pdf": [],
                            "blog": []
                        },
                        "download": {
                            "path": []
                        }
                    },
                    "Journal": {
                        "semi": {
                            "name": [],
                            "ISSN": [],
                            "E_ISSN": [],
                            "IF": [],
                            "h_index": [],
                            "self_citing": [],
                            "ccf": [],
                            "sci": [],
                            "website": [],
                            "submit": [],
                            "OA": [],
                            "category": [],
                            "speed": [],
                            "rate": []
                        }
                    },
                    "Author": {
                        "semi": {
                            "name": [],
                            "field": [],
                            "affiliation": [],
                            "position": [],
                            "citations": [],
                            "h_index": [],
                            "pubs": []
                        }
                    },
                    "Institution": {
                        "semi": {
                            "name": [],
                            "address": [],
                            "website": []
                        }
                    }
                },
                "dialog_act": {
                    "Conference-Browse": [
                        [
                            "acronym",
                            "PAKDD"
                        ],
                        [
                            "year",
                            "2008"
                        ]
                    ]
                },
                "span_info": [
                    [
                        "Conference-Browse",
                        "acronym",
                        "PAKDD",
                        10,
                        14
                    ],
                    [
                        "Conference-Browse",
                        "year",
                        "2008",
                        15,
                        18
                    ]
                ]
            }
        ]
    }
}