{
    "SFFT_045697": {
        "goal": {
            "Conference": {
                "semi": {
                    "acronym": [
                        "NFM"
                    ],
                    "year": [
                        "2013"
                    ],
                    "fullName": [],
                    "paperDue": [
                        "从12月10号到28号"
                    ],
                    "noticeDue": [],
                    "heldDate": [],
                    "abstractDue": [],
                    "finalDue": [
                        "2013-03-15"
                    ],
                    "location": [
                        "美国"
                    ],
                    "category": [
                        "数据科学（dsc）"
                    ],
                    "ccf": [],
                    "website": [
                        "http://ti.arc.nasa.gov/events/nfm-2013/"
                    ],
                    "bestPaper": [],
                    "confRelated": [],
                    "journalRelated": []
                }
            },
            "Paper": {
                "semi": {
                    "doi": [],
                    "title": [],
                    "author": [],
                    "venue": [],
                    "year": [],
                    "institution": [],
                    "abstract": [],
                    "pdf": [],
                    "blog": []
                },
                "download": {
                    "path": []
                }
            },
            "Journal": {
                "semi": {
                    "name": [],
                    "ISSN": [],
                    "E_ISSN": [],
                    "IF": [],
                    "h_index": [],
                    "self_citing": [],
                    "ccf": [],
                    "sci": [],
                    "website": [],
                    "submit": [],
                    "OA": [],
                    "category": [],
                    "speed": [],
                    "rate": []
                }
            },
            "Author": {
                "semi": {
                    "name": [],
                    "field": [],
                    "affiliation": [],
                    "position": [],
                    "citations": [],
                    "h_index": [],
                    "pubs": []
                }
            },
            "Institution": {
                "semi": {
                    "name": [],
                    "address": [],
                    "website": []
                }
            },
            "description": [
                "Given paperDue; Recommend Conference",
                "Add location; Recommend Conference",
                "Doubt to system response",
                "Request detail of finalDue",
                "Request detail of website",
                "Request detail of bestPaper",
                "Request detail of ccf",
                "Confirm detail of category",
                "Browse the website of Conference"
            ]
        },
        "log": [
            {
                "text": "哪些会议从12月10号到28号截稿了",
                "metadata": {},
                "dialog_act": {
                    "Conference-Inform": [
                        [
                            "paperDue",
                            "从12月10号到28号"
                        ]
                    ]
                },
                "span_info": [
                    [
                        "Conference-Inform",
                        "paperDue",
                        "从12月10号到28号",
                        4,
                        14
                    ]
                ]
            },
            {
                "text": "共有50个满足条件的会议，您还有什么其他的要求嘛",
                "metadata": {
                    "Conference": {
                        "semi": {
                            "acronym": [],
                            "year": [],
                            "fullName": [],
                            "paperDue": [
                                "从12月10号到28号"
                            ],
                            "noticeDue": [],
                            "heldDate": [],
                            "abstractDue": [],
                            "finalDue": [],
                            "location": [],
                            "category": [],
                            "ccf": [],
                            "website": [],
                            "bestPaper": [],
                            "confRelated": [],
                            "journalRelated": []
                        }
                    },
                    "Paper": {
                        "semi": {
                            "doi": [],
                            "title": [],
                            "author": [],
                            "venue": [],
                            "year": [],
                            "institution": [],
                            "abstract": [],
                            "pdf": [],
                            "blog": []
                        },
                        "download": {
                            "path": []
                        }
                    },
                    "Journal": {
                        "semi": {
                            "name": [],
                            "ISSN": [],
                            "E_ISSN": [],
                            "IF": [],
                            "h_index": [],
                            "self_citing": [],
                            "ccf": [],
                            "sci": [],
                            "website": [],
                            "submit": [],
                            "OA": [],
                            "category": [],
                            "speed": [],
                            "rate": []
                        }
                    },
                    "Author": {
                        "semi": {
                            "name": [],
                            "field": [],
                            "affiliation": [],
                            "position": [],
                            "citations": [],
                            "h_index": [],
                            "pubs": []
                        }
                    },
                    "Institution": {
                        "semi": {
                            "name": [],
                            "address": [],
                            "website": []
                        }
                    }
                },
                "dialog_act": {
                    "Conference-Recommend": [
                        [
                            "Choice",
                            "14"
                        ]
                    ],
                    "Conference-Reqmore": [
                        [
                            "?",
                            "?"
                        ]
                    ]
                },
                "span_info": []
            },
            {
                "text": "那在美国有哪些要举办的会议呢",
                "metadata": {},
                "dialog_act": {
                    "Conference-Inform": [
                        [
                            "location",
                            "美国"
                        ]
                    ]
                },
                "span_info": [
                    [
                        "Conference-Add",
                        "location",
                        "美国",
                        2,
                        3
                    ]
                ]
            },
            {
                "text": "共找到1个符合条件的会议，它就是NFM",
                "metadata": {
                    "Conference": {
                        "semi": {
                            "acronym": [],
                            "year": [],
                            "fullName": [],
                            "paperDue": [
                                "从12月10号到28号"
                            ],
                            "noticeDue": [],
                            "heldDate": [],
                            "abstractDue": [],
                            "finalDue": [],
                            "location": [
                                "美国"
                            ],
                            "category": [],
                            "ccf": [],
                            "website": [],
                            "bestPaper": [],
                            "confRelated": [],
                            "journalRelated": []
                        }
                    },
                    "Paper": {
                        "semi": {
                            "doi": [],
                            "title": [],
                            "author": [],
                            "venue": [],
                            "year": [],
                            "institution": [],
                            "abstract": [],
                            "pdf": [],
                            "blog": []
                        },
                        "download": {
                            "path": []
                        }
                    },
                    "Journal": {
                        "semi": {
                            "name": [],
                            "ISSN": [],
                            "E_ISSN": [],
                            "IF": [],
                            "h_index": [],
                            "self_citing": [],
                            "ccf": [],
                            "sci": [],
                            "website": [],
                            "submit": [],
                            "OA": [],
                            "category": [],
                            "speed": [],
                            "rate": []
                        }
                    },
                    "Author": {
                        "semi": {
                            "name": [],
                            "field": [],
                            "affiliation": [],
                            "position": [],
                            "citations": [],
                            "h_index": [],
                            "pubs": []
                        }
                    },
                    "Institution": {
                        "semi": {
                            "name": [],
                            "address": [],
                            "website": []
                        }
                    }
                },
                "dialog_act": {
                    "Conference-Recommend": [
                        [
                            "Choice",
                            "1"
                        ],
                        [
                            "acronym",
                            "NFM"
                        ]
                    ]
                },
                "span_info": [
                    [
                        "Conference-Recommend",
                        "acronym",
                        "NFM",
                        16,
                        18
                    ]
                ]
            },
            {
                "text": "这个数据有误吧",
                "metadata": {},
                "dialog_act": {
                    "General-Doubt": [
                        [
                            null,
                            null
                        ]
                    ]
                },
                "span_info": []
            },
            {
                "text": "你理解不错",
                "metadata": {
                    "Conference": {
                        "semi": {
                            "acronym": [
                                "NFM"
                            ],
                            "year": [],
                            "fullName": [],
                            "paperDue": [
                                "从12月10号到28号"
                            ],
                            "noticeDue": [],
                            "heldDate": [],
                            "abstractDue": [],
                            "finalDue": [],
                            "location": [
                                "美国"
                            ],
                            "category": [],
                            "ccf": [],
                            "website": [],
                            "bestPaper": [],
                            "confRelated": [],
                            "journalRelated": []
                        }
                    },
                    "Paper": {
                        "semi": {
                            "doi": [],
                            "title": [],
                            "author": [],
                            "venue": [],
                            "year": [],
                            "institution": [],
                            "abstract": [],
                            "pdf": [],
                            "blog": []
                        },
                        "download": {
                            "path": []
                        }
                    },
                    "Journal": {
                        "semi": {
                            "name": [],
                            "ISSN": [],
                            "E_ISSN": [],
                            "IF": [],
                            "h_index": [],
                            "self_citing": [],
                            "ccf": [],
                            "sci": [],
                            "website": [],
                            "submit": [],
                            "OA": [],
                            "category": [],
                            "speed": [],
                            "rate": []
                        }
                    },
                    "Author": {
                        "semi": {
                            "name": [],
                            "field": [],
                            "affiliation": [],
                            "position": [],
                            "citations": [],
                            "h_index": [],
                            "pubs": []
                        }
                    },
                    "Institution": {
                        "semi": {
                            "name": [],
                            "address": [],
                            "website": []
                        }
                    }
                },
                "dialog_act": {
                    "General-Negative": [
                        [
                            null,
                            null
                        ]
                    ]
                },
                "span_info": []
            },
            {
                "text": "告诉我NFM2013的截止提交最终版论文日期是什么",
                "metadata": {},
                "dialog_act": {
                    "Conference-Inform": [
                        [
                            "acronym",
                            "NFM"
                        ],
                        [
                            "year",
                            "2013"
                        ]
                    ],
                    "Conference-Request": [
                        [
                            "finalDue",
                            "?"
                        ]
                    ]
                },
                "span_info": [
                    [
                        "Conference-Inform",
                        "acronym",
                        "NFM",
                        3,
                        5
                    ],
                    [
                        "Conference-Inform",
                        "year",
                        "2013",
                        6,
                        9
                    ]
                ]
            },
            {
                "text": "NFM2013的最终版截稿时间是2013-03-15",
                "metadata": {
                    "Conference": {
                        "semi": {
                            "acronym": [
                                "NFM"
                            ],
                            "year": [
                                "2013"
                            ],
                            "fullName": [],
                            "paperDue": [
                                "从12月10号到28号"
                            ],
                            "noticeDue": [],
                            "heldDate": [],
                            "abstractDue": [],
                            "finalDue": [],
                            "location": [
                                "美国"
                            ],
                            "category": [],
                            "ccf": [],
                            "website": [],
                            "bestPaper": [],
                            "confRelated": [],
                            "journalRelated": []
                        }
                    },
                    "Paper": {
                        "semi": {
                            "doi": [],
                            "title": [],
                            "author": [],
                            "venue": [],
                            "year": [],
                            "institution": [],
                            "abstract": [],
                            "pdf": [],
                            "blog": []
                        },
                        "download": {
                            "path": []
                        }
                    },
                    "Journal": {
                        "semi": {
                            "name": [],
                            "ISSN": [],
                            "E_ISSN": [],
                            "IF": [],
                            "h_index": [],
                            "self_citing": [],
                            "ccf": [],
                            "sci": [],
                            "website": [],
                            "submit": [],
                            "OA": [],
                            "category": [],
                            "speed": [],
                            "rate": []
                        }
                    },
                    "Author": {
                        "semi": {
                            "name": [],
                            "field": [],
                            "affiliation": [],
                            "position": [],
                            "citations": [],
                            "h_index": [],
                            "pubs": []
                        }
                    },
                    "Institution": {
                        "semi": {
                            "name": [],
                            "address": [],
                            "website": []
                        }
                    }
                },
                "dialog_act": {
                    "Conference-Inform": [
                        [
                            "acronym",
                            "NFM"
                        ],
                        [
                            "year",
                            "2013"
                        ],
                        [
                            "finalDue",
                            "2013-03-15"
                        ]
                    ]
                },
                "span_info": [
                    [
                        "Conference-Inform",
                        "acronym",
                        "NFM",
                        0,
                        2
                    ],
                    [
                        "Conference-Inform",
                        "year",
                        "2013",
                        3,
                        6
                    ],
                    [
                        "Conference-Inform",
                        "finalDue",
                        "2013-03-15",
                        16,
                        25
                    ]
                ]
            },
            {
                "text": "你知道NFM2013会议的官网链接去哪找",
                "metadata": {},
                "dialog_act": {
                    "Conference-Inform": [
                        [
                            "acronym",
                            "NFM"
                        ],
                        [
                            "year",
                            "2013"
                        ]
                    ],
                    "Conference-Request": [
                        [
                            "website",
                            "?"
                        ]
                    ]
                },
                "span_info": [
                    [
                        "Conference-Inform",
                        "acronym",
                        "NFM",
                        3,
                        5
                    ],
                    [
                        "Conference-Inform",
                        "year",
                        "2013",
                        6,
                        9
                    ]
                ]
            },
            {
                "text": "NFM2013的官网是http://ti.arc.nasa.gov/events/nfm-2013/",
                "metadata": {
                    "Conference": {
                        "semi": {
                            "acronym": [
                                "NFM"
                            ],
                            "year": [
                                "2013"
                            ],
                            "fullName": [],
                            "paperDue": [
                                "从12月10号到28号"
                            ],
                            "noticeDue": [],
                            "heldDate": [],
                            "abstractDue": [],
                            "finalDue": [
                                "2013-03-15"
                            ],
                            "location": [
                                "美国"
                            ],
                            "category": [],
                            "ccf": [],
                            "website": [],
                            "bestPaper": [],
                            "confRelated": [],
                            "journalRelated": []
                        }
                    },
                    "Paper": {
                        "semi": {
                            "doi": [],
                            "title": [],
                            "author": [],
                            "venue": [],
                            "year": [],
                            "institution": [],
                            "abstract": [],
                            "pdf": [],
                            "blog": []
                        },
                        "download": {
                            "path": []
                        }
                    },
                    "Journal": {
                        "semi": {
                            "name": [],
                            "ISSN": [],
                            "E_ISSN": [],
                            "IF": [],
                            "h_index": [],
                            "self_citing": [],
                            "ccf": [],
                            "sci": [],
                            "website": [],
                            "submit": [],
                            "OA": [],
                            "category": [],
                            "speed": [],
                            "rate": []
                        }
                    },
                    "Author": {
                        "semi": {
                            "name": [],
                            "field": [],
                            "affiliation": [],
                            "position": [],
                            "citations": [],
                            "h_index": [],
                            "pubs": []
                        }
                    },
                    "Institution": {
                        "semi": {
                            "name": [],
                            "address": [],
                            "website": []
                        }
                    }
                },
                "dialog_act": {
                    "Conference-Inform": [
                        [
                            "acronym",
                            "NFM"
                        ],
                        [
                            "year",
                            "2013"
                        ],
                        [
                            "website",
                            "http://ti.arc.nasa.gov/events/nfm-2013/"
                        ]
                    ]
                },
                "span_info": [
                    [
                        "Conference-Inform",
                        "acronym",
                        "NFM",
                        0,
                        2
                    ],
                    [
                        "Conference-Inform",
                        "year",
                        "2013",
                        3,
                        6
                    ],
                    [
                        "Conference-Inform",
                        "website",
                        "http://ti.arc.nasa.gov/events/nfm-2013/",
                        11,
                        49
                    ]
                ]
            },
            {
                "text": "NFM的最佳论文有哪些",
                "metadata": {},
                "dialog_act": {
                    "Conference-Inform": [
                        [
                            "acronym",
                            "NFM"
                        ]
                    ],
                    "Conference-Request": [
                        [
                            "bestPaper",
                            "?"
                        ]
                    ]
                },
                "span_info": [
                    [
                        "Conference-Inform",
                        "acronym",
                        "NFM",
                        0,
                        2
                    ]
                ]
            },
            {
                "text": "目前数据库中没有找到NFM会议的最佳论文",
                "metadata": {
                    "Conference": {
                        "semi": {
                            "acronym": [
                                "NFM"
                            ],
                            "year": [
                                "2013"
                            ],
                            "fullName": [],
                            "paperDue": [
                                "从12月10号到28号"
                            ],
                            "noticeDue": [],
                            "heldDate": [],
                            "abstractDue": [],
                            "finalDue": [
                                "2013-03-15"
                            ],
                            "location": [
                                "美国"
                            ],
                            "category": [],
                            "ccf": [],
                            "website": [
                                "http://ti.arc.nasa.gov/events/nfm-2013/"
                            ],
                            "bestPaper": [],
                            "confRelated": [],
                            "journalRelated": []
                        }
                    },
                    "Paper": {
                        "semi": {
                            "doi": [],
                            "title": [],
                            "author": [],
                            "venue": [],
                            "year": [],
                            "institution": [],
                            "abstract": [],
                            "pdf": [],
                            "blog": []
                        },
                        "download": {
                            "path": []
                        }
                    },
                    "Journal": {
                        "semi": {
                            "name": [],
                            "ISSN": [],
                            "E_ISSN": [],
                            "IF": [],
                            "h_index": [],
                            "self_citing": [],
                            "ccf": [],
                            "sci": [],
                            "website": [],
                            "submit": [],
                            "OA": [],
                            "category": [],
                            "speed": [],
                            "rate": []
                        }
                    },
                    "Author": {
                        "semi": {
                            "name": [],
                            "field": [],
                            "affiliation": [],
                            "position": [],
                            "citations": [],
                            "h_index": [],
                            "pubs": []
                        }
                    },
                    "Institution": {
                        "semi": {
                            "name": [],
                            "address": [],
                            "website": []
                        }
                    }
                },
                "dialog_act": {
                    "Conference-Inform": [
                        [
                            "acronym",
                            "NFM"
                        ]
                    ],
                    "Conference-NoInform": [
                        [
                            "bestPaper",
                            null
                        ]
                    ]
                },
                "span_info": [
                    [
                        "Conference-Inform",
                        "acronym",
                        "NFM",
                        10,
                        12
                    ]
                ]
            },
            {
                "text": "介绍一下NFM会议的ccf级别是什么呢",
                "metadata": {},
                "dialog_act": {
                    "Conference-Inform": [
                        [
                            "acronym",
                            "NFM"
                        ]
                    ],
                    "Conference-Request": [
                        [
                            "ccf",
                            "?"
                        ]
                    ]
                },
                "span_info": [
                    [
                        "Conference-Inform",
                        "acronym",
                        "NFM",
                        4,
                        6
                    ]
                ]
            },
            {
                "text": "目前数据库中没有找到NFM会议的ccf级别，你想了解一下NFM会议的相关期刊嘛",
                "metadata": {
                    "Conference": {
                        "semi": {
                            "acronym": [
                                "NFM"
                            ],
                            "year": [
                                "2013"
                            ],
                            "fullName": [],
                            "paperDue": [
                                "从12月10号到28号"
                            ],
                            "noticeDue": [],
                            "heldDate": [],
                            "abstractDue": [],
                            "finalDue": [
                                "2013-03-15"
                            ],
                            "location": [
                                "美国"
                            ],
                            "category": [],
                            "ccf": [],
                            "website": [
                                "http://ti.arc.nasa.gov/events/nfm-2013/"
                            ],
                            "bestPaper": [],
                            "confRelated": [],
                            "journalRelated": []
                        }
                    },
                    "Paper": {
                        "semi": {
                            "doi": [],
                            "title": [],
                            "author": [],
                            "venue": [],
                            "year": [],
                            "institution": [],
                            "abstract": [],
                            "pdf": [],
                            "blog": []
                        },
                        "download": {
                            "path": []
                        }
                    },
                    "Journal": {
                        "semi": {
                            "name": [],
                            "ISSN": [],
                            "E_ISSN": [],
                            "IF": [],
                            "h_index": [],
                            "self_citing": [],
                            "ccf": [],
                            "sci": [],
                            "website": [],
                            "submit": [],
                            "OA": [],
                            "category": [],
                            "speed": [],
                            "rate": []
                        }
                    },
                    "Author": {
                        "semi": {
                            "name": [],
                            "field": [],
                            "affiliation": [],
                            "position": [],
                            "citations": [],
                            "h_index": [],
                            "pubs": []
                        }
                    },
                    "Institution": {
                        "semi": {
                            "name": [],
                            "address": [],
                            "website": []
                        }
                    }
                },
                "dialog_act": {
                    "Conference-Inform": [
                        [
                            "acronym",
                            "NFM"
                        ]
                    ],
                    "Conference-NoInform": [
                        [
                            "ccf",
                            null
                        ]
                    ],
                    "Conference-Recommend": [
                        [
                            "journalRelated",
                            "?"
                        ]
                    ]
                },
                "span_info": [
                    [
                        "Conference-Inform",
                        "acronym",
                        "NFM",
                        10,
                        12
                    ]
                ]
            },
            {
                "text": "你知道NFM2022是不是属于数据科学（dsc）领域呢",
                "metadata": {},
                "dialog_act": {
                    "Conference-Inform": [
                        [
                            "acronym",
                            "NFM"
                        ]
                    ],
                    "Conference-Confirm": [
                        [
                            "category",
                            "数据科学（dsc）"
                        ]
                    ]
                },
                "span_info": [
                    [
                        "Conference-Inform",
                        "acronym",
                        "NFM",
                        3,
                        5
                    ],
                    [
                        "Conference-Confirm",
                        "category",
                        "数据科学（dsc）",
                        15,
                        23
                    ]
                ]
            },
            {
                "text": "是的",
                "metadata": {
                    "Conference": {
                        "semi": {
                            "acronym": [
                                "NFM"
                            ],
                            "year": [
                                "2013"
                            ],
                            "fullName": [],
                            "paperDue": [
                                "从12月10号到28号"
                            ],
                            "noticeDue": [],
                            "heldDate": [],
                            "abstractDue": [],
                            "finalDue": [
                                "2013-03-15"
                            ],
                            "location": [
                                "美国"
                            ],
                            "category": [
                                "数据科学（dsc）"
                            ],
                            "ccf": [],
                            "website": [
                                "http://ti.arc.nasa.gov/events/nfm-2013/"
                            ],
                            "bestPaper": [],
                            "confRelated": [],
                            "journalRelated": []
                        }
                    },
                    "Paper": {
                        "semi": {
                            "doi": [],
                            "title": [],
                            "author": [],
                            "venue": [],
                            "year": [],
                            "institution": [],
                            "abstract": [],
                            "pdf": [],
                            "blog": []
                        },
                        "download": {
                            "path": []
                        }
                    },
                    "Journal": {
                        "semi": {
                            "name": [],
                            "ISSN": [],
                            "E_ISSN": [],
                            "IF": [],
                            "h_index": [],
                            "self_citing": [],
                            "ccf": [],
                            "sci": [],
                            "website": [],
                            "submit": [],
                            "OA": [],
                            "category": [],
                            "speed": [],
                            "rate": []
                        }
                    },
                    "Author": {
                        "semi": {
                            "name": [],
                            "field": [],
                            "affiliation": [],
                            "position": [],
                            "citations": [],
                            "h_index": [],
                            "pubs": []
                        }
                    },
                    "Institution": {
                        "semi": {
                            "name": [],
                            "address": [],
                            "website": []
                        }
                    }
                },
                "dialog_act": {
                    "General-Positive": [
                        [
                            null,
                            null
                        ]
                    ]
                },
                "span_info": []
            },
            {
                "text": "我想浏览NFM2013的官网，你能打开一下吗",
                "metadata": {},
                "dialog_act": {
                    "Conference-Browse": [
                        [
                            "acronym",
                            "NFM"
                        ],
                        [
                            "year",
                            "2013"
                        ]
                    ]
                },
                "span_info": [
                    [
                        "Conference-Browse",
                        "acronym",
                        "NFM",
                        4,
                        6
                    ],
                    [
                        "Conference-Browse",
                        "year",
                        "2013",
                        7,
                        10
                    ]
                ]
            },
            {
                "text": "我们将为你打开NFM2013的官网",
                "metadata": {
                    "Conference": {
                        "semi": {
                            "acronym": [
                                "NFM"
                            ],
                            "year": [
                                "2013"
                            ],
                            "fullName": [],
                            "paperDue": [
                                "从12月10号到28号"
                            ],
                            "noticeDue": [],
                            "heldDate": [],
                            "abstractDue": [],
                            "finalDue": [
                                "2013-03-15"
                            ],
                            "location": [
                                "美国"
                            ],
                            "category": [
                                "数据科学（dsc）"
                            ],
                            "ccf": [],
                            "website": [
                                "http://ti.arc.nasa.gov/events/nfm-2013/"
                            ],
                            "bestPaper": [],
                            "confRelated": [],
                            "journalRelated": []
                        }
                    },
                    "Paper": {
                        "semi": {
                            "doi": [],
                            "title": [],
                            "author": [],
                            "venue": [],
                            "year": [],
                            "institution": [],
                            "abstract": [],
                            "pdf": [],
                            "blog": []
                        },
                        "download": {
                            "path": []
                        }
                    },
                    "Journal": {
                        "semi": {
                            "name": [],
                            "ISSN": [],
                            "E_ISSN": [],
                            "IF": [],
                            "h_index": [],
                            "self_citing": [],
                            "ccf": [],
                            "sci": [],
                            "website": [],
                            "submit": [],
                            "OA": [],
                            "category": [],
                            "speed": [],
                            "rate": []
                        }
                    },
                    "Author": {
                        "semi": {
                            "name": [],
                            "field": [],
                            "affiliation": [],
                            "position": [],
                            "citations": [],
                            "h_index": [],
                            "pubs": []
                        }
                    },
                    "Institution": {
                        "semi": {
                            "name": [],
                            "address": [],
                            "website": []
                        }
                    }
                },
                "dialog_act": {
                    "Conference-Browse": [
                        [
                            "acronym",
                            "NFM"
                        ],
                        [
                            "year",
                            "2013"
                        ]
                    ]
                },
                "span_info": [
                    [
                        "Conference-Browse",
                        "acronym",
                        "NFM",
                        7,
                        9
                    ],
                    [
                        "Conference-Browse",
                        "year",
                        "2013",
                        10,
                        13
                    ]
                ]
            }
        ]
    }
}