{
    "SFFT_044857": {
        "goal": {
            "Conference": {
                "semi": {
                    "acronym": [],
                    "year": [],
                    "fullName": [],
                    "paperDue": [],
                    "noticeDue": [],
                    "heldDate": [],
                    "abstractDue": [],
                    "finalDue": [],
                    "location": [],
                    "category": [],
                    "ccf": [],
                    "website": [],
                    "bestPaper": [],
                    "confRelated": [],
                    "journalRelated": []
                }
            },
            "Paper": {
                "semi": {
                    "doi": [],
                    "title": [],
                    "author": [],
                    "venue": [],
                    "year": [],
                    "institution": [],
                    "abstract": [],
                    "pdf": [],
                    "blog": []
                },
                "download": {
                    "path": []
                }
            },
            "Journal": {
                "semi": {
                    "name": [
                        "Proc. IEEE"
                    ],
                    "ISSN": [
                        "0018-9219"
                    ],
                    "E_ISSN": [],
                    "IF": [
                        "IF影响因子大于7"
                    ],
                    "h_index": [
                        3
                    ],
                    "self_citing": [
                        0.016
                    ],
                    "ccf": [],
                    "sci": [
                        "1区"
                    ],
                    "website": [],
                    "submit": [],
                    "OA": [
                        "不可以"
                    ],
                    "category": [],
                    "speed": [],
                    "rate": []
                }
            },
            "Author": {
                "semi": {
                    "name": [],
                    "field": [],
                    "affiliation": [],
                    "position": [],
                    "citations": [],
                    "h_index": [],
                    "pubs": []
                }
            },
            "Institution": {
                "semi": {
                    "name": [],
                    "address": [],
                    "website": []
                }
            },
            "description": [
                "Given IF; Recommend Journal",
                "Doubt specific slot to system response",
                "Request detail of ISSN",
                "Confirm detail of sci",
                "Request detail of OA",
                "Confirm detail of h_index",
                "Confirm detail of self_citing",
                "Browse the website of Journal"
            ]
        },
        "log": [
            {
                "text": "推荐一些IF影响因子>10的期刊",
                "metadata": {},
                "dialog_act": {
                    "Journal-Inform": [
                        [
                            "IF",
                            "IF影响因子>10"
                        ]
                    ]
                },
                "span_info": [
                    [
                        "Journal-Inform",
                        "IF",
                        "IF影响因子>10",
                        4,
                        12
                    ]
                ]
            },
            {
                "text": "只有1个满足条件的期刊，它就是Proc. IEEE",
                "metadata": {
                    "Conference": {
                        "semi": {
                            "acronym": [],
                            "year": [],
                            "fullName": [],
                            "paperDue": [],
                            "noticeDue": [],
                            "heldDate": [],
                            "abstractDue": [],
                            "finalDue": [],
                            "location": [],
                            "category": [],
                            "ccf": [],
                            "website": [],
                            "bestPaper": [],
                            "confRelated": [],
                            "journalRelated": []
                        }
                    },
                    "Paper": {
                        "semi": {
                            "doi": [],
                            "title": [],
                            "author": [],
                            "venue": [],
                            "year": [],
                            "institution": [],
                            "abstract": [],
                            "pdf": [],
                            "blog": []
                        },
                        "download": {
                            "path": []
                        }
                    },
                    "Journal": {
                        "semi": {
                            "name": [],
                            "ISSN": [],
                            "E_ISSN": [],
                            "IF": [
                                "IF影响因子大于7"
                            ],
                            "h_index": [],
                            "self_citing": [],
                            "ccf": [],
                            "sci": [],
                            "website": [],
                            "submit": [],
                            "OA": [],
                            "category": [],
                            "speed": [],
                            "rate": []
                        }
                    },
                    "Author": {
                        "semi": {
                            "name": [],
                            "field": [],
                            "affiliation": [],
                            "position": [],
                            "citations": [],
                            "h_index": [],
                            "pubs": []
                        }
                    },
                    "Institution": {
                        "semi": {
                            "name": [],
                            "address": [],
                            "website": []
                        }
                    }
                },
                "dialog_act": {
                    "Journal-Recommend": [
                        [
                            "Choice",
                            "1"
                        ],
                        [
                            "name",
                            "Proc. IEEE"
                        ]
                    ]
                },
                "span_info": [
                    [
                        "Journal-Recommend",
                        "name",
                        "Proc. IEEE",
                        15,
                        24
                    ]
                ]
            },
            {
                "text": "Proc. IEEE的IF指标应该不是最高的吧",
                "metadata": {},
                "dialog_act": {
                    "Journal-Doubt": [
                        [
                            "name",
                            "Proc. IEEE"
                        ],
                        [
                            "IF",
                            "IF影响因子>10"
                        ]
                    ]
                },
                "span_info": [
                    [
                        "Journal-Doubt",
                        "name",
                        "Proc. IEEE",
                        0,
                        9
                    ],
                    [
                        "Journal-Doubt",
                        "IF",
                        "IF影响因子>10",
                        -1,
                        7
                    ]
                ]
            },
            {
                "text": "对的，只有1个满足条件的期刊，它就是Proc. IEEE",
                "metadata": {
                    "Conference": {
                        "semi": {
                            "acronym": [],
                            "year": [],
                            "fullName": [],
                            "paperDue": [],
                            "noticeDue": [],
                            "heldDate": [],
                            "abstractDue": [],
                            "finalDue": [],
                            "location": [],
                            "category": [],
                            "ccf": [],
                            "website": [],
                            "bestPaper": [],
                            "confRelated": [],
                            "journalRelated": []
                        }
                    },
                    "Paper": {
                        "semi": {
                            "doi": [],
                            "title": [],
                            "author": [],
                            "venue": [],
                            "year": [],
                            "institution": [],
                            "abstract": [],
                            "pdf": [],
                            "blog": []
                        },
                        "download": {
                            "path": []
                        }
                    },
                    "Journal": {
                        "semi": {
                            "name": [
                                "Proc. IEEE"
                            ],
                            "ISSN": [],
                            "E_ISSN": [],
                            "IF": [
                                "IF影响因子大于7"
                            ],
                            "h_index": [],
                            "self_citing": [],
                            "ccf": [],
                            "sci": [],
                            "website": [],
                            "submit": [],
                            "OA": [],
                            "category": [],
                            "speed": [],
                            "rate": []
                        }
                    },
                    "Author": {
                        "semi": {
                            "name": [],
                            "field": [],
                            "affiliation": [],
                            "position": [],
                            "citations": [],
                            "h_index": [],
                            "pubs": []
                        }
                    },
                    "Institution": {
                        "semi": {
                            "name": [],
                            "address": [],
                            "website": []
                        }
                    }
                },
                "dialog_act": {
                    "General-Positive": [
                        [
                            null,
                            null
                        ]
                    ],
                    "Journal-Recommend": [
                        [
                            "Choice",
                            "1"
                        ],
                        [
                            "name",
                            "Proc. IEEE"
                        ]
                    ]
                },
                "span_info": [
                    [
                        "Journal-Recommend",
                        "name",
                        "Proc. IEEE",
                        18,
                        27
                    ]
                ]
            },
            {
                "text": "Proc. IEEE的ISSN是什么呢",
                "metadata": {},
                "dialog_act": {
                    "Journal-Inform": [
                        [
                            "name",
                            "Proc. IEEE"
                        ]
                    ],
                    "Journal-Request": [
                        [
                            "ISSN",
                            "?"
                        ]
                    ]
                },
                "span_info": [
                    [
                        "Journal-Inform",
                        "name",
                        "Proc. IEEE",
                        0,
                        9
                    ]
                ]
            },
            {
                "text": "Proc. IEEE期刊的ISSN是0018-9219",
                "metadata": {
                    "Conference": {
                        "semi": {
                            "acronym": [],
                            "year": [],
                            "fullName": [],
                            "paperDue": [],
                            "noticeDue": [],
                            "heldDate": [],
                            "abstractDue": [],
                            "finalDue": [],
                            "location": [],
                            "category": [],
                            "ccf": [],
                            "website": [],
                            "bestPaper": [],
                            "confRelated": [],
                            "journalRelated": []
                        }
                    },
                    "Paper": {
                        "semi": {
                            "doi": [],
                            "title": [],
                            "author": [],
                            "venue": [],
                            "year": [],
                            "institution": [],
                            "abstract": [],
                            "pdf": [],
                            "blog": []
                        },
                        "download": {
                            "path": []
                        }
                    },
                    "Journal": {
                        "semi": {
                            "name": [
                                "Proc. IEEE"
                            ],
                            "ISSN": [],
                            "E_ISSN": [],
                            "IF": [
                                "IF影响因子大于7"
                            ],
                            "h_index": [],
                            "self_citing": [],
                            "ccf": [],
                            "sci": [],
                            "website": [],
                            "submit": [],
                            "OA": [],
                            "category": [],
                            "speed": [],
                            "rate": []
                        }
                    },
                    "Author": {
                        "semi": {
                            "name": [],
                            "field": [],
                            "affiliation": [],
                            "position": [],
                            "citations": [],
                            "h_index": [],
                            "pubs": []
                        }
                    },
                    "Institution": {
                        "semi": {
                            "name": [],
                            "address": [],
                            "website": []
                        }
                    }
                },
                "dialog_act": {
                    "Journal-Inform": [
                        [
                            "name",
                            "Proc. IEEE"
                        ],
                        [
                            "ISSN",
                            "0018-9219"
                        ]
                    ]
                },
                "span_info": [
                    [
                        "Journal-Inform",
                        "name",
                        "Proc. IEEE",
                        0,
                        9
                    ],
                    [
                        "Journal-Inform",
                        "ISSN",
                        "0018-9219",
                        18,
                        26
                    ]
                ]
            },
            {
                "text": "问一下Proc. IEEE是1区期刊的嘛",
                "metadata": {},
                "dialog_act": {
                    "Journal-Inform": [
                        [
                            "name",
                            "Proc. IEEE"
                        ]
                    ],
                    "Journal-Confirm": [
                        [
                            "sci",
                            "1区"
                        ]
                    ]
                },
                "span_info": [
                    [
                        "Journal-Inform",
                        "name",
                        "Proc. IEEE",
                        3,
                        12
                    ],
                    [
                        "Journal-Confirm",
                        "sci",
                        "1区",
                        14,
                        15
                    ]
                ]
            },
            {
                "text": "你理解的没错",
                "metadata": {
                    "Conference": {
                        "semi": {
                            "acronym": [],
                            "year": [],
                            "fullName": [],
                            "paperDue": [],
                            "noticeDue": [],
                            "heldDate": [],
                            "abstractDue": [],
                            "finalDue": [],
                            "location": [],
                            "category": [],
                            "ccf": [],
                            "website": [],
                            "bestPaper": [],
                            "confRelated": [],
                            "journalRelated": []
                        }
                    },
                    "Paper": {
                        "semi": {
                            "doi": [],
                            "title": [],
                            "author": [],
                            "venue": [],
                            "year": [],
                            "institution": [],
                            "abstract": [],
                            "pdf": [],
                            "blog": []
                        },
                        "download": {
                            "path": []
                        }
                    },
                    "Journal": {
                        "semi": {
                            "name": [
                                "Proc. IEEE"
                            ],
                            "ISSN": [
                                "0018-9219"
                            ],
                            "E_ISSN": [],
                            "IF": [
                                "IF影响因子大于7"
                            ],
                            "h_index": [],
                            "self_citing": [],
                            "ccf": [],
                            "sci": [
                                "1区"
                            ],
                            "website": [],
                            "submit": [],
                            "OA": [],
                            "category": [],
                            "speed": [],
                            "rate": []
                        }
                    },
                    "Author": {
                        "semi": {
                            "name": [],
                            "field": [],
                            "affiliation": [],
                            "position": [],
                            "citations": [],
                            "h_index": [],
                            "pubs": []
                        }
                    },
                    "Institution": {
                        "semi": {
                            "name": [],
                            "address": [],
                            "website": []
                        }
                    }
                },
                "dialog_act": {
                    "General-Positive": [
                        [
                            null,
                            null
                        ]
                    ]
                },
                "span_info": []
            },
            {
                "text": "你知道Proc. IEEE是否开放访问呢",
                "metadata": {},
                "dialog_act": {
                    "Journal-Inform": [
                        [
                            "name",
                            "Proc. IEEE"
                        ]
                    ],
                    "Journal-Request": [
                        [
                            "OA",
                            true
                        ]
                    ]
                },
                "span_info": [
                    [
                        "Journal-Inform",
                        "name",
                        "Proc. IEEE",
                        3,
                        12
                    ]
                ]
            },
            {
                "text": "Proc. IEEE期刊XXX开放访问",
                "metadata": {
                    "Conference": {
                        "semi": {
                            "acronym": [],
                            "year": [],
                            "fullName": [],
                            "paperDue": [],
                            "noticeDue": [],
                            "heldDate": [],
                            "abstractDue": [],
                            "finalDue": [],
                            "location": [],
                            "category": [],
                            "ccf": [],
                            "website": [],
                            "bestPaper": [],
                            "confRelated": [],
                            "journalRelated": []
                        }
                    },
                    "Paper": {
                        "semi": {
                            "doi": [],
                            "title": [],
                            "author": [],
                            "venue": [],
                            "year": [],
                            "institution": [],
                            "abstract": [],
                            "pdf": [],
                            "blog": []
                        },
                        "download": {
                            "path": []
                        }
                    },
                    "Journal": {
                        "semi": {
                            "name": [
                                "Proc. IEEE"
                            ],
                            "ISSN": [
                                "0018-9219"
                            ],
                            "E_ISSN": [],
                            "IF": [
                                "IF影响因子大于7"
                            ],
                            "h_index": [],
                            "self_citing": [],
                            "ccf": [],
                            "sci": [
                                "1区"
                            ],
                            "website": [],
                            "submit": [],
                            "OA": [],
                            "category": [],
                            "speed": [],
                            "rate": []
                        }
                    },
                    "Author": {
                        "semi": {
                            "name": [],
                            "field": [],
                            "affiliation": [],
                            "position": [],
                            "citations": [],
                            "h_index": [],
                            "pubs": []
                        }
                    },
                    "Institution": {
                        "semi": {
                            "name": [],
                            "address": [],
                            "website": []
                        }
                    }
                },
                "dialog_act": {
                    "Journal-Inform": [
                        [
                            "name",
                            "Proc. IEEE"
                        ],
                        [
                            "OA",
                            false
                        ]
                    ]
                },
                "span_info": [
                    [
                        "Journal-Inform",
                        "name",
                        "Proc. IEEE",
                        0,
                        9
                    ]
                ]
            },
            {
                "text": "Proc. IEEE是不是h5最高的期刊呢",
                "metadata": {},
                "dialog_act": {
                    "Journal-Inform": [
                        [
                            "name",
                            "Proc. IEEE"
                        ]
                    ],
                    "Journal-Confirm": [
                        [
                            "h_index",
                            3
                        ]
                    ]
                },
                "span_info": [
                    [
                        "Journal-Inform",
                        "name",
                        "Proc. IEEE",
                        0,
                        9
                    ]
                ]
            },
            {
                "text": "嗯嗯是的呢",
                "metadata": {
                    "Conference": {
                        "semi": {
                            "acronym": [],
                            "year": [],
                            "fullName": [],
                            "paperDue": [],
                            "noticeDue": [],
                            "heldDate": [],
                            "abstractDue": [],
                            "finalDue": [],
                            "location": [],
                            "category": [],
                            "ccf": [],
                            "website": [],
                            "bestPaper": [],
                            "confRelated": [],
                            "journalRelated": []
                        }
                    },
                    "Paper": {
                        "semi": {
                            "doi": [],
                            "title": [],
                            "author": [],
                            "venue": [],
                            "year": [],
                            "institution": [],
                            "abstract": [],
                            "pdf": [],
                            "blog": []
                        },
                        "download": {
                            "path": []
                        }
                    },
                    "Journal": {
                        "semi": {
                            "name": [
                                "Proc. IEEE"
                            ],
                            "ISSN": [
                                "0018-9219"
                            ],
                            "E_ISSN": [],
                            "IF": [
                                "IF影响因子大于7"
                            ],
                            "h_index": [
                                3
                            ],
                            "self_citing": [],
                            "ccf": [],
                            "sci": [
                                "1区"
                            ],
                            "website": [],
                            "submit": [],
                            "OA": [
                                "不可以"
                            ],
                            "category": [],
                            "speed": [],
                            "rate": []
                        }
                    },
                    "Author": {
                        "semi": {
                            "name": [],
                            "field": [],
                            "affiliation": [],
                            "position": [],
                            "citations": [],
                            "h_index": [],
                            "pubs": []
                        }
                    },
                    "Institution": {
                        "semi": {
                            "name": [],
                            "address": [],
                            "website": []
                        }
                    }
                },
                "dialog_act": {
                    "General-Positive": [
                        [
                            null,
                            null
                        ]
                    ]
                },
                "span_info": []
            },
            {
                "text": "Proc. IEEE应该是自引率最高的期刊吧",
                "metadata": {},
                "dialog_act": {
                    "Journal-Inform": [
                        [
                            "name",
                            "Proc. IEEE"
                        ]
                    ],
                    "Journal-Confirm": [
                        [
                            "self_citing",
                            0.016
                        ]
                    ]
                },
                "span_info": [
                    [
                        "Journal-Inform",
                        "name",
                        "Proc. IEEE",
                        0,
                        9
                    ]
                ]
            },
            {
                "text": "是的",
                "metadata": {
                    "Conference": {
                        "semi": {
                            "acronym": [],
                            "year": [],
                            "fullName": [],
                            "paperDue": [],
                            "noticeDue": [],
                            "heldDate": [],
                            "abstractDue": [],
                            "finalDue": [],
                            "location": [],
                            "category": [],
                            "ccf": [],
                            "website": [],
                            "bestPaper": [],
                            "confRelated": [],
                            "journalRelated": []
                        }
                    },
                    "Paper": {
                        "semi": {
                            "doi": [],
                            "title": [],
                            "author": [],
                            "venue": [],
                            "year": [],
                            "institution": [],
                            "abstract": [],
                            "pdf": [],
                            "blog": []
                        },
                        "download": {
                            "path": []
                        }
                    },
                    "Journal": {
                        "semi": {
                            "name": [
                                "Proc. IEEE"
                            ],
                            "ISSN": [
                                "0018-9219"
                            ],
                            "E_ISSN": [],
                            "IF": [
                                "IF影响因子大于7"
                            ],
                            "h_index": [
                                3
                            ],
                            "self_citing": [
                                0.016
                            ],
                            "ccf": [],
                            "sci": [
                                "1区"
                            ],
                            "website": [],
                            "submit": [],
                            "OA": [
                                "不可以"
                            ],
                            "category": [],
                            "speed": [],
                            "rate": []
                        }
                    },
                    "Author": {
                        "semi": {
                            "name": [],
                            "field": [],
                            "affiliation": [],
                            "position": [],
                            "citations": [],
                            "h_index": [],
                            "pubs": []
                        }
                    },
                    "Institution": {
                        "semi": {
                            "name": [],
                            "address": [],
                            "website": []
                        }
                    }
                },
                "dialog_act": {
                    "General-Positive": [
                        [
                            null,
                            null
                        ]
                    ]
                },
                "span_info": []
            },
            {
                "text": "我需要查看一些详细信息，请打开Proc. IEEE的官网",
                "metadata": {},
                "dialog_act": {
                    "Journal-Browse": [
                        [
                            "name",
                            "Proc. IEEE"
                        ]
                    ]
                },
                "span_info": [
                    [
                        "Journal-Browse",
                        "name",
                        "Proc. IEEE",
                        15,
                        24
                    ]
                ]
            },
            {
                "text": "接下来我们将为你打开Proc. IEEE的官网",
                "metadata": {
                    "Conference": {
                        "semi": {
                            "acronym": [],
                            "year": [],
                            "fullName": [],
                            "paperDue": [],
                            "noticeDue": [],
                            "heldDate": [],
                            "abstractDue": [],
                            "finalDue": [],
                            "location": [],
                            "category": [],
                            "ccf": [],
                            "website": [],
                            "bestPaper": [],
                            "confRelated": [],
                            "journalRelated": []
                        }
                    },
                    "Paper": {
                        "semi": {
                            "doi": [],
                            "title": [],
                            "author": [],
                            "venue": [],
                            "year": [],
                            "institution": [],
                            "abstract": [],
                            "pdf": [],
                            "blog": []
                        },
                        "download": {
                            "path": []
                        }
                    },
                    "Journal": {
                        "semi": {
                            "name": [
                                "Proc. IEEE"
                            ],
                            "ISSN": [
                                "0018-9219"
                            ],
                            "E_ISSN": [],
                            "IF": [
                                "IF影响因子大于7"
                            ],
                            "h_index": [
                                3
                            ],
                            "self_citing": [
                                0.016
                            ],
                            "ccf": [],
                            "sci": [
                                "1区"
                            ],
                            "website": [],
                            "submit": [],
                            "OA": [
                                "不可以"
                            ],
                            "category": [],
                            "speed": [],
                            "rate": []
                        }
                    },
                    "Author": {
                        "semi": {
                            "name": [],
                            "field": [],
                            "affiliation": [],
                            "position": [],
                            "citations": [],
                            "h_index": [],
                            "pubs": []
                        }
                    },
                    "Institution": {
                        "semi": {
                            "name": [],
                            "address": [],
                            "website": []
                        }
                    }
                },
                "dialog_act": {
                    "Journal-Browse": [
                        [
                            "name",
                            "Proc. IEEE"
                        ]
                    ]
                },
                "span_info": [
                    [
                        "Journal-Browse",
                        "name",
                        "Proc. IEEE",
                        10,
                        19
                    ]
                ]
            }
        ]
    }
}