{
    "SFFT_044722": {
        "goal": {
            "Conference": {
                "semi": {
                    "acronym": [
                        "ICST"
                    ],
                    "year": [
                        "2021"
                    ],
                    "fullName": [],
                    "paperDue": [
                        "2020-10-12"
                    ],
                    "noticeDue": [
                        "从11月25日到12月24日"
                    ],
                    "heldDate": [
                        "2021-04-12"
                    ],
                    "abstractDue": [
                        "2020-10-05"
                    ],
                    "finalDue": [
                        "2021-01-20"
                    ],
                    "location": [
                        "事实上的"
                    ],
                    "category": [
                        "软件工程"
                    ],
                    "ccf": [],
                    "website": [],
                    "bestPaper": [],
                    "confRelated": [],
                    "journalRelated": [
                        "Computing"
                    ]
                }
            },
            "Paper": {
                "semi": {
                    "doi": [],
                    "title": [],
                    "author": [],
                    "venue": [],
                    "year": [],
                    "institution": [],
                    "abstract": [],
                    "pdf": [],
                    "blog": []
                },
                "download": {
                    "path": []
                }
            },
            "Journal": {
                "semi": {
                    "name": [],
                    "ISSN": [],
                    "E_ISSN": [],
                    "IF": [],
                    "h_index": [],
                    "self_citing": [],
                    "ccf": [],
                    "sci": [],
                    "website": [],
                    "submit": [],
                    "OA": [],
                    "category": [],
                    "speed": [],
                    "rate": []
                }
            },
            "Author": {
                "semi": {
                    "name": [],
                    "field": [],
                    "affiliation": [],
                    "position": [],
                    "citations": [],
                    "h_index": [],
                    "pubs": []
                }
            },
            "Institution": {
                "semi": {
                    "name": [],
                    "address": [],
                    "website": []
                }
            },
            "description": [
                "Given noticeDue,category; Recommend Conference",
                "Doubt to system response",
                "Request detail of bestPaper",
                "Request detail of paperDue,abstractDue",
                "Request detail of journalRelated",
                "Request detail of finalDue",
                "Request detail of location",
                "Confirm detail of heldDate",
                "Browse the website of Conference"
            ]
        },
        "log": [
            {
                "text": "告诉我从11月25日到12月24日通知的软件工程会议都有哪些呢",
                "metadata": {},
                "dialog_act": {
                    "Conference-Inform": [
                        [
                            "noticeDue",
                            "从11月25日到12月24日"
                        ],
                        [
                            "category",
                            "软件工程"
                        ]
                    ]
                },
                "span_info": [
                    [
                        "Conference-Inform",
                        "noticeDue",
                        "从11月25日到12月24日",
                        3,
                        16
                    ],
                    [
                        "Conference-Inform",
                        "category",
                        "软件工程",
                        20,
                        23
                    ]
                ]
            },
            {
                "text": "只有1个满足条件的会议，它就是ICST",
                "metadata": {
                    "Conference": {
                        "semi": {
                            "acronym": [],
                            "year": [],
                            "fullName": [],
                            "paperDue": [],
                            "noticeDue": [
                                "从11月25日到12月24日"
                            ],
                            "heldDate": [],
                            "abstractDue": [],
                            "finalDue": [],
                            "location": [],
                            "category": [
                                "软件工程"
                            ],
                            "ccf": [],
                            "website": [],
                            "bestPaper": [],
                            "confRelated": [],
                            "journalRelated": []
                        }
                    },
                    "Paper": {
                        "semi": {
                            "doi": [],
                            "title": [],
                            "author": [],
                            "venue": [],
                            "year": [],
                            "institution": [],
                            "abstract": [],
                            "pdf": [],
                            "blog": []
                        },
                        "download": {
                            "path": []
                        }
                    },
                    "Journal": {
                        "semi": {
                            "name": [],
                            "ISSN": [],
                            "E_ISSN": [],
                            "IF": [],
                            "h_index": [],
                            "self_citing": [],
                            "ccf": [],
                            "sci": [],
                            "website": [],
                            "submit": [],
                            "OA": [],
                            "category": [],
                            "speed": [],
                            "rate": []
                        }
                    },
                    "Author": {
                        "semi": {
                            "name": [],
                            "field": [],
                            "affiliation": [],
                            "position": [],
                            "citations": [],
                            "h_index": [],
                            "pubs": []
                        }
                    },
                    "Institution": {
                        "semi": {
                            "name": [],
                            "address": [],
                            "website": []
                        }
                    }
                },
                "dialog_act": {
                    "Conference-Recommend": [
                        [
                            "Choice",
                            "1"
                        ],
                        [
                            "acronym",
                            "ICST"
                        ]
                    ]
                },
                "span_info": [
                    [
                        "Conference-Recommend",
                        "acronym",
                        "ICST",
                        15,
                        18
                    ]
                ]
            },
            {
                "text": "你没有读懂我的意思吧",
                "metadata": {},
                "dialog_act": {
                    "General-Doubt": [
                        [
                            null,
                            null
                        ]
                    ]
                },
                "span_info": []
            },
            {
                "text": "你记错了",
                "metadata": {
                    "Conference": {
                        "semi": {
                            "acronym": [
                                "ICST"
                            ],
                            "year": [],
                            "fullName": [],
                            "paperDue": [],
                            "noticeDue": [
                                "从11月25日到12月24日"
                            ],
                            "heldDate": [],
                            "abstractDue": [],
                            "finalDue": [],
                            "location": [],
                            "category": [
                                "软件工程"
                            ],
                            "ccf": [],
                            "website": [],
                            "bestPaper": [],
                            "confRelated": [],
                            "journalRelated": []
                        }
                    },
                    "Paper": {
                        "semi": {
                            "doi": [],
                            "title": [],
                            "author": [],
                            "venue": [],
                            "year": [],
                            "institution": [],
                            "abstract": [],
                            "pdf": [],
                            "blog": []
                        },
                        "download": {
                            "path": []
                        }
                    },
                    "Journal": {
                        "semi": {
                            "name": [],
                            "ISSN": [],
                            "E_ISSN": [],
                            "IF": [],
                            "h_index": [],
                            "self_citing": [],
                            "ccf": [],
                            "sci": [],
                            "website": [],
                            "submit": [],
                            "OA": [],
                            "category": [],
                            "speed": [],
                            "rate": []
                        }
                    },
                    "Author": {
                        "semi": {
                            "name": [],
                            "field": [],
                            "affiliation": [],
                            "position": [],
                            "citations": [],
                            "h_index": [],
                            "pubs": []
                        }
                    },
                    "Institution": {
                        "semi": {
                            "name": [],
                            "address": [],
                            "website": []
                        }
                    }
                },
                "dialog_act": {
                    "General-Negative": [
                        [
                            null,
                            null
                        ]
                    ]
                },
                "span_info": []
            },
            {
                "text": "ICST的最佳论文有哪些",
                "metadata": {},
                "dialog_act": {
                    "Conference-Inform": [
                        [
                            "acronym",
                            "ICST"
                        ]
                    ],
                    "Conference-Request": [
                        [
                            "bestPaper",
                            "?"
                        ]
                    ]
                },
                "span_info": [
                    [
                        "Conference-Inform",
                        "acronym",
                        "ICST",
                        0,
                        3
                    ]
                ]
            },
            {
                "text": "目前数据库中没有找到ICST会议的最佳论文",
                "metadata": {
                    "Conference": {
                        "semi": {
                            "acronym": [
                                "ICST"
                            ],
                            "year": [],
                            "fullName": [],
                            "paperDue": [],
                            "noticeDue": [
                                "从11月25日到12月24日"
                            ],
                            "heldDate": [],
                            "abstractDue": [],
                            "finalDue": [],
                            "location": [],
                            "category": [
                                "软件工程"
                            ],
                            "ccf": [],
                            "website": [],
                            "bestPaper": [],
                            "confRelated": [],
                            "journalRelated": []
                        }
                    },
                    "Paper": {
                        "semi": {
                            "doi": [],
                            "title": [],
                            "author": [],
                            "venue": [],
                            "year": [],
                            "institution": [],
                            "abstract": [],
                            "pdf": [],
                            "blog": []
                        },
                        "download": {
                            "path": []
                        }
                    },
                    "Journal": {
                        "semi": {
                            "name": [],
                            "ISSN": [],
                            "E_ISSN": [],
                            "IF": [],
                            "h_index": [],
                            "self_citing": [],
                            "ccf": [],
                            "sci": [],
                            "website": [],
                            "submit": [],
                            "OA": [],
                            "category": [],
                            "speed": [],
                            "rate": []
                        }
                    },
                    "Author": {
                        "semi": {
                            "name": [],
                            "field": [],
                            "affiliation": [],
                            "position": [],
                            "citations": [],
                            "h_index": [],
                            "pubs": []
                        }
                    },
                    "Institution": {
                        "semi": {
                            "name": [],
                            "address": [],
                            "website": []
                        }
                    }
                },
                "dialog_act": {
                    "Conference-Inform": [
                        [
                            "acronym",
                            "ICST"
                        ]
                    ],
                    "Conference-NoInform": [
                        [
                            "bestPaper",
                            null
                        ]
                    ]
                },
                "span_info": [
                    [
                        "Conference-Inform",
                        "acronym",
                        "ICST",
                        10,
                        13
                    ]
                ]
            },
            {
                "text": "ICST2021的截止提交摘要和论文时间分别是什么呢",
                "metadata": {},
                "dialog_act": {
                    "Conference-Inform": [
                        [
                            "acronym",
                            "ICST"
                        ],
                        [
                            "year",
                            "2021"
                        ]
                    ],
                    "Conference-Request": [
                        [
                            "paperDue",
                            "?"
                        ],
                        [
                            "abstractDue",
                            "?"
                        ]
                    ]
                },
                "span_info": [
                    [
                        "Conference-Inform",
                        "acronym",
                        "ICST",
                        0,
                        3
                    ],
                    [
                        "Conference-Inform",
                        "year",
                        "2021",
                        4,
                        7
                    ]
                ]
            },
            {
                "text": "ICST2021的截稿时间是2020-10-12，摘要截稿时间是2020-10-12",
                "metadata": {
                    "Conference": {
                        "semi": {
                            "acronym": [
                                "ICST"
                            ],
                            "year": [
                                "2021"
                            ],
                            "fullName": [],
                            "paperDue": [],
                            "noticeDue": [
                                "从11月25日到12月24日"
                            ],
                            "heldDate": [],
                            "abstractDue": [],
                            "finalDue": [],
                            "location": [],
                            "category": [
                                "软件工程"
                            ],
                            "ccf": [],
                            "website": [],
                            "bestPaper": [],
                            "confRelated": [],
                            "journalRelated": []
                        }
                    },
                    "Paper": {
                        "semi": {
                            "doi": [],
                            "title": [],
                            "author": [],
                            "venue": [],
                            "year": [],
                            "institution": [],
                            "abstract": [],
                            "pdf": [],
                            "blog": []
                        },
                        "download": {
                            "path": []
                        }
                    },
                    "Journal": {
                        "semi": {
                            "name": [],
                            "ISSN": [],
                            "E_ISSN": [],
                            "IF": [],
                            "h_index": [],
                            "self_citing": [],
                            "ccf": [],
                            "sci": [],
                            "website": [],
                            "submit": [],
                            "OA": [],
                            "category": [],
                            "speed": [],
                            "rate": []
                        }
                    },
                    "Author": {
                        "semi": {
                            "name": [],
                            "field": [],
                            "affiliation": [],
                            "position": [],
                            "citations": [],
                            "h_index": [],
                            "pubs": []
                        }
                    },
                    "Institution": {
                        "semi": {
                            "name": [],
                            "address": [],
                            "website": []
                        }
                    }
                },
                "dialog_act": {
                    "Conference-Inform": [
                        [
                            "acronym",
                            "ICST"
                        ],
                        [
                            "year",
                            "2021"
                        ],
                        [
                            "paperDue",
                            "2020-10-12"
                        ],
                        [
                            "abstractDue",
                            "2020-10-05"
                        ]
                    ]
                },
                "span_info": [
                    [
                        "Conference-Inform",
                        "acronym",
                        "ICST",
                        0,
                        3
                    ],
                    [
                        "Conference-Inform",
                        "year",
                        "2021",
                        4,
                        7
                    ],
                    [
                        "Conference-Inform",
                        "paperDue",
                        "2020-10-12",
                        14,
                        23
                    ],
                    [
                        "Conference-Inform",
                        "abstractDue",
                        "2020-10-05",
                        -1,
                        8
                    ]
                ]
            },
            {
                "text": "ICST有哪些相关期刊呢",
                "metadata": {},
                "dialog_act": {
                    "Conference-Inform": [
                        [
                            "acronym",
                            "ICST"
                        ]
                    ],
                    "Conference-Request": [
                        [
                            "journalRelated",
                            "?"
                        ]
                    ]
                },
                "span_info": [
                    [
                        "Conference-Inform",
                        "acronym",
                        "ICST",
                        0,
                        3
                    ]
                ]
            },
            {
                "text": "ICST会议的相关期刊有Computing",
                "metadata": {
                    "Conference": {
                        "semi": {
                            "acronym": [
                                "ICST"
                            ],
                            "year": [
                                "2021"
                            ],
                            "fullName": [],
                            "paperDue": [
                                "2020-10-12"
                            ],
                            "noticeDue": [
                                "从11月25日到12月24日"
                            ],
                            "heldDate": [],
                            "abstractDue": [
                                "2020-10-05"
                            ],
                            "finalDue": [],
                            "location": [],
                            "category": [
                                "软件工程"
                            ],
                            "ccf": [],
                            "website": [],
                            "bestPaper": [],
                            "confRelated": [],
                            "journalRelated": []
                        }
                    },
                    "Paper": {
                        "semi": {
                            "doi": [],
                            "title": [],
                            "author": [],
                            "venue": [],
                            "year": [],
                            "institution": [],
                            "abstract": [],
                            "pdf": [],
                            "blog": []
                        },
                        "download": {
                            "path": []
                        }
                    },
                    "Journal": {
                        "semi": {
                            "name": [],
                            "ISSN": [],
                            "E_ISSN": [],
                            "IF": [],
                            "h_index": [],
                            "self_citing": [],
                            "ccf": [],
                            "sci": [],
                            "website": [],
                            "submit": [],
                            "OA": [],
                            "category": [],
                            "speed": [],
                            "rate": []
                        }
                    },
                    "Author": {
                        "semi": {
                            "name": [],
                            "field": [],
                            "affiliation": [],
                            "position": [],
                            "citations": [],
                            "h_index": [],
                            "pubs": []
                        }
                    },
                    "Institution": {
                        "semi": {
                            "name": [],
                            "address": [],
                            "website": []
                        }
                    }
                },
                "dialog_act": {
                    "Conference-Inform": [
                        [
                            "acronym",
                            "ICST"
                        ],
                        [
                            "journalRelated",
                            "Computing"
                        ]
                    ]
                },
                "span_info": [
                    [
                        "Conference-Inform",
                        "acronym",
                        "ICST",
                        0,
                        3
                    ],
                    [
                        "Conference-Inform",
                        "journalRelated",
                        "Computing",
                        12,
                        20
                    ]
                ]
            },
            {
                "text": "ICST 2021什么时候截止提交最终版论文呢",
                "metadata": {},
                "dialog_act": {
                    "Conference-Inform": [
                        [
                            "acronym",
                            "ICST"
                        ],
                        [
                            "year",
                            "2021"
                        ]
                    ],
                    "Conference-Request": [
                        [
                            "finalDue",
                            "?"
                        ]
                    ]
                },
                "span_info": [
                    [
                        "Conference-Inform",
                        "acronym",
                        "ICST",
                        0,
                        3
                    ],
                    [
                        "Conference-Inform",
                        "year",
                        "2021",
                        5,
                        8
                    ]
                ]
            },
            {
                "text": "ICST2021的最终版截稿时间是2021-01-20",
                "metadata": {
                    "Conference": {
                        "semi": {
                            "acronym": [
                                "ICST"
                            ],
                            "year": [
                                "2021"
                            ],
                            "fullName": [],
                            "paperDue": [
                                "2020-10-12"
                            ],
                            "noticeDue": [
                                "从11月25日到12月24日"
                            ],
                            "heldDate": [],
                            "abstractDue": [
                                "2020-10-05"
                            ],
                            "finalDue": [],
                            "location": [],
                            "category": [
                                "软件工程"
                            ],
                            "ccf": [],
                            "website": [],
                            "bestPaper": [],
                            "confRelated": [],
                            "journalRelated": [
                                "Computing"
                            ]
                        }
                    },
                    "Paper": {
                        "semi": {
                            "doi": [],
                            "title": [],
                            "author": [],
                            "venue": [],
                            "year": [],
                            "institution": [],
                            "abstract": [],
                            "pdf": [],
                            "blog": []
                        },
                        "download": {
                            "path": []
                        }
                    },
                    "Journal": {
                        "semi": {
                            "name": [],
                            "ISSN": [],
                            "E_ISSN": [],
                            "IF": [],
                            "h_index": [],
                            "self_citing": [],
                            "ccf": [],
                            "sci": [],
                            "website": [],
                            "submit": [],
                            "OA": [],
                            "category": [],
                            "speed": [],
                            "rate": []
                        }
                    },
                    "Author": {
                        "semi": {
                            "name": [],
                            "field": [],
                            "affiliation": [],
                            "position": [],
                            "citations": [],
                            "h_index": [],
                            "pubs": []
                        }
                    },
                    "Institution": {
                        "semi": {
                            "name": [],
                            "address": [],
                            "website": []
                        }
                    }
                },
                "dialog_act": {
                    "Conference-Inform": [
                        [
                            "acronym",
                            "ICST"
                        ],
                        [
                            "year",
                            "2021"
                        ],
                        [
                            "finalDue",
                            "2021-01-20"
                        ]
                    ]
                },
                "span_info": [
                    [
                        "Conference-Inform",
                        "acronym",
                        "ICST",
                        0,
                        3
                    ],
                    [
                        "Conference-Inform",
                        "year",
                        "2021",
                        4,
                        7
                    ],
                    [
                        "Conference-Inform",
                        "finalDue",
                        "2021-01-20",
                        17,
                        26
                    ]
                ]
            },
            {
                "text": "告诉我ICST2021的举办地址是什么",
                "metadata": {},
                "dialog_act": {
                    "Conference-Inform": [
                        [
                            "acronym",
                            "ICST"
                        ],
                        [
                            "year",
                            "2021"
                        ]
                    ],
                    "Conference-Request": [
                        [
                            "location",
                            "?"
                        ]
                    ]
                },
                "span_info": [
                    [
                        "Conference-Inform",
                        "acronym",
                        "ICST",
                        3,
                        6
                    ],
                    [
                        "Conference-Inform",
                        "year",
                        "2021",
                        7,
                        10
                    ]
                ]
            },
            {
                "text": "ICST2021的举行地点是事实上的",
                "metadata": {
                    "Conference": {
                        "semi": {
                            "acronym": [
                                "ICST"
                            ],
                            "year": [
                                "2021"
                            ],
                            "fullName": [],
                            "paperDue": [
                                "2020-10-12"
                            ],
                            "noticeDue": [
                                "从11月25日到12月24日"
                            ],
                            "heldDate": [],
                            "abstractDue": [
                                "2020-10-05"
                            ],
                            "finalDue": [
                                "2021-01-20"
                            ],
                            "location": [],
                            "category": [
                                "软件工程"
                            ],
                            "ccf": [],
                            "website": [],
                            "bestPaper": [],
                            "confRelated": [],
                            "journalRelated": [
                                "Computing"
                            ]
                        }
                    },
                    "Paper": {
                        "semi": {
                            "doi": [],
                            "title": [],
                            "author": [],
                            "venue": [],
                            "year": [],
                            "institution": [],
                            "abstract": [],
                            "pdf": [],
                            "blog": []
                        },
                        "download": {
                            "path": []
                        }
                    },
                    "Journal": {
                        "semi": {
                            "name": [],
                            "ISSN": [],
                            "E_ISSN": [],
                            "IF": [],
                            "h_index": [],
                            "self_citing": [],
                            "ccf": [],
                            "sci": [],
                            "website": [],
                            "submit": [],
                            "OA": [],
                            "category": [],
                            "speed": [],
                            "rate": []
                        }
                    },
                    "Author": {
                        "semi": {
                            "name": [],
                            "field": [],
                            "affiliation": [],
                            "position": [],
                            "citations": [],
                            "h_index": [],
                            "pubs": []
                        }
                    },
                    "Institution": {
                        "semi": {
                            "name": [],
                            "address": [],
                            "website": []
                        }
                    }
                },
                "dialog_act": {
                    "Conference-Inform": [
                        [
                            "acronym",
                            "ICST"
                        ],
                        [
                            "year",
                            "2021"
                        ],
                        [
                            "location",
                            "事实上的"
                        ]
                    ]
                },
                "span_info": [
                    [
                        "Conference-Inform",
                        "acronym",
                        "ICST",
                        0,
                        3
                    ],
                    [
                        "Conference-Inform",
                        "year",
                        "2021",
                        4,
                        7
                    ],
                    [
                        "Conference-Inform",
                        "location",
                        "事实上的",
                        14,
                        17
                    ]
                ]
            },
            {
                "text": "ICST2021是不是2021-04-12要举办了呢",
                "metadata": {},
                "dialog_act": {
                    "Conference-Inform": [
                        [
                            "acronym",
                            "ICST"
                        ],
                        [
                            "year",
                            "2021"
                        ]
                    ],
                    "Conference-Confirm": [
                        [
                            "heldDate",
                            "2021-04-12"
                        ]
                    ]
                },
                "span_info": [
                    [
                        "Conference-Inform",
                        "acronym",
                        "ICST",
                        0,
                        3
                    ],
                    [
                        "Conference-Inform",
                        "year",
                        "2021",
                        4,
                        7
                    ],
                    [
                        "Conference-Confirm",
                        "heldDate",
                        "2021-04-12",
                        11,
                        20
                    ]
                ]
            },
            {
                "text": "嗯嗯",
                "metadata": {
                    "Conference": {
                        "semi": {
                            "acronym": [
                                "ICST"
                            ],
                            "year": [
                                "2021"
                            ],
                            "fullName": [],
                            "paperDue": [
                                "2020-10-12"
                            ],
                            "noticeDue": [
                                "从11月25日到12月24日"
                            ],
                            "heldDate": [
                                "2021-04-12"
                            ],
                            "abstractDue": [
                                "2020-10-05"
                            ],
                            "finalDue": [
                                "2021-01-20"
                            ],
                            "location": [
                                "事实上的"
                            ],
                            "category": [
                                "软件工程"
                            ],
                            "ccf": [],
                            "website": [],
                            "bestPaper": [],
                            "confRelated": [],
                            "journalRelated": [
                                "Computing"
                            ]
                        }
                    },
                    "Paper": {
                        "semi": {
                            "doi": [],
                            "title": [],
                            "author": [],
                            "venue": [],
                            "year": [],
                            "institution": [],
                            "abstract": [],
                            "pdf": [],
                            "blog": []
                        },
                        "download": {
                            "path": []
                        }
                    },
                    "Journal": {
                        "semi": {
                            "name": [],
                            "ISSN": [],
                            "E_ISSN": [],
                            "IF": [],
                            "h_index": [],
                            "self_citing": [],
                            "ccf": [],
                            "sci": [],
                            "website": [],
                            "submit": [],
                            "OA": [],
                            "category": [],
                            "speed": [],
                            "rate": []
                        }
                    },
                    "Author": {
                        "semi": {
                            "name": [],
                            "field": [],
                            "affiliation": [],
                            "position": [],
                            "citations": [],
                            "h_index": [],
                            "pubs": []
                        }
                    },
                    "Institution": {
                        "semi": {
                            "name": [],
                            "address": [],
                            "website": []
                        }
                    }
                },
                "dialog_act": {
                    "General-Positive": [
                        [
                            null,
                            null
                        ]
                    ]
                },
                "span_info": []
            },
            {
                "text": "你能打开一下ICST2021的官网嘛，我想查看一些详细信息",
                "metadata": {},
                "dialog_act": {
                    "Conference-Browse": [
                        [
                            "acronym",
                            "ICST"
                        ],
                        [
                            "year",
                            "2021"
                        ]
                    ]
                },
                "span_info": [
                    [
                        "Conference-Browse",
                        "acronym",
                        "ICST",
                        6,
                        9
                    ],
                    [
                        "Conference-Browse",
                        "year",
                        "2021",
                        10,
                        13
                    ]
                ]
            },
            {
                "text": "抱歉我们目前无法为您打开ICST2021的官网",
                "metadata": {
                    "Conference": {
                        "semi": {
                            "acronym": [
                                "ICST"
                            ],
                            "year": [
                                "2021"
                            ],
                            "fullName": [],
                            "paperDue": [
                                "2020-10-12"
                            ],
                            "noticeDue": [
                                "从11月25日到12月24日"
                            ],
                            "heldDate": [
                                "2021-04-12"
                            ],
                            "abstractDue": [
                                "2020-10-05"
                            ],
                            "finalDue": [
                                "2021-01-20"
                            ],
                            "location": [
                                "事实上的"
                            ],
                            "category": [
                                "软件工程"
                            ],
                            "ccf": [],
                            "website": [],
                            "bestPaper": [],
                            "confRelated": [],
                            "journalRelated": [
                                "Computing"
                            ]
                        }
                    },
                    "Paper": {
                        "semi": {
                            "doi": [],
                            "title": [],
                            "author": [],
                            "venue": [],
                            "year": [],
                            "institution": [],
                            "abstract": [],
                            "pdf": [],
                            "blog": []
                        },
                        "download": {
                            "path": []
                        }
                    },
                    "Journal": {
                        "semi": {
                            "name": [],
                            "ISSN": [],
                            "E_ISSN": [],
                            "IF": [],
                            "h_index": [],
                            "self_citing": [],
                            "ccf": [],
                            "sci": [],
                            "website": [],
                            "submit": [],
                            "OA": [],
                            "category": [],
                            "speed": [],
                            "rate": []
                        }
                    },
                    "Author": {
                        "semi": {
                            "name": [],
                            "field": [],
                            "affiliation": [],
                            "position": [],
                            "citations": [],
                            "h_index": [],
                            "pubs": []
                        }
                    },
                    "Institution": {
                        "semi": {
                            "name": [],
                            "address": [],
                            "website": []
                        }
                    }
                },
                "dialog_act": {
                    "Conference-NoBrowse": [
                        [
                            "acronym",
                            "ICST"
                        ],
                        [
                            "year",
                            "2021"
                        ]
                    ]
                },
                "span_info": [
                    [
                        "Conference-NoBrowse",
                        "acronym",
                        "ICST",
                        12,
                        15
                    ],
                    [
                        "Conference-NoBrowse",
                        "year",
                        "2021",
                        16,
                        19
                    ]
                ]
            }
        ]
    }
}