{
    "SFFT_045455": {
        "goal": {
            "Conference": {
                "semi": {
                    "acronym": [
                        "CHES"
                    ],
                    "year": [
                        "2016"
                    ],
                    "fullName": [
                        "Conference on Cryptographic Hardware and Embedded Systems 2016"
                    ],
                    "paperDue": [
                        "2016-03-04"
                    ],
                    "noticeDue": [
                        "2016-05-16"
                    ],
                    "heldDate": [
                        "2022年9月"
                    ],
                    "abstractDue": [],
                    "finalDue": [
                        "2016-06-06"
                    ],
                    "location": [
                        "中国"
                    ],
                    "category": [
                        "数据科学（dsc）"
                    ],
                    "ccf": [
                        "B类以上"
                    ],
                    "website": [],
                    "bestPaper": [],
                    "confRelated": [],
                    "journalRelated": []
                }
            },
            "Paper": {
                "semi": {
                    "doi": [],
                    "title": [],
                    "author": [],
                    "venue": [],
                    "year": [],
                    "institution": [],
                    "abstract": [],
                    "pdf": [],
                    "blog": []
                },
                "download": {
                    "path": []
                }
            },
            "Journal": {
                "semi": {
                    "name": [],
                    "ISSN": [],
                    "E_ISSN": [],
                    "IF": [],
                    "h_index": [],
                    "self_citing": [],
                    "ccf": [],
                    "sci": [],
                    "website": [],
                    "submit": [],
                    "OA": [],
                    "category": [],
                    "speed": [],
                    "rate": []
                }
            },
            "Author": {
                "semi": {
                    "name": [],
                    "field": [],
                    "affiliation": [],
                    "position": [],
                    "citations": [],
                    "h_index": [],
                    "pubs": []
                }
            },
            "Institution": {
                "semi": {
                    "name": [],
                    "address": [],
                    "website": []
                }
            },
            "description": [
                "Given location,ccf; Recommend Conference",
                "Update location; Recommend Conference",
                "When system confirms, give positive answer",
                "Add heldDate; Recommend Conference",
                "When choice=0 and system confirms, give positive answer then update a constraint to continue searching",
                "Doubt specific slot to system response",
                "Request detail of paperDue,finalDue",
                "Request detail of noticeDue",
                "Request detail of fullName",
                "Confirm detail of category",
                "Browse the website of Conference"
            ]
        },
        "log": [
            {
                "text": "请问波兰的ccfA会议有哪些",
                "metadata": {},
                "dialog_act": {
                    "Conference-Inform": [
                        [
                            "location",
                            "波兰"
                        ],
                        [
                            "ccf",
                            "ccfA"
                        ]
                    ]
                },
                "span_info": [
                    [
                        "Conference-Inform",
                        "location",
                        "波兰",
                        2,
                        3
                    ],
                    [
                        "Conference-Inform",
                        "ccf",
                        "ccfA",
                        5,
                        8
                    ]
                ]
            },
            {
                "text": "抱歉没有找到符合条件的会议唉，你要不问问在中国举办的会议",
                "metadata": {
                    "Conference": {
                        "semi": {
                            "acronym": [],
                            "year": [],
                            "fullName": [],
                            "paperDue": [],
                            "noticeDue": [],
                            "heldDate": [],
                            "abstractDue": [],
                            "finalDue": [],
                            "location": [
                                "波兰"
                            ],
                            "category": [],
                            "ccf": [
                                "ccfA"
                            ],
                            "website": [],
                            "bestPaper": [],
                            "confRelated": [],
                            "journalRelated": []
                        }
                    },
                    "Paper": {
                        "semi": {
                            "doi": [],
                            "title": [],
                            "author": [],
                            "venue": [],
                            "year": [],
                            "institution": [],
                            "abstract": [],
                            "pdf": [],
                            "blog": []
                        },
                        "download": {
                            "path": []
                        }
                    },
                    "Journal": {
                        "semi": {
                            "name": [],
                            "ISSN": [],
                            "E_ISSN": [],
                            "IF": [],
                            "h_index": [],
                            "self_citing": [],
                            "ccf": [],
                            "sci": [],
                            "website": [],
                            "submit": [],
                            "OA": [],
                            "category": [],
                            "speed": [],
                            "rate": []
                        }
                    },
                    "Author": {
                        "semi": {
                            "name": [],
                            "field": [],
                            "affiliation": [],
                            "position": [],
                            "citations": [],
                            "h_index": [],
                            "pubs": []
                        }
                    },
                    "Institution": {
                        "semi": {
                            "name": [],
                            "address": [],
                            "website": []
                        }
                    }
                },
                "dialog_act": {
                    "Conference-Recommend": [
                        [
                            "Choice",
                            "0"
                        ],
                        [
                            "location",
                            "中国"
                        ]
                    ]
                },
                "span_info": [
                    [
                        "Conference-Recommend",
                        "location",
                        "中国",
                        21,
                        22
                    ]
                ]
            },
            {
                "text": "那举办地点在中国的呢",
                "metadata": {},
                "dialog_act": {
                    "Conference-Inform": [
                        [
                            "location",
                            "中国"
                        ]
                    ]
                },
                "span_info": [
                    [
                        "Conference-Update",
                        "location",
                        "中国",
                        6,
                        7
                    ]
                ]
            },
            {
                "text": "你确定会议举办地点是中国嘛",
                "metadata": {
                    "Conference": {
                        "semi": {
                            "acronym": [],
                            "year": [],
                            "fullName": [],
                            "paperDue": [],
                            "noticeDue": [],
                            "heldDate": [],
                            "abstractDue": [],
                            "finalDue": [],
                            "location": [
                                "中国"
                            ],
                            "category": [],
                            "ccf": [
                                "ccfA"
                            ],
                            "website": [],
                            "bestPaper": [],
                            "confRelated": [],
                            "journalRelated": []
                        }
                    },
                    "Paper": {
                        "semi": {
                            "doi": [],
                            "title": [],
                            "author": [],
                            "venue": [],
                            "year": [],
                            "institution": [],
                            "abstract": [],
                            "pdf": [],
                            "blog": []
                        },
                        "download": {
                            "path": []
                        }
                    },
                    "Journal": {
                        "semi": {
                            "name": [],
                            "ISSN": [],
                            "E_ISSN": [],
                            "IF": [],
                            "h_index": [],
                            "self_citing": [],
                            "ccf": [],
                            "sci": [],
                            "website": [],
                            "submit": [],
                            "OA": [],
                            "category": [],
                            "speed": [],
                            "rate": []
                        }
                    },
                    "Author": {
                        "semi": {
                            "name": [],
                            "field": [],
                            "affiliation": [],
                            "position": [],
                            "citations": [],
                            "h_index": [],
                            "pubs": []
                        }
                    },
                    "Institution": {
                        "semi": {
                            "name": [],
                            "address": [],
                            "website": []
                        }
                    }
                },
                "dialog_act": {
                    "Conference-Confirm": [
                        [
                            "location",
                            "中国"
                        ]
                    ]
                },
                "span_info": [
                    [
                        "Conference-Confirm",
                        "location",
                        "中国",
                        10,
                        11
                    ]
                ]
            },
            {
                "text": "是的，我问的就是这个问题",
                "metadata": {},
                "dialog_act": {
                    "General-Positive": [
                        [
                            null,
                            null
                        ]
                    ]
                },
                "span_info": []
            },
            {
                "text": "共找到50个符合条件的会议，您还有什么其他的要求嘛",
                "metadata": {
                    "Conference": {
                        "semi": {
                            "acronym": [],
                            "year": [],
                            "fullName": [],
                            "paperDue": [],
                            "noticeDue": [],
                            "heldDate": [],
                            "abstractDue": [],
                            "finalDue": [],
                            "location": [
                                "中国"
                            ],
                            "category": [],
                            "ccf": [
                                "ccfA"
                            ],
                            "website": [],
                            "bestPaper": [],
                            "confRelated": [],
                            "journalRelated": []
                        }
                    },
                    "Paper": {
                        "semi": {
                            "doi": [],
                            "title": [],
                            "author": [],
                            "venue": [],
                            "year": [],
                            "institution": [],
                            "abstract": [],
                            "pdf": [],
                            "blog": []
                        },
                        "download": {
                            "path": []
                        }
                    },
                    "Journal": {
                        "semi": {
                            "name": [],
                            "ISSN": [],
                            "E_ISSN": [],
                            "IF": [],
                            "h_index": [],
                            "self_citing": [],
                            "ccf": [],
                            "sci": [],
                            "website": [],
                            "submit": [],
                            "OA": [],
                            "category": [],
                            "speed": [],
                            "rate": []
                        }
                    },
                    "Author": {
                        "semi": {
                            "name": [],
                            "field": [],
                            "affiliation": [],
                            "position": [],
                            "citations": [],
                            "h_index": [],
                            "pubs": []
                        }
                    },
                    "Institution": {
                        "semi": {
                            "name": [],
                            "address": [],
                            "website": []
                        }
                    }
                },
                "dialog_act": {
                    "Conference-Recommend": [
                        [
                            "Choice",
                            "22"
                        ]
                    ],
                    "Conference-Reqmore": [
                        [
                            "?",
                            "?"
                        ]
                    ]
                },
                "span_info": []
            },
            {
                "text": "那2022年9月有哪些要举办的会议呢",
                "metadata": {},
                "dialog_act": {
                    "Conference-Inform": [
                        [
                            "heldDate",
                            "2022年9月"
                        ]
                    ]
                },
                "span_info": [
                    [
                        "Conference-Add",
                        "heldDate",
                        "2022年9月",
                        1,
                        7
                    ]
                ]
            },
            {
                "text": "找到0个相关的会议唉，你确定会议举行时间是2022年9月嘛",
                "metadata": {
                    "Conference": {
                        "semi": {
                            "acronym": [],
                            "year": [],
                            "fullName": [],
                            "paperDue": [],
                            "noticeDue": [],
                            "heldDate": [
                                "2022年9月"
                            ],
                            "abstractDue": [],
                            "finalDue": [],
                            "location": [
                                "中国"
                            ],
                            "category": [],
                            "ccf": [
                                "ccfA"
                            ],
                            "website": [],
                            "bestPaper": [],
                            "confRelated": [],
                            "journalRelated": []
                        }
                    },
                    "Paper": {
                        "semi": {
                            "doi": [],
                            "title": [],
                            "author": [],
                            "venue": [],
                            "year": [],
                            "institution": [],
                            "abstract": [],
                            "pdf": [],
                            "blog": []
                        },
                        "download": {
                            "path": []
                        }
                    },
                    "Journal": {
                        "semi": {
                            "name": [],
                            "ISSN": [],
                            "E_ISSN": [],
                            "IF": [],
                            "h_index": [],
                            "self_citing": [],
                            "ccf": [],
                            "sci": [],
                            "website": [],
                            "submit": [],
                            "OA": [],
                            "category": [],
                            "speed": [],
                            "rate": []
                        }
                    },
                    "Author": {
                        "semi": {
                            "name": [],
                            "field": [],
                            "affiliation": [],
                            "position": [],
                            "citations": [],
                            "h_index": [],
                            "pubs": []
                        }
                    },
                    "Institution": {
                        "semi": {
                            "name": [],
                            "address": [],
                            "website": []
                        }
                    }
                },
                "dialog_act": {
                    "Conference-Recommend": [
                        [
                            "Choice",
                            "0"
                        ]
                    ],
                    "Conference-Confirm": [
                        [
                            "heldDate",
                            "2022年9月"
                        ]
                    ]
                },
                "span_info": [
                    [
                        "Conference-Confirm",
                        "heldDate",
                        "2022年9月",
                        21,
                        27
                    ]
                ]
            },
            {
                "text": "你理解的没错，C类以上会议的呢",
                "metadata": {},
                "dialog_act": {
                    "Conference-Inform": [
                        [
                            "ccf",
                            "C类以上"
                        ]
                    ],
                    "General-Positive": [
                        [
                            null,
                            null
                        ]
                    ]
                },
                "span_info": [
                    [
                        "Conference-Update",
                        "ccf",
                        "C类以上",
                        7,
                        10
                    ]
                ]
            },
            {
                "text": "只有1个满足条件的会议，它就是CHES",
                "metadata": {
                    "Conference": {
                        "semi": {
                            "acronym": [],
                            "year": [],
                            "fullName": [],
                            "paperDue": [],
                            "noticeDue": [],
                            "heldDate": [
                                "2022年9月"
                            ],
                            "abstractDue": [],
                            "finalDue": [],
                            "location": [
                                "中国"
                            ],
                            "category": [],
                            "ccf": [
                                "B类以上"
                            ],
                            "website": [],
                            "bestPaper": [],
                            "confRelated": [],
                            "journalRelated": []
                        }
                    },
                    "Paper": {
                        "semi": {
                            "doi": [],
                            "title": [],
                            "author": [],
                            "venue": [],
                            "year": [],
                            "institution": [],
                            "abstract": [],
                            "pdf": [],
                            "blog": []
                        },
                        "download": {
                            "path": []
                        }
                    },
                    "Journal": {
                        "semi": {
                            "name": [],
                            "ISSN": [],
                            "E_ISSN": [],
                            "IF": [],
                            "h_index": [],
                            "self_citing": [],
                            "ccf": [],
                            "sci": [],
                            "website": [],
                            "submit": [],
                            "OA": [],
                            "category": [],
                            "speed": [],
                            "rate": []
                        }
                    },
                    "Author": {
                        "semi": {
                            "name": [],
                            "field": [],
                            "affiliation": [],
                            "position": [],
                            "citations": [],
                            "h_index": [],
                            "pubs": []
                        }
                    },
                    "Institution": {
                        "semi": {
                            "name": [],
                            "address": [],
                            "website": []
                        }
                    }
                },
                "dialog_act": {
                    "Conference-Recommend": [
                        [
                            "Choice",
                            "1"
                        ],
                        [
                            "acronym",
                            "CHES"
                        ]
                    ]
                },
                "span_info": [
                    [
                        "Conference-Recommend",
                        "acronym",
                        "CHES",
                        15,
                        18
                    ]
                ]
            },
            {
                "text": "我记得CHES2022不是C类以上会议吧",
                "metadata": {},
                "dialog_act": {
                    "Conference-Doubt": [
                        [
                            "acronym",
                            "CHES"
                        ],
                        [
                            "ccf",
                            "C类以上"
                        ]
                    ]
                },
                "span_info": [
                    [
                        "Conference-Doubt",
                        "acronym",
                        "CHES",
                        3,
                        6
                    ],
                    [
                        "Conference-Doubt",
                        "ccf",
                        "C类以上",
                        13,
                        16
                    ]
                ]
            },
            {
                "text": "没错，满足条件的会议共有2个，它们是CHES和NLPCC和NPC",
                "metadata": {
                    "Conference": {
                        "semi": {
                            "acronym": [
                                "CHES"
                            ],
                            "year": [],
                            "fullName": [],
                            "paperDue": [],
                            "noticeDue": [],
                            "heldDate": [
                                "2022年9月"
                            ],
                            "abstractDue": [],
                            "finalDue": [],
                            "location": [
                                "中国"
                            ],
                            "category": [],
                            "ccf": [
                                "B类以上"
                            ],
                            "website": [],
                            "bestPaper": [],
                            "confRelated": [],
                            "journalRelated": []
                        }
                    },
                    "Paper": {
                        "semi": {
                            "doi": [],
                            "title": [],
                            "author": [],
                            "venue": [],
                            "year": [],
                            "institution": [],
                            "abstract": [],
                            "pdf": [],
                            "blog": []
                        },
                        "download": {
                            "path": []
                        }
                    },
                    "Journal": {
                        "semi": {
                            "name": [],
                            "ISSN": [],
                            "E_ISSN": [],
                            "IF": [],
                            "h_index": [],
                            "self_citing": [],
                            "ccf": [],
                            "sci": [],
                            "website": [],
                            "submit": [],
                            "OA": [],
                            "category": [],
                            "speed": [],
                            "rate": []
                        }
                    },
                    "Author": {
                        "semi": {
                            "name": [],
                            "field": [],
                            "affiliation": [],
                            "position": [],
                            "citations": [],
                            "h_index": [],
                            "pubs": []
                        }
                    },
                    "Institution": {
                        "semi": {
                            "name": [],
                            "address": [],
                            "website": []
                        }
                    }
                },
                "dialog_act": {
                    "General-Positive": [
                        [
                            null,
                            null
                        ]
                    ],
                    "Conference-Recommend": [
                        [
                            "Choice",
                            "3"
                        ],
                        [
                            "acronym",
                            "CHES"
                        ],
                        [
                            "acronym",
                            "NLPCC"
                        ],
                        [
                            "acronym",
                            "NPC"
                        ]
                    ]
                },
                "span_info": [
                    [
                        "Conference-Recommend",
                        "acronym",
                        "CHES",
                        18,
                        21
                    ],
                    [
                        "Conference-Recommend",
                        "acronym",
                        "NLPCC",
                        23,
                        27
                    ],
                    [
                        "Conference-Recommend",
                        "acronym",
                        "NPC",
                        29,
                        31
                    ]
                ]
            },
            {
                "text": "咨询一下CHES2016的截稿时间和最终版截止时间分别是什么呢",
                "metadata": {},
                "dialog_act": {
                    "Conference-Inform": [
                        [
                            "acronym",
                            "CHES"
                        ],
                        [
                            "year",
                            "2016"
                        ]
                    ],
                    "Conference-Request": [
                        [
                            "paperDue",
                            "?"
                        ],
                        [
                            "finalDue",
                            "?"
                        ]
                    ]
                },
                "span_info": [
                    [
                        "Conference-Inform",
                        "acronym",
                        "CHES",
                        4,
                        7
                    ],
                    [
                        "Conference-Inform",
                        "year",
                        "2016",
                        8,
                        11
                    ]
                ]
            },
            {
                "text": "CHES2016的截稿时间是2016-03-04，最终版截稿时间是2016-03-04",
                "metadata": {
                    "Conference": {
                        "semi": {
                            "acronym": [
                                "CHES"
                            ],
                            "year": [
                                "2016"
                            ],
                            "fullName": [],
                            "paperDue": [],
                            "noticeDue": [],
                            "heldDate": [
                                "2022年9月"
                            ],
                            "abstractDue": [],
                            "finalDue": [],
                            "location": [
                                "中国"
                            ],
                            "category": [],
                            "ccf": [
                                "B类以上"
                            ],
                            "website": [],
                            "bestPaper": [],
                            "confRelated": [],
                            "journalRelated": []
                        }
                    },
                    "Paper": {
                        "semi": {
                            "doi": [],
                            "title": [],
                            "author": [],
                            "venue": [],
                            "year": [],
                            "institution": [],
                            "abstract": [],
                            "pdf": [],
                            "blog": []
                        },
                        "download": {
                            "path": []
                        }
                    },
                    "Journal": {
                        "semi": {
                            "name": [],
                            "ISSN": [],
                            "E_ISSN": [],
                            "IF": [],
                            "h_index": [],
                            "self_citing": [],
                            "ccf": [],
                            "sci": [],
                            "website": [],
                            "submit": [],
                            "OA": [],
                            "category": [],
                            "speed": [],
                            "rate": []
                        }
                    },
                    "Author": {
                        "semi": {
                            "name": [],
                            "field": [],
                            "affiliation": [],
                            "position": [],
                            "citations": [],
                            "h_index": [],
                            "pubs": []
                        }
                    },
                    "Institution": {
                        "semi": {
                            "name": [],
                            "address": [],
                            "website": []
                        }
                    }
                },
                "dialog_act": {
                    "Conference-Inform": [
                        [
                            "acronym",
                            "CHES"
                        ],
                        [
                            "year",
                            "2016"
                        ],
                        [
                            "paperDue",
                            "2016-03-04"
                        ],
                        [
                            "finalDue",
                            "2016-06-06"
                        ]
                    ]
                },
                "span_info": [
                    [
                        "Conference-Inform",
                        "acronym",
                        "CHES",
                        0,
                        3
                    ],
                    [
                        "Conference-Inform",
                        "year",
                        "2016",
                        4,
                        7
                    ],
                    [
                        "Conference-Inform",
                        "paperDue",
                        "2016-03-04",
                        14,
                        23
                    ],
                    [
                        "Conference-Inform",
                        "finalDue",
                        "2016-06-06",
                        -1,
                        8
                    ]
                ]
            },
            {
                "text": "请问CHES2016的通知时间是什么呢",
                "metadata": {},
                "dialog_act": {
                    "Conference-Inform": [
                        [
                            "acronym",
                            "CHES"
                        ],
                        [
                            "year",
                            "2016"
                        ]
                    ],
                    "Conference-Request": [
                        [
                            "noticeDue",
                            "?"
                        ]
                    ]
                },
                "span_info": [
                    [
                        "Conference-Inform",
                        "acronym",
                        "CHES",
                        2,
                        5
                    ],
                    [
                        "Conference-Inform",
                        "year",
                        "2016",
                        6,
                        9
                    ]
                ]
            },
            {
                "text": "CHES2016的通知时间是2016-05-16",
                "metadata": {
                    "Conference": {
                        "semi": {
                            "acronym": [
                                "CHES"
                            ],
                            "year": [
                                "2016"
                            ],
                            "fullName": [],
                            "paperDue": [
                                "2016-03-04"
                            ],
                            "noticeDue": [],
                            "heldDate": [
                                "2022年9月"
                            ],
                            "abstractDue": [],
                            "finalDue": [
                                "2016-06-06"
                            ],
                            "location": [
                                "中国"
                            ],
                            "category": [],
                            "ccf": [
                                "B类以上"
                            ],
                            "website": [],
                            "bestPaper": [],
                            "confRelated": [],
                            "journalRelated": []
                        }
                    },
                    "Paper": {
                        "semi": {
                            "doi": [],
                            "title": [],
                            "author": [],
                            "venue": [],
                            "year": [],
                            "institution": [],
                            "abstract": [],
                            "pdf": [],
                            "blog": []
                        },
                        "download": {
                            "path": []
                        }
                    },
                    "Journal": {
                        "semi": {
                            "name": [],
                            "ISSN": [],
                            "E_ISSN": [],
                            "IF": [],
                            "h_index": [],
                            "self_citing": [],
                            "ccf": [],
                            "sci": [],
                            "website": [],
                            "submit": [],
                            "OA": [],
                            "category": [],
                            "speed": [],
                            "rate": []
                        }
                    },
                    "Author": {
                        "semi": {
                            "name": [],
                            "field": [],
                            "affiliation": [],
                            "position": [],
                            "citations": [],
                            "h_index": [],
                            "pubs": []
                        }
                    },
                    "Institution": {
                        "semi": {
                            "name": [],
                            "address": [],
                            "website": []
                        }
                    }
                },
                "dialog_act": {
                    "Conference-Inform": [
                        [
                            "acronym",
                            "CHES"
                        ],
                        [
                            "year",
                            "2016"
                        ],
                        [
                            "noticeDue",
                            "2016-05-16"
                        ]
                    ]
                },
                "span_info": [
                    [
                        "Conference-Inform",
                        "acronym",
                        "CHES",
                        0,
                        3
                    ],
                    [
                        "Conference-Inform",
                        "year",
                        "2016",
                        4,
                        7
                    ],
                    [
                        "Conference-Inform",
                        "noticeDue",
                        "2016-05-16",
                        14,
                        23
                    ]
                ]
            },
            {
                "text": "请问CHES2016会议的全称是什么呢",
                "metadata": {},
                "dialog_act": {
                    "Conference-Inform": [
                        [
                            "acronym",
                            "CHES"
                        ],
                        [
                            "year",
                            "2016"
                        ]
                    ],
                    "Conference-Request": [
                        [
                            "fullName",
                            "?"
                        ]
                    ]
                },
                "span_info": [
                    [
                        "Conference-Inform",
                        "acronym",
                        "CHES",
                        2,
                        5
                    ],
                    [
                        "Conference-Inform",
                        "year",
                        "2016",
                        6,
                        9
                    ]
                ]
            },
            {
                "text": "CHES2016的全称是Conference on Cryptographic Hardware and Embedded Systems 2016",
                "metadata": {
                    "Conference": {
                        "semi": {
                            "acronym": [
                                "CHES"
                            ],
                            "year": [
                                "2016"
                            ],
                            "fullName": [],
                            "paperDue": [
                                "2016-03-04"
                            ],
                            "noticeDue": [
                                "2016-05-16"
                            ],
                            "heldDate": [
                                "2022年9月"
                            ],
                            "abstractDue": [],
                            "finalDue": [
                                "2016-06-06"
                            ],
                            "location": [
                                "中国"
                            ],
                            "category": [],
                            "ccf": [
                                "B类以上"
                            ],
                            "website": [],
                            "bestPaper": [],
                            "confRelated": [],
                            "journalRelated": []
                        }
                    },
                    "Paper": {
                        "semi": {
                            "doi": [],
                            "title": [],
                            "author": [],
                            "venue": [],
                            "year": [],
                            "institution": [],
                            "abstract": [],
                            "pdf": [],
                            "blog": []
                        },
                        "download": {
                            "path": []
                        }
                    },
                    "Journal": {
                        "semi": {
                            "name": [],
                            "ISSN": [],
                            "E_ISSN": [],
                            "IF": [],
                            "h_index": [],
                            "self_citing": [],
                            "ccf": [],
                            "sci": [],
                            "website": [],
                            "submit": [],
                            "OA": [],
                            "category": [],
                            "speed": [],
                            "rate": []
                        }
                    },
                    "Author": {
                        "semi": {
                            "name": [],
                            "field": [],
                            "affiliation": [],
                            "position": [],
                            "citations": [],
                            "h_index": [],
                            "pubs": []
                        }
                    },
                    "Institution": {
                        "semi": {
                            "name": [],
                            "address": [],
                            "website": []
                        }
                    }
                },
                "dialog_act": {
                    "Conference-Inform": [
                        [
                            "acronym",
                            "CHES"
                        ],
                        [
                            "year",
                            "2016"
                        ],
                        [
                            "fullName",
                            "Conference on Cryptographic Hardware and Embedded Systems 2016"
                        ]
                    ]
                },
                "span_info": [
                    [
                        "Conference-Inform",
                        "acronym",
                        "CHES",
                        0,
                        3
                    ],
                    [
                        "Conference-Inform",
                        "year",
                        "2016",
                        4,
                        7
                    ],
                    [
                        "Conference-Inform",
                        "fullName",
                        "Conference on Cryptographic Hardware and Embedded Systems 2016",
                        12,
                        73
                    ]
                ]
            },
            {
                "text": "CHES2022该不会属于数据科学（dsc）领域吧",
                "metadata": {},
                "dialog_act": {
                    "Conference-Inform": [
                        [
                            "acronym",
                            "CHES"
                        ]
                    ],
                    "Conference-Confirm": [
                        [
                            "category",
                            "数据科学（dsc）"
                        ]
                    ]
                },
                "span_info": [
                    [
                        "Conference-Inform",
                        "acronym",
                        "CHES",
                        0,
                        3
                    ],
                    [
                        "Conference-Confirm",
                        "category",
                        "数据科学（dsc）",
                        13,
                        21
                    ]
                ]
            },
            {
                "text": "没有问题",
                "metadata": {
                    "Conference": {
                        "semi": {
                            "acronym": [
                                "CHES"
                            ],
                            "year": [
                                "2016"
                            ],
                            "fullName": [
                                "Conference on Cryptographic Hardware and Embedded Systems 2016"
                            ],
                            "paperDue": [
                                "2016-03-04"
                            ],
                            "noticeDue": [
                                "2016-05-16"
                            ],
                            "heldDate": [
                                "2022年9月"
                            ],
                            "abstractDue": [],
                            "finalDue": [
                                "2016-06-06"
                            ],
                            "location": [
                                "中国"
                            ],
                            "category": [
                                "数据科学（dsc）"
                            ],
                            "ccf": [
                                "B类以上"
                            ],
                            "website": [],
                            "bestPaper": [],
                            "confRelated": [],
                            "journalRelated": []
                        }
                    },
                    "Paper": {
                        "semi": {
                            "doi": [],
                            "title": [],
                            "author": [],
                            "venue": [],
                            "year": [],
                            "institution": [],
                            "abstract": [],
                            "pdf": [],
                            "blog": []
                        },
                        "download": {
                            "path": []
                        }
                    },
                    "Journal": {
                        "semi": {
                            "name": [],
                            "ISSN": [],
                            "E_ISSN": [],
                            "IF": [],
                            "h_index": [],
                            "self_citing": [],
                            "ccf": [],
                            "sci": [],
                            "website": [],
                            "submit": [],
                            "OA": [],
                            "category": [],
                            "speed": [],
                            "rate": []
                        }
                    },
                    "Author": {
                        "semi": {
                            "name": [],
                            "field": [],
                            "affiliation": [],
                            "position": [],
                            "citations": [],
                            "h_index": [],
                            "pubs": []
                        }
                    },
                    "Institution": {
                        "semi": {
                            "name": [],
                            "address": [],
                            "website": []
                        }
                    }
                },
                "dialog_act": {
                    "General-Positive": [
                        [
                            null,
                            null
                        ]
                    ]
                },
                "span_info": []
            },
            {
                "text": "打开一下CHES2016的官网",
                "metadata": {},
                "dialog_act": {
                    "Conference-Browse": [
                        [
                            "acronym",
                            "CHES"
                        ],
                        [
                            "year",
                            "2016"
                        ]
                    ]
                },
                "span_info": [
                    [
                        "Conference-Browse",
                        "acronym",
                        "CHES",
                        4,
                        7
                    ],
                    [
                        "Conference-Browse",
                        "year",
                        "2016",
                        8,
                        11
                    ]
                ]
            },
            {
                "text": "接下来我们将为你打开CHES2016的官网",
                "metadata": {
                    "Conference": {
                        "semi": {
                            "acronym": [
                                "CHES"
                            ],
                            "year": [
                                "2016"
                            ],
                            "fullName": [
                                "Conference on Cryptographic Hardware and Embedded Systems 2016"
                            ],
                            "paperDue": [
                                "2016-03-04"
                            ],
                            "noticeDue": [
                                "2016-05-16"
                            ],
                            "heldDate": [
                                "2022年9月"
                            ],
                            "abstractDue": [],
                            "finalDue": [
                                "2016-06-06"
                            ],
                            "location": [
                                "中国"
                            ],
                            "category": [
                                "数据科学（dsc）"
                            ],
                            "ccf": [
                                "B类以上"
                            ],
                            "website": [],
                            "bestPaper": [],
                            "confRelated": [],
                            "journalRelated": []
                        }
                    },
                    "Paper": {
                        "semi": {
                            "doi": [],
                            "title": [],
                            "author": [],
                            "venue": [],
                            "year": [],
                            "institution": [],
                            "abstract": [],
                            "pdf": [],
                            "blog": []
                        },
                        "download": {
                            "path": []
                        }
                    },
                    "Journal": {
                        "semi": {
                            "name": [],
                            "ISSN": [],
                            "E_ISSN": [],
                            "IF": [],
                            "h_index": [],
                            "self_citing": [],
                            "ccf": [],
                            "sci": [],
                            "website": [],
                            "submit": [],
                            "OA": [],
                            "category": [],
                            "speed": [],
                            "rate": []
                        }
                    },
                    "Author": {
                        "semi": {
                            "name": [],
                            "field": [],
                            "affiliation": [],
                            "position": [],
                            "citations": [],
                            "h_index": [],
                            "pubs": []
                        }
                    },
                    "Institution": {
                        "semi": {
                            "name": [],
                            "address": [],
                            "website": []
                        }
                    }
                },
                "dialog_act": {
                    "Conference-Browse": [
                        [
                            "acronym",
                            "CHES"
                        ],
                        [
                            "year",
                            "2016"
                        ]
                    ]
                },
                "span_info": [
                    [
                        "Conference-Browse",
                        "acronym",
                        "CHES",
                        10,
                        13
                    ],
                    [
                        "Conference-Browse",
                        "year",
                        "2016",
                        14,
                        17
                    ]
                ]
            }
        ]
    }
}