{
    "SFTF_004399": {
        "goal": {
            "Conference": {
                "semi": {
                    "acronym": [],
                    "year": [],
                    "fullName": [],
                    "paperDue": [],
                    "noticeDue": [],
                    "heldDate": [],
                    "abstractDue": [],
                    "finalDue": [],
                    "location": [],
                    "category": [],
                    "ccf": [],
                    "website": [],
                    "bestPaper": [],
                    "confRelated": [],
                    "journalRelated": []
                }
            },
            "Paper": {
                "semi": {
                    "doi": [],
                    "title": [
                        "Hierarchical matching with side information for image classification"
                    ],
                    "author": [
                        "颜水成"
                    ],
                    "venue": [
                        "CVPR"
                    ],
                    "year": [
                        "2012"
                    ],
                    "institution": [
                        "海洋AI实验室"
                    ],
                    "abstract": [
                        "In this work, we introduce a hierarchical matching framework with so-called side information for image classification based on bag-of-words representation. Each image is expressed as a bag of orderless pairs, each of which includes a local feature vector encoded over a visual dictionary, and its corresponding side information from priors or contexts. The side information is used for hierarchical clustering of the encoded local features. Then a hierarchical matching kernel is derived as the weighted sum of the similarities over the encoded features pooled within clusters at different levels. Finally the new kernel is integrated with popular machine learning algorithms for classification purpose. This framework is quite general and flexible, other practical and powerful algorithms can be easily designed by using this framework as a template and utilizing particular side information for hierarchical clustering of the encoded local features. To tackle the latent spatial mismatch issues in SPM, we design in this work two exemplar algorithms based on two types of side information: object confidence map and visual saliency map, from object detection priors and within-image contexts respectively. The extensive experiments over the Caltech-UCSD Birds 200, Oxford Flowers 17 and 102, PASCAL VOC 2007, and PASCAL VOC 2010 databases show the state-of-the-art performances from these two exemplar algorithms."
                    ],
                    "pdf": [],
                    "blog": []
                },
                "download": {
                    "path": []
                }
            },
            "Journal": {
                "semi": {
                    "name": [],
                    "ISSN": [],
                    "E_ISSN": [],
                    "IF": [],
                    "h_index": [],
                    "self_citing": [],
                    "ccf": [],
                    "sci": [],
                    "website": [],
                    "submit": [],
                    "OA": [],
                    "category": [],
                    "speed": [],
                    "rate": []
                }
            },
            "Author": {
                "semi": {
                    "name": [],
                    "field": [],
                    "affiliation": [],
                    "position": [],
                    "citations": [],
                    "h_index": [],
                    "pubs": []
                }
            },
            "Institution": {
                "semi": {
                    "name": [],
                    "address": [],
                    "website": []
                }
            },
            "description": [
                "Given institution; Recommend Paper",
                "When system confirms, give positive answer",
                "Add venue; Recommend Paper",
                "Given venue; Recommend Paper",
                "When system confirms, give positive answer",
                "Confirm detail of year",
                "Request detail of blog",
                "Confirm detail of author",
                "Confirm detail of institution",
                "Request detail of abstract",
                "Request detail of pdf",
                "Request detail of doi"
            ]
        },
        "log": [
            {
                "text": "告诉我南京理工大学材料科学与工程学院发表过哪些论文呢",
                "metadata": {},
                "dialog_act": {
                    "Paper-Inform": [
                        [
                            "institution",
                            "南京理工大学材料科学与工程学院"
                        ]
                    ]
                },
                "span_info": [
                    [
                        "Paper-Inform",
                        "institution",
                        "南京理工大学材料科学与工程学院",
                        3,
                        17
                    ]
                ]
            },
            {
                "text": "你确定找的是南京理工大学材料科学与工程学院发表的论文嘛",
                "metadata": {
                    "Conference": {
                        "semi": {
                            "acronym": [],
                            "year": [],
                            "fullName": [],
                            "paperDue": [],
                            "noticeDue": [],
                            "heldDate": [],
                            "abstractDue": [],
                            "finalDue": [],
                            "location": [],
                            "category": [],
                            "ccf": [],
                            "website": [],
                            "bestPaper": [],
                            "confRelated": [],
                            "journalRelated": []
                        }
                    },
                    "Paper": {
                        "semi": {
                            "doi": [],
                            "title": [],
                            "author": [],
                            "venue": [],
                            "year": [],
                            "institution": [
                                "南京理工大学材料科学与工程学院"
                            ],
                            "abstract": [],
                            "pdf": [],
                            "blog": []
                        },
                        "download": {
                            "path": []
                        }
                    },
                    "Journal": {
                        "semi": {
                            "name": [],
                            "ISSN": [],
                            "E_ISSN": [],
                            "IF": [],
                            "h_index": [],
                            "self_citing": [],
                            "ccf": [],
                            "sci": [],
                            "website": [],
                            "submit": [],
                            "OA": [],
                            "category": [],
                            "speed": [],
                            "rate": []
                        }
                    },
                    "Author": {
                        "semi": {
                            "name": [],
                            "field": [],
                            "affiliation": [],
                            "position": [],
                            "citations": [],
                            "h_index": [],
                            "pubs": []
                        }
                    },
                    "Institution": {
                        "semi": {
                            "name": [],
                            "address": [],
                            "website": []
                        }
                    }
                },
                "dialog_act": {
                    "Paper-Confirm": [
                        [
                            "institution",
                            "南京理工大学材料科学与工程学院"
                        ]
                    ]
                },
                "span_info": [
                    [
                        "Paper-Confirm",
                        "institution",
                        "南京理工大学材料科学与工程学院",
                        6,
                        20
                    ]
                ]
            },
            {
                "text": "是这个问题",
                "metadata": {},
                "dialog_act": {
                    "General-Positive": [
                        [
                            null,
                            null
                        ]
                    ]
                },
                "span_info": []
            },
            {
                "text": "共找到50个符合条件的会议，你想要什么会议发表的论文呢",
                "metadata": {
                    "Conference": {
                        "semi": {
                            "acronym": [],
                            "year": [],
                            "fullName": [],
                            "paperDue": [],
                            "noticeDue": [],
                            "heldDate": [],
                            "abstractDue": [],
                            "finalDue": [],
                            "location": [],
                            "category": [],
                            "ccf": [],
                            "website": [],
                            "bestPaper": [],
                            "confRelated": [],
                            "journalRelated": []
                        }
                    },
                    "Paper": {
                        "semi": {
                            "doi": [],
                            "title": [],
                            "author": [],
                            "venue": [],
                            "year": [],
                            "institution": [
                                "南京理工大学材料科学与工程学院"
                            ],
                            "abstract": [],
                            "pdf": [],
                            "blog": []
                        },
                        "download": {
                            "path": []
                        }
                    },
                    "Journal": {
                        "semi": {
                            "name": [],
                            "ISSN": [],
                            "E_ISSN": [],
                            "IF": [],
                            "h_index": [],
                            "self_citing": [],
                            "ccf": [],
                            "sci": [],
                            "website": [],
                            "submit": [],
                            "OA": [],
                            "category": [],
                            "speed": [],
                            "rate": []
                        }
                    },
                    "Author": {
                        "semi": {
                            "name": [],
                            "field": [],
                            "affiliation": [],
                            "position": [],
                            "citations": [],
                            "h_index": [],
                            "pubs": []
                        }
                    },
                    "Institution": {
                        "semi": {
                            "name": [],
                            "address": [],
                            "website": []
                        }
                    }
                },
                "dialog_act": {
                    "Paper-Recommend": [
                        [
                            "Choice",
                            "127"
                        ]
                    ],
                    "Paper-Reqmore": [
                        [
                            "venue",
                            "?"
                        ]
                    ]
                },
                "span_info": []
            },
            {
                "text": "其中有发表在ICIC上的嘛",
                "metadata": {},
                "dialog_act": {
                    "Paper-Inform": [
                        [
                            "venue",
                            "ICIC"
                        ]
                    ]
                },
                "span_info": [
                    [
                        "Paper-Add",
                        "venue",
                        "ICIC",
                        6,
                        9
                    ]
                ]
            },
            {
                "text": "没找到相应的论文",
                "metadata": {
                    "Conference": {
                        "semi": {
                            "acronym": [],
                            "year": [],
                            "fullName": [],
                            "paperDue": [],
                            "noticeDue": [],
                            "heldDate": [],
                            "abstractDue": [],
                            "finalDue": [],
                            "location": [],
                            "category": [],
                            "ccf": [],
                            "website": [],
                            "bestPaper": [],
                            "confRelated": [],
                            "journalRelated": []
                        }
                    },
                    "Paper": {
                        "semi": {
                            "doi": [],
                            "title": [],
                            "author": [],
                            "venue": [
                                "ICIC"
                            ],
                            "year": [],
                            "institution": [
                                "南京理工大学材料科学与工程学院"
                            ],
                            "abstract": [],
                            "pdf": [],
                            "blog": []
                        },
                        "download": {
                            "path": []
                        }
                    },
                    "Journal": {
                        "semi": {
                            "name": [],
                            "ISSN": [],
                            "E_ISSN": [],
                            "IF": [],
                            "h_index": [],
                            "self_citing": [],
                            "ccf": [],
                            "sci": [],
                            "website": [],
                            "submit": [],
                            "OA": [],
                            "category": [],
                            "speed": [],
                            "rate": []
                        }
                    },
                    "Author": {
                        "semi": {
                            "name": [],
                            "field": [],
                            "affiliation": [],
                            "position": [],
                            "citations": [],
                            "h_index": [],
                            "pubs": []
                        }
                    },
                    "Institution": {
                        "semi": {
                            "name": [],
                            "address": [],
                            "website": []
                        }
                    }
                },
                "dialog_act": {
                    "Paper-Recommend": [
                        [
                            "Choice",
                            "0"
                        ]
                    ]
                },
                "span_info": []
            },
            {
                "text": "告诉我CVPR会议上发表的论文有哪些呢",
                "metadata": {},
                "dialog_act": {
                    "Paper-Inform": [
                        [
                            "venue",
                            "CVPR"
                        ]
                    ]
                },
                "span_info": [
                    [
                        "Paper-Inform",
                        "venue",
                        "CVPR",
                        3,
                        6
                    ]
                ]
            },
            {
                "text": "共找到50篇符合条件的论文，你确定要输出嘛",
                "metadata": {
                    "Conference": {
                        "semi": {
                            "acronym": [],
                            "year": [],
                            "fullName": [],
                            "paperDue": [],
                            "noticeDue": [],
                            "heldDate": [],
                            "abstractDue": [],
                            "finalDue": [],
                            "location": [],
                            "category": [],
                            "ccf": [],
                            "website": [],
                            "bestPaper": [],
                            "confRelated": [],
                            "journalRelated": []
                        }
                    },
                    "Paper": {
                        "semi": {
                            "doi": [],
                            "title": [],
                            "author": [],
                            "venue": [
                                "CVPR"
                            ],
                            "year": [],
                            "institution": [],
                            "abstract": [],
                            "pdf": [],
                            "blog": []
                        },
                        "download": {
                            "path": []
                        }
                    },
                    "Journal": {
                        "semi": {
                            "name": [],
                            "ISSN": [],
                            "E_ISSN": [],
                            "IF": [],
                            "h_index": [],
                            "self_citing": [],
                            "ccf": [],
                            "sci": [],
                            "website": [],
                            "submit": [],
                            "OA": [],
                            "category": [],
                            "speed": [],
                            "rate": []
                        }
                    },
                    "Author": {
                        "semi": {
                            "name": [],
                            "field": [],
                            "affiliation": [],
                            "position": [],
                            "citations": [],
                            "h_index": [],
                            "pubs": []
                        }
                    },
                    "Institution": {
                        "semi": {
                            "name": [],
                            "address": [],
                            "website": []
                        }
                    }
                },
                "dialog_act": {
                    "Paper-Recommend": [
                        [
                            "Choice",
                            "552"
                        ]
                    ],
                    "Paper-Confirm": [
                        [
                            null,
                            null
                        ]
                    ]
                },
                "span_info": []
            },
            {
                "text": "是这个问题",
                "metadata": {},
                "dialog_act": {
                    "General-Positive": [
                        [
                            null,
                            null
                        ]
                    ]
                },
                "span_info": []
            },
            {
                "text": "满足条件的论文共有50篇，点击展开可查看具体信息",
                "metadata": {
                    "Conference": {
                        "semi": {
                            "acronym": [],
                            "year": [],
                            "fullName": [],
                            "paperDue": [],
                            "noticeDue": [],
                            "heldDate": [],
                            "abstractDue": [],
                            "finalDue": [],
                            "location": [],
                            "category": [],
                            "ccf": [],
                            "website": [],
                            "bestPaper": [],
                            "confRelated": [],
                            "journalRelated": []
                        }
                    },
                    "Paper": {
                        "semi": {
                            "doi": [],
                            "title": [],
                            "author": [],
                            "venue": [
                                "CVPR"
                            ],
                            "year": [],
                            "institution": [],
                            "abstract": [],
                            "pdf": [],
                            "blog": []
                        },
                        "download": {
                            "path": []
                        }
                    },
                    "Journal": {
                        "semi": {
                            "name": [],
                            "ISSN": [],
                            "E_ISSN": [],
                            "IF": [],
                            "h_index": [],
                            "self_citing": [],
                            "ccf": [],
                            "sci": [],
                            "website": [],
                            "submit": [],
                            "OA": [],
                            "category": [],
                            "speed": [],
                            "rate": []
                        }
                    },
                    "Author": {
                        "semi": {
                            "name": [],
                            "field": [],
                            "affiliation": [],
                            "position": [],
                            "citations": [],
                            "h_index": [],
                            "pubs": []
                        }
                    },
                    "Institution": {
                        "semi": {
                            "name": [],
                            "address": [],
                            "website": []
                        }
                    }
                },
                "dialog_act": {
                    "Paper-Recommend": [
                        [
                            "Choice",
                            "552"
                        ],
                        [
                            "title",
                            "Hierarchical matching with side information for image classification"
                        ],
                        [
                            "title",
                            "Line matching leveraged by point correspondences"
                        ],
                        [
                            "title",
                            "Multi-label sparse coding for automatic image annotation"
                        ]
                    ]
                },
                "span_info": [
                    [
                        "Paper-Recommend",
                        "title",
                        "Hierarchical matching with side information for image classification",
                        -1,
                        66
                    ],
                    [
                        "Paper-Recommend",
                        "title",
                        "Line matching leveraged by point correspondences",
                        -1,
                        46
                    ],
                    [
                        "Paper-Recommend",
                        "title",
                        "Multi-label sparse coding for automatic image annotation",
                        -1,
                        54
                    ]
                ]
            },
            {
                "text": "请问Hierarchical matching with side information for image classification2012发表嘛",
                "metadata": {},
                "dialog_act": {
                    "Paper-Inform": [
                        [
                            "title",
                            "Hierarchical matching with side information for image classification"
                        ]
                    ],
                    "Paper-Confirm": [
                        [
                            "year",
                            "2012"
                        ]
                    ]
                },
                "span_info": [
                    [
                        "Paper-Inform",
                        "title",
                        "Hierarchical matching with side information for image classification",
                        2,
                        69
                    ],
                    [
                        "Paper-Confirm",
                        "year",
                        "2012",
                        70,
                        73
                    ]
                ]
            },
            {
                "text": "是的呢",
                "metadata": {
                    "Conference": {
                        "semi": {
                            "acronym": [],
                            "year": [],
                            "fullName": [],
                            "paperDue": [],
                            "noticeDue": [],
                            "heldDate": [],
                            "abstractDue": [],
                            "finalDue": [],
                            "location": [],
                            "category": [],
                            "ccf": [],
                            "website": [],
                            "bestPaper": [],
                            "confRelated": [],
                            "journalRelated": []
                        }
                    },
                    "Paper": {
                        "semi": {
                            "doi": [],
                            "title": [
                                "Hierarchical matching with side information for image classification"
                            ],
                            "author": [],
                            "venue": [
                                "CVPR"
                            ],
                            "year": [
                                "2012"
                            ],
                            "institution": [],
                            "abstract": [],
                            "pdf": [],
                            "blog": []
                        },
                        "download": {
                            "path": []
                        }
                    },
                    "Journal": {
                        "semi": {
                            "name": [],
                            "ISSN": [],
                            "E_ISSN": [],
                            "IF": [],
                            "h_index": [],
                            "self_citing": [],
                            "ccf": [],
                            "sci": [],
                            "website": [],
                            "submit": [],
                            "OA": [],
                            "category": [],
                            "speed": [],
                            "rate": []
                        }
                    },
                    "Author": {
                        "semi": {
                            "name": [],
                            "field": [],
                            "affiliation": [],
                            "position": [],
                            "citations": [],
                            "h_index": [],
                            "pubs": []
                        }
                    },
                    "Institution": {
                        "semi": {
                            "name": [],
                            "address": [],
                            "website": []
                        }
                    }
                },
                "dialog_act": {
                    "General-Positive": [
                        [
                            null,
                            null
                        ]
                    ]
                },
                "span_info": []
            },
            {
                "text": "告诉我Hierarchical matching with side information for image classification发表讲解博客是什么",
                "metadata": {},
                "dialog_act": {
                    "Paper-Inform": [
                        [
                            "title",
                            "Hierarchical matching with side information for image classification"
                        ]
                    ],
                    "Paper-Request": [
                        [
                            "blog",
                            "?"
                        ]
                    ]
                },
                "span_info": [
                    [
                        "Paper-Inform",
                        "title",
                        "Hierarchical matching with side information for image classification",
                        3,
                        70
                    ]
                ]
            },
            {
                "text": "目前数据库中没有找到Hierarchical matching with side information for image classification的讲解博客网址，之后我们会不断完善数据，感谢您的理解",
                "metadata": {
                    "Conference": {
                        "semi": {
                            "acronym": [],
                            "year": [],
                            "fullName": [],
                            "paperDue": [],
                            "noticeDue": [],
                            "heldDate": [],
                            "abstractDue": [],
                            "finalDue": [],
                            "location": [],
                            "category": [],
                            "ccf": [],
                            "website": [],
                            "bestPaper": [],
                            "confRelated": [],
                            "journalRelated": []
                        }
                    },
                    "Paper": {
                        "semi": {
                            "doi": [],
                            "title": [
                                "Hierarchical matching with side information for image classification"
                            ],
                            "author": [],
                            "venue": [
                                "CVPR"
                            ],
                            "year": [
                                "2012"
                            ],
                            "institution": [],
                            "abstract": [],
                            "pdf": [],
                            "blog": []
                        },
                        "download": {
                            "path": []
                        }
                    },
                    "Journal": {
                        "semi": {
                            "name": [],
                            "ISSN": [],
                            "E_ISSN": [],
                            "IF": [],
                            "h_index": [],
                            "self_citing": [],
                            "ccf": [],
                            "sci": [],
                            "website": [],
                            "submit": [],
                            "OA": [],
                            "category": [],
                            "speed": [],
                            "rate": []
                        }
                    },
                    "Author": {
                        "semi": {
                            "name": [],
                            "field": [],
                            "affiliation": [],
                            "position": [],
                            "citations": [],
                            "h_index": [],
                            "pubs": []
                        }
                    },
                    "Institution": {
                        "semi": {
                            "name": [],
                            "address": [],
                            "website": []
                        }
                    }
                },
                "dialog_act": {
                    "Paper-Inform": [
                        [
                            "title",
                            "Hierarchical matching with side information for image classification"
                        ]
                    ],
                    "Paper-NoInform": [
                        [
                            "blog",
                            null
                        ]
                    ]
                },
                "span_info": [
                    [
                        "Paper-Inform",
                        "title",
                        "Hierarchical matching with side information for image classification",
                        10,
                        77
                    ]
                ]
            },
            {
                "text": "请问Hierarchical matching with side information for image classification的作者是颜水成嘛",
                "metadata": {},
                "dialog_act": {
                    "Paper-Inform": [
                        [
                            "title",
                            "Hierarchical matching with side information for image classification"
                        ]
                    ],
                    "Paper-Confirm": [
                        [
                            "author",
                            "颜水成"
                        ]
                    ]
                },
                "span_info": [
                    [
                        "Paper-Inform",
                        "title",
                        "Hierarchical matching with side information for image classification",
                        2,
                        69
                    ],
                    [
                        "Paper-Confirm",
                        "author",
                        "颜水成",
                        74,
                        76
                    ]
                ]
            },
            {
                "text": "是的呢",
                "metadata": {
                    "Conference": {
                        "semi": {
                            "acronym": [],
                            "year": [],
                            "fullName": [],
                            "paperDue": [],
                            "noticeDue": [],
                            "heldDate": [],
                            "abstractDue": [],
                            "finalDue": [],
                            "location": [],
                            "category": [],
                            "ccf": [],
                            "website": [],
                            "bestPaper": [],
                            "confRelated": [],
                            "journalRelated": []
                        }
                    },
                    "Paper": {
                        "semi": {
                            "doi": [],
                            "title": [
                                "Hierarchical matching with side information for image classification"
                            ],
                            "author": [
                                "颜水成"
                            ],
                            "venue": [
                                "CVPR"
                            ],
                            "year": [
                                "2012"
                            ],
                            "institution": [],
                            "abstract": [],
                            "pdf": [],
                            "blog": []
                        },
                        "download": {
                            "path": []
                        }
                    },
                    "Journal": {
                        "semi": {
                            "name": [],
                            "ISSN": [],
                            "E_ISSN": [],
                            "IF": [],
                            "h_index": [],
                            "self_citing": [],
                            "ccf": [],
                            "sci": [],
                            "website": [],
                            "submit": [],
                            "OA": [],
                            "category": [],
                            "speed": [],
                            "rate": []
                        }
                    },
                    "Author": {
                        "semi": {
                            "name": [],
                            "field": [],
                            "affiliation": [],
                            "position": [],
                            "citations": [],
                            "h_index": [],
                            "pubs": []
                        }
                    },
                    "Institution": {
                        "semi": {
                            "name": [],
                            "address": [],
                            "website": []
                        }
                    }
                },
                "dialog_act": {
                    "General-Positive": [
                        [
                            null,
                            null
                        ]
                    ]
                },
                "span_info": []
            },
            {
                "text": "你确定Hierarchical matching with side information for image classification是在海洋AI实验室发表嘛",
                "metadata": {},
                "dialog_act": {
                    "Paper-Inform": [
                        [
                            "title",
                            "Hierarchical matching with side information for image classification"
                        ]
                    ],
                    "Paper-Confirm": [
                        [
                            "institution",
                            "海洋AI实验室"
                        ]
                    ]
                },
                "span_info": [
                    [
                        "Paper-Inform",
                        "title",
                        "Hierarchical matching with side information for image classification",
                        3,
                        70
                    ],
                    [
                        "Paper-Confirm",
                        "institution",
                        "海洋AI实验室",
                        73,
                        79
                    ]
                ]
            },
            {
                "text": "你说的没错",
                "metadata": {
                    "Conference": {
                        "semi": {
                            "acronym": [],
                            "year": [],
                            "fullName": [],
                            "paperDue": [],
                            "noticeDue": [],
                            "heldDate": [],
                            "abstractDue": [],
                            "finalDue": [],
                            "location": [],
                            "category": [],
                            "ccf": [],
                            "website": [],
                            "bestPaper": [],
                            "confRelated": [],
                            "journalRelated": []
                        }
                    },
                    "Paper": {
                        "semi": {
                            "doi": [],
                            "title": [
                                "Hierarchical matching with side information for image classification"
                            ],
                            "author": [
                                "颜水成"
                            ],
                            "venue": [
                                "CVPR"
                            ],
                            "year": [
                                "2012"
                            ],
                            "institution": [
                                "海洋AI实验室"
                            ],
                            "abstract": [],
                            "pdf": [],
                            "blog": []
                        },
                        "download": {
                            "path": []
                        }
                    },
                    "Journal": {
                        "semi": {
                            "name": [],
                            "ISSN": [],
                            "E_ISSN": [],
                            "IF": [],
                            "h_index": [],
                            "self_citing": [],
                            "ccf": [],
                            "sci": [],
                            "website": [],
                            "submit": [],
                            "OA": [],
                            "category": [],
                            "speed": [],
                            "rate": []
                        }
                    },
                    "Author": {
                        "semi": {
                            "name": [],
                            "field": [],
                            "affiliation": [],
                            "position": [],
                            "citations": [],
                            "h_index": [],
                            "pubs": []
                        }
                    },
                    "Institution": {
                        "semi": {
                            "name": [],
                            "address": [],
                            "website": []
                        }
                    }
                },
                "dialog_act": {
                    "General-Positive": [
                        [
                            null,
                            null
                        ]
                    ]
                },
                "span_info": []
            },
            {
                "text": "你知道Hierarchical matching with side information for image classification的摘要是什么吗",
                "metadata": {},
                "dialog_act": {
                    "Paper-Inform": [
                        [
                            "title",
                            "Hierarchical matching with side information for image classification"
                        ]
                    ],
                    "Paper-Request": [
                        [
                            "abstract",
                            "?"
                        ]
                    ]
                },
                "span_info": [
                    [
                        "Paper-Inform",
                        "title",
                        "Hierarchical matching with side information for image classification",
                        3,
                        70
                    ]
                ]
            },
            {
                "text": "Hierarchical matching with side information for image classification的摘要是In this work, we introduce a hierarchical matching framework with so-called side information for image classification based on bag-of-words representation. Each image is expressed as a bag of orderless pairs, each of which includes a local feature vector encoded over a visual dictionary, and its corresponding side information from priors or contexts. The side information is used for hierarchical clustering of the encoded local features. Then a hierarchical matching kernel is derived as the weighted sum of the similarities over the encoded features pooled within clusters at different levels. Finally the new kernel is integrated with popular machine learning algorithms for classification purpose. This framework is quite general and flexible, other practical and powerful algorithms can be easily designed by using this framework as a template and utilizing particular side information for hierarchical clustering of the encoded local features. To tackle the latent spatial mismatch issues in SPM, we design in this work two exemplar algorithms based on two types of side information: object confidence map and visual saliency map, from object detection priors and within-image contexts respectively. The extensive experiments over the Caltech-UCSD Birds 200, Oxford Flowers 17 and 102, PASCAL VOC 2007, and PASCAL VOC 2010 databases show the state-of-the-art performances from these two exemplar algorithms.",
                "metadata": {
                    "Conference": {
                        "semi": {
                            "acronym": [],
                            "year": [],
                            "fullName": [],
                            "paperDue": [],
                            "noticeDue": [],
                            "heldDate": [],
                            "abstractDue": [],
                            "finalDue": [],
                            "location": [],
                            "category": [],
                            "ccf": [],
                            "website": [],
                            "bestPaper": [],
                            "confRelated": [],
                            "journalRelated": []
                        }
                    },
                    "Paper": {
                        "semi": {
                            "doi": [],
                            "title": [
                                "Hierarchical matching with side information for image classification"
                            ],
                            "author": [
                                "颜水成"
                            ],
                            "venue": [
                                "CVPR"
                            ],
                            "year": [
                                "2012"
                            ],
                            "institution": [
                                "海洋AI实验室"
                            ],
                            "abstract": [],
                            "pdf": [],
                            "blog": []
                        },
                        "download": {
                            "path": []
                        }
                    },
                    "Journal": {
                        "semi": {
                            "name": [],
                            "ISSN": [],
                            "E_ISSN": [],
                            "IF": [],
                            "h_index": [],
                            "self_citing": [],
                            "ccf": [],
                            "sci": [],
                            "website": [],
                            "submit": [],
                            "OA": [],
                            "category": [],
                            "speed": [],
                            "rate": []
                        }
                    },
                    "Author": {
                        "semi": {
                            "name": [],
                            "field": [],
                            "affiliation": [],
                            "position": [],
                            "citations": [],
                            "h_index": [],
                            "pubs": []
                        }
                    },
                    "Institution": {
                        "semi": {
                            "name": [],
                            "address": [],
                            "website": []
                        }
                    }
                },
                "dialog_act": {
                    "Paper-Inform": [
                        [
                            "title",
                            "Hierarchical matching with side information for image classification"
                        ],
                        [
                            "abstract",
                            "In this work, we introduce a hierarchical matching framework with so-called side information for image classification based on bag-of-words representation. Each image is expressed as a bag of orderless pairs, each of which includes a local feature vector encoded over a visual dictionary, and its corresponding side information from priors or contexts. The side information is used for hierarchical clustering of the encoded local features. Then a hierarchical matching kernel is derived as the weighted sum of the similarities over the encoded features pooled within clusters at different levels. Finally the new kernel is integrated with popular machine learning algorithms for classification purpose. This framework is quite general and flexible, other practical and powerful algorithms can be easily designed by using this framework as a template and utilizing particular side information for hierarchical clustering of the encoded local features. To tackle the latent spatial mismatch issues in SPM, we design in this work two exemplar algorithms based on two types of side information: object confidence map and visual saliency map, from object detection priors and within-image contexts respectively. The extensive experiments over the Caltech-UCSD Birds 200, Oxford Flowers 17 and 102, PASCAL VOC 2007, and PASCAL VOC 2010 databases show the state-of-the-art performances from these two exemplar algorithms."
                        ]
                    ]
                },
                "span_info": [
                    [
                        "Paper-Inform",
                        "title",
                        "Hierarchical matching with side information for image classification",
                        0,
                        67
                    ],
                    [
                        "Paper-Inform",
                        "abstract",
                        "In this work, we introduce a hierarchical matching framework with so-called side information for image classification based on bag-of-words representation. Each image is expressed as a bag of orderless pairs, each of which includes a local feature vector encoded over a visual dictionary, and its corresponding side information from priors or contexts. The side information is used for hierarchical clustering of the encoded local features. Then a hierarchical matching kernel is derived as the weighted sum of the similarities over the encoded features pooled within clusters at different levels. Finally the new kernel is integrated with popular machine learning algorithms for classification purpose. This framework is quite general and flexible, other practical and powerful algorithms can be easily designed by using this framework as a template and utilizing particular side information for hierarchical clustering of the encoded local features. To tackle the latent spatial mismatch issues in SPM, we design in this work two exemplar algorithms based on two types of side information: object confidence map and visual saliency map, from object detection priors and within-image contexts respectively. The extensive experiments over the Caltech-UCSD Birds 200, Oxford Flowers 17 and 102, PASCAL VOC 2007, and PASCAL VOC 2010 databases show the state-of-the-art performances from these two exemplar algorithms.",
                        72,
                        1486
                    ]
                ]
            },
            {
                "text": "你知道Hierarchical matching with side information for image classification在哪里发表的吗",
                "metadata": {},
                "dialog_act": {
                    "Paper-Inform": [
                        [
                            "title",
                            "Hierarchical matching with side information for image classification"
                        ]
                    ],
                    "Paper-Request": [
                        [
                            "pdf",
                            "?"
                        ]
                    ]
                },
                "span_info": [
                    [
                        "Paper-Inform",
                        "title",
                        "Hierarchical matching with side information for image classification",
                        3,
                        70
                    ]
                ]
            },
            {
                "text": "目前数据库中没有找到Hierarchical matching with side information for image classification的pdf网址，之后我们会不断完善数据，感谢您的理解",
                "metadata": {
                    "Conference": {
                        "semi": {
                            "acronym": [],
                            "year": [],
                            "fullName": [],
                            "paperDue": [],
                            "noticeDue": [],
                            "heldDate": [],
                            "abstractDue": [],
                            "finalDue": [],
                            "location": [],
                            "category": [],
                            "ccf": [],
                            "website": [],
                            "bestPaper": [],
                            "confRelated": [],
                            "journalRelated": []
                        }
                    },
                    "Paper": {
                        "semi": {
                            "doi": [],
                            "title": [
                                "Hierarchical matching with side information for image classification"
                            ],
                            "author": [
                                "颜水成"
                            ],
                            "venue": [
                                "CVPR"
                            ],
                            "year": [
                                "2012"
                            ],
                            "institution": [
                                "海洋AI实验室"
                            ],
                            "abstract": [
                                "In this work, we introduce a hierarchical matching framework with so-called side information for image classification based on bag-of-words representation. Each image is expressed as a bag of orderless pairs, each of which includes a local feature vector encoded over a visual dictionary, and its corresponding side information from priors or contexts. The side information is used for hierarchical clustering of the encoded local features. Then a hierarchical matching kernel is derived as the weighted sum of the similarities over the encoded features pooled within clusters at different levels. Finally the new kernel is integrated with popular machine learning algorithms for classification purpose. This framework is quite general and flexible, other practical and powerful algorithms can be easily designed by using this framework as a template and utilizing particular side information for hierarchical clustering of the encoded local features. To tackle the latent spatial mismatch issues in SPM, we design in this work two exemplar algorithms based on two types of side information: object confidence map and visual saliency map, from object detection priors and within-image contexts respectively. The extensive experiments over the Caltech-UCSD Birds 200, Oxford Flowers 17 and 102, PASCAL VOC 2007, and PASCAL VOC 2010 databases show the state-of-the-art performances from these two exemplar algorithms."
                            ],
                            "pdf": [],
                            "blog": []
                        },
                        "download": {
                            "path": []
                        }
                    },
                    "Journal": {
                        "semi": {
                            "name": [],
                            "ISSN": [],
                            "E_ISSN": [],
                            "IF": [],
                            "h_index": [],
                            "self_citing": [],
                            "ccf": [],
                            "sci": [],
                            "website": [],
                            "submit": [],
                            "OA": [],
                            "category": [],
                            "speed": [],
                            "rate": []
                        }
                    },
                    "Author": {
                        "semi": {
                            "name": [],
                            "field": [],
                            "affiliation": [],
                            "position": [],
                            "citations": [],
                            "h_index": [],
                            "pubs": []
                        }
                    },
                    "Institution": {
                        "semi": {
                            "name": [],
                            "address": [],
                            "website": []
                        }
                    }
                },
                "dialog_act": {
                    "Paper-Inform": [
                        [
                            "title",
                            "Hierarchical matching with side information for image classification"
                        ]
                    ],
                    "Paper-NoInform": [
                        [
                            "pdf",
                            null
                        ]
                    ]
                },
                "span_info": [
                    [
                        "Paper-Inform",
                        "title",
                        "Hierarchical matching with side information for image classification",
                        10,
                        77
                    ]
                ]
            },
            {
                "text": "Hierarchical matching with side information for image classification的doi是什么",
                "metadata": {},
                "dialog_act": {
                    "Paper-Inform": [
                        [
                            "title",
                            "Hierarchical matching with side information for image classification"
                        ]
                    ],
                    "Paper-Request": [
                        [
                            "doi",
                            "?"
                        ]
                    ]
                },
                "span_info": [
                    [
                        "Paper-Inform",
                        "title",
                        "Hierarchical matching with side information for image classification",
                        0,
                        67
                    ]
                ]
            },
            {
                "text": "Hierarchical matching with side information for image classification的doi是http://doi.ieeecomputersociety.org/10.1109/CVPR.2012.6248083",
                "metadata": {
                    "Conference": {
                        "semi": {
                            "acronym": [],
                            "year": [],
                            "fullName": [],
                            "paperDue": [],
                            "noticeDue": [],
                            "heldDate": [],
                            "abstractDue": [],
                            "finalDue": [],
                            "location": [],
                            "category": [],
                            "ccf": [],
                            "website": [],
                            "bestPaper": [],
                            "confRelated": [],
                            "journalRelated": []
                        }
                    },
                    "Paper": {
                        "semi": {
                            "doi": [],
                            "title": [
                                "Hierarchical matching with side information for image classification"
                            ],
                            "author": [
                                "颜水成"
                            ],
                            "venue": [
                                "CVPR"
                            ],
                            "year": [
                                "2012"
                            ],
                            "institution": [
                                "海洋AI实验室"
                            ],
                            "abstract": [
                                "In this work, we introduce a hierarchical matching framework with so-called side information for image classification based on bag-of-words representation. Each image is expressed as a bag of orderless pairs, each of which includes a local feature vector encoded over a visual dictionary, and its corresponding side information from priors or contexts. The side information is used for hierarchical clustering of the encoded local features. Then a hierarchical matching kernel is derived as the weighted sum of the similarities over the encoded features pooled within clusters at different levels. Finally the new kernel is integrated with popular machine learning algorithms for classification purpose. This framework is quite general and flexible, other practical and powerful algorithms can be easily designed by using this framework as a template and utilizing particular side information for hierarchical clustering of the encoded local features. To tackle the latent spatial mismatch issues in SPM, we design in this work two exemplar algorithms based on two types of side information: object confidence map and visual saliency map, from object detection priors and within-image contexts respectively. The extensive experiments over the Caltech-UCSD Birds 200, Oxford Flowers 17 and 102, PASCAL VOC 2007, and PASCAL VOC 2010 databases show the state-of-the-art performances from these two exemplar algorithms."
                            ],
                            "pdf": [],
                            "blog": []
                        },
                        "download": {
                            "path": []
                        }
                    },
                    "Journal": {
                        "semi": {
                            "name": [],
                            "ISSN": [],
                            "E_ISSN": [],
                            "IF": [],
                            "h_index": [],
                            "self_citing": [],
                            "ccf": [],
                            "sci": [],
                            "website": [],
                            "submit": [],
                            "OA": [],
                            "category": [],
                            "speed": [],
                            "rate": []
                        }
                    },
                    "Author": {
                        "semi": {
                            "name": [],
                            "field": [],
                            "affiliation": [],
                            "position": [],
                            "citations": [],
                            "h_index": [],
                            "pubs": []
                        }
                    },
                    "Institution": {
                        "semi": {
                            "name": [],
                            "address": [],
                            "website": []
                        }
                    }
                },
                "dialog_act": {
                    "Paper-Inform": [
                        [
                            "title",
                            "Hierarchical matching with side information for image classification"
                        ],
                        [
                            "doi",
                            "http://doi.ieeecomputersociety.org/10.1109/CVPR.2012.6248083"
                        ]
                    ]
                },
                "span_info": [
                    [
                        "Paper-Inform",
                        "title",
                        "Hierarchical matching with side information for image classification",
                        0,
                        67
                    ],
                    [
                        "Paper-Inform",
                        "doi",
                        "http://doi.ieeecomputersociety.org/10.1109/CVPR.2012.6248083",
                        73,
                        132
                    ]
                ]
            }
        ]
    }
}