{
    "SFTF_000096": {
        "goal": {
            "Conference": {
                "semi": {
                    "acronym": [
                        "ICSOC"
                    ],
                    "year": [
                        "2011"
                    ],
                    "fullName": [],
                    "paperDue": [
                        "2011-06-10"
                    ],
                    "noticeDue": [
                        "2011-08-05"
                    ],
                    "heldDate": [
                        "从11月16号到12月28号"
                    ],
                    "abstractDue": [
                        "2011-06-03"
                    ],
                    "finalDue": [],
                    "location": [
                        "塞浦路斯帕福斯"
                    ],
                    "category": [
                        "网状物"
                    ],
                    "ccf": [
                        "B类"
                    ],
                    "website": [
                        "http://www.icsoc.org/"
                    ],
                    "bestPaper": [],
                    "confRelated": [
                        "ENASE"
                    ],
                    "journalRelated": [
                        "IEEE Transactions on Services Computing"
                    ]
                }
            },
            "Paper": {
                "semi": {
                    "doi": [],
                    "title": [],
                    "author": [],
                    "venue": [],
                    "year": [],
                    "institution": [],
                    "abstract": [],
                    "pdf": [],
                    "blog": []
                },
                "download": {
                    "path": []
                }
            },
            "Journal": {
                "semi": {
                    "name": [],
                    "ISSN": [],
                    "E_ISSN": [],
                    "IF": [],
                    "h_index": [],
                    "self_citing": [],
                    "ccf": [],
                    "sci": [],
                    "website": [],
                    "submit": [],
                    "OA": [],
                    "category": [],
                    "speed": [],
                    "rate": []
                }
            },
            "Author": {
                "semi": {
                    "name": [],
                    "field": [],
                    "affiliation": [],
                    "position": [],
                    "citations": [],
                    "h_index": [],
                    "pubs": []
                }
            },
            "Institution": {
                "semi": {
                    "name": [],
                    "address": [],
                    "website": []
                }
            },
            "description": [
                "Given heldDate; Recommend Conference",
                "Add ccf; Recommend Conference",
                "When choice>=4 and system confirms whether output, give negative answer and add constraints",
                "Update ccf; Recommend Conference",
                "When system confirms, give positive answer",
                "Update ccf; Recommend Conference",
                "When system confirms, give positive answer",
                "Given heldDate,ccf; Recommend Conference",
                "When system confirms, give positive answer",
                "Request detail of location",
                "Request detail of category",
                "Request detail of bestPaper",
                "Request detail of paperDue,abstractDue",
                "Request detail of website",
                "Request detail of journalRelated",
                "Request detail of confRelated",
                "Request detail of noticeDue",
                "Request detail of finalDue"
            ]
        },
        "log": [
            {
                "text": "咨询一下哪些会议的举办时间在从11月9号到12月21号呢",
                "metadata": {},
                "dialog_act": {
                    "Conference-Inform": [
                        [
                            "heldDate",
                            "从11月9号到12月21号"
                        ]
                    ]
                },
                "span_info": [
                    [
                        "Conference-Inform",
                        "heldDate",
                        "从11月9号到12月21号",
                        14,
                        26
                    ]
                ]
            },
            {
                "text": "共找到50个符合条件的会议，你想要什么级别的会议呢",
                "metadata": {
                    "Conference": {
                        "semi": {
                            "acronym": [],
                            "year": [],
                            "fullName": [],
                            "paperDue": [],
                            "noticeDue": [],
                            "heldDate": [
                                "从11月9号到12月21号"
                            ],
                            "abstractDue": [],
                            "finalDue": [],
                            "location": [],
                            "category": [],
                            "ccf": [],
                            "website": [],
                            "bestPaper": [],
                            "confRelated": [],
                            "journalRelated": []
                        }
                    },
                    "Paper": {
                        "semi": {
                            "doi": [],
                            "title": [],
                            "author": [],
                            "venue": [],
                            "year": [],
                            "institution": [],
                            "abstract": [],
                            "pdf": [],
                            "blog": []
                        },
                        "download": {
                            "path": []
                        }
                    },
                    "Journal": {
                        "semi": {
                            "name": [],
                            "ISSN": [],
                            "E_ISSN": [],
                            "IF": [],
                            "h_index": [],
                            "self_citing": [],
                            "ccf": [],
                            "sci": [],
                            "website": [],
                            "submit": [],
                            "OA": [],
                            "category": [],
                            "speed": [],
                            "rate": []
                        }
                    },
                    "Author": {
                        "semi": {
                            "name": [],
                            "field": [],
                            "affiliation": [],
                            "position": [],
                            "citations": [],
                            "h_index": [],
                            "pubs": []
                        }
                    },
                    "Institution": {
                        "semi": {
                            "name": [],
                            "address": [],
                            "website": []
                        }
                    }
                },
                "dialog_act": {
                    "Conference-Recommend": [
                        [
                            "Choice",
                            "87"
                        ]
                    ],
                    "Conference-Reqmore": [
                        [
                            "ccf",
                            "?"
                        ]
                    ]
                },
                "span_info": []
            },
            {
                "text": "那属于ccf c会议有哪些呢",
                "metadata": {},
                "dialog_act": {
                    "Conference-Inform": [
                        [
                            "ccf",
                            "ccf c"
                        ]
                    ]
                },
                "span_info": [
                    [
                        "Conference-Add",
                        "ccf",
                        "ccf c",
                        3,
                        7
                    ]
                ]
            },
            {
                "text": "共有50个满足条件的会议，你确定要返回结果嘛",
                "metadata": {
                    "Conference": {
                        "semi": {
                            "acronym": [],
                            "year": [],
                            "fullName": [],
                            "paperDue": [],
                            "noticeDue": [],
                            "heldDate": [
                                "从11月9号到12月21号"
                            ],
                            "abstractDue": [],
                            "finalDue": [],
                            "location": [],
                            "category": [],
                            "ccf": [
                                "ccf c"
                            ],
                            "website": [],
                            "bestPaper": [],
                            "confRelated": [],
                            "journalRelated": []
                        }
                    },
                    "Paper": {
                        "semi": {
                            "doi": [],
                            "title": [],
                            "author": [],
                            "venue": [],
                            "year": [],
                            "institution": [],
                            "abstract": [],
                            "pdf": [],
                            "blog": []
                        },
                        "download": {
                            "path": []
                        }
                    },
                    "Journal": {
                        "semi": {
                            "name": [],
                            "ISSN": [],
                            "E_ISSN": [],
                            "IF": [],
                            "h_index": [],
                            "self_citing": [],
                            "ccf": [],
                            "sci": [],
                            "website": [],
                            "submit": [],
                            "OA": [],
                            "category": [],
                            "speed": [],
                            "rate": []
                        }
                    },
                    "Author": {
                        "semi": {
                            "name": [],
                            "field": [],
                            "affiliation": [],
                            "position": [],
                            "citations": [],
                            "h_index": [],
                            "pubs": []
                        }
                    },
                    "Institution": {
                        "semi": {
                            "name": [],
                            "address": [],
                            "website": []
                        }
                    }
                },
                "dialog_act": {
                    "Conference-Recommend": [
                        [
                            "Choice",
                            "17"
                        ]
                    ],
                    "Conference-Confirm": [
                        [
                            null,
                            null
                        ]
                    ]
                },
                "span_info": []
            },
            {
                "text": "不是吧，告诉我有哪些属于人机交互领域的",
                "metadata": {},
                "dialog_act": {
                    "Conference-Inform": [
                        [
                            "category",
                            "人机交互"
                        ]
                    ],
                    "General-Negative": [
                        [
                            null,
                            null
                        ]
                    ]
                },
                "span_info": [
                    [
                        "Conference-Add",
                        "category",
                        "人机交互",
                        12,
                        15
                    ]
                ]
            },
            {
                "text": "抱歉没有找到符合条件的会议唉，你要不问问ccf b会议",
                "metadata": {
                    "Conference": {
                        "semi": {
                            "acronym": [],
                            "year": [],
                            "fullName": [],
                            "paperDue": [],
                            "noticeDue": [],
                            "heldDate": [
                                "从11月9号到12月21号"
                            ],
                            "abstractDue": [],
                            "finalDue": [],
                            "location": [],
                            "category": [
                                "人机交互"
                            ],
                            "ccf": [
                                "ccf c"
                            ],
                            "website": [],
                            "bestPaper": [],
                            "confRelated": [],
                            "journalRelated": []
                        }
                    },
                    "Paper": {
                        "semi": {
                            "doi": [],
                            "title": [],
                            "author": [],
                            "venue": [],
                            "year": [],
                            "institution": [],
                            "abstract": [],
                            "pdf": [],
                            "blog": []
                        },
                        "download": {
                            "path": []
                        }
                    },
                    "Journal": {
                        "semi": {
                            "name": [],
                            "ISSN": [],
                            "E_ISSN": [],
                            "IF": [],
                            "h_index": [],
                            "self_citing": [],
                            "ccf": [],
                            "sci": [],
                            "website": [],
                            "submit": [],
                            "OA": [],
                            "category": [],
                            "speed": [],
                            "rate": []
                        }
                    },
                    "Author": {
                        "semi": {
                            "name": [],
                            "field": [],
                            "affiliation": [],
                            "position": [],
                            "citations": [],
                            "h_index": [],
                            "pubs": []
                        }
                    },
                    "Institution": {
                        "semi": {
                            "name": [],
                            "address": [],
                            "website": []
                        }
                    }
                },
                "dialog_act": {
                    "Conference-Recommend": [
                        [
                            "Choice",
                            "0"
                        ],
                        [
                            "ccf",
                            "ccf b"
                        ]
                    ]
                },
                "span_info": [
                    [
                        "Conference-Recommend",
                        "ccf",
                        "ccf b",
                        20,
                        24
                    ]
                ]
            },
            {
                "text": "请问属于ccf b会议的呢",
                "metadata": {},
                "dialog_act": {
                    "Conference-Inform": [
                        [
                            "ccf",
                            "ccf b"
                        ]
                    ]
                },
                "span_info": [
                    [
                        "Conference-Update",
                        "ccf",
                        "ccf b",
                        4,
                        8
                    ]
                ]
            },
            {
                "text": "你确定找的是ccf b会议嘛",
                "metadata": {
                    "Conference": {
                        "semi": {
                            "acronym": [],
                            "year": [],
                            "fullName": [],
                            "paperDue": [],
                            "noticeDue": [],
                            "heldDate": [
                                "从11月9号到12月21号"
                            ],
                            "abstractDue": [],
                            "finalDue": [],
                            "location": [],
                            "category": [
                                "人机交互"
                            ],
                            "ccf": [
                                "ccf b"
                            ],
                            "website": [],
                            "bestPaper": [],
                            "confRelated": [],
                            "journalRelated": []
                        }
                    },
                    "Paper": {
                        "semi": {
                            "doi": [],
                            "title": [],
                            "author": [],
                            "venue": [],
                            "year": [],
                            "institution": [],
                            "abstract": [],
                            "pdf": [],
                            "blog": []
                        },
                        "download": {
                            "path": []
                        }
                    },
                    "Journal": {
                        "semi": {
                            "name": [],
                            "ISSN": [],
                            "E_ISSN": [],
                            "IF": [],
                            "h_index": [],
                            "self_citing": [],
                            "ccf": [],
                            "sci": [],
                            "website": [],
                            "submit": [],
                            "OA": [],
                            "category": [],
                            "speed": [],
                            "rate": []
                        }
                    },
                    "Author": {
                        "semi": {
                            "name": [],
                            "field": [],
                            "affiliation": [],
                            "position": [],
                            "citations": [],
                            "h_index": [],
                            "pubs": []
                        }
                    },
                    "Institution": {
                        "semi": {
                            "name": [],
                            "address": [],
                            "website": []
                        }
                    }
                },
                "dialog_act": {
                    "Conference-Confirm": [
                        [
                            "ccf",
                            "ccf b"
                        ]
                    ]
                },
                "span_info": [
                    [
                        "Conference-Confirm",
                        "ccf",
                        "ccf b",
                        6,
                        10
                    ]
                ]
            },
            {
                "text": "是的",
                "metadata": {},
                "dialog_act": {
                    "General-Positive": [
                        [
                            null,
                            null
                        ]
                    ]
                },
                "span_info": []
            },
            {
                "text": "符合条件的会议有0个",
                "metadata": {
                    "Conference": {
                        "semi": {
                            "acronym": [],
                            "year": [],
                            "fullName": [],
                            "paperDue": [],
                            "noticeDue": [],
                            "heldDate": [
                                "从11月9号到12月21号"
                            ],
                            "abstractDue": [],
                            "finalDue": [],
                            "location": [],
                            "category": [
                                "人机交互"
                            ],
                            "ccf": [
                                "ccf b"
                            ],
                            "website": [],
                            "bestPaper": [],
                            "confRelated": [],
                            "journalRelated": []
                        }
                    },
                    "Paper": {
                        "semi": {
                            "doi": [],
                            "title": [],
                            "author": [],
                            "venue": [],
                            "year": [],
                            "institution": [],
                            "abstract": [],
                            "pdf": [],
                            "blog": []
                        },
                        "download": {
                            "path": []
                        }
                    },
                    "Journal": {
                        "semi": {
                            "name": [],
                            "ISSN": [],
                            "E_ISSN": [],
                            "IF": [],
                            "h_index": [],
                            "self_citing": [],
                            "ccf": [],
                            "sci": [],
                            "website": [],
                            "submit": [],
                            "OA": [],
                            "category": [],
                            "speed": [],
                            "rate": []
                        }
                    },
                    "Author": {
                        "semi": {
                            "name": [],
                            "field": [],
                            "affiliation": [],
                            "position": [],
                            "citations": [],
                            "h_index": [],
                            "pubs": []
                        }
                    },
                    "Institution": {
                        "semi": {
                            "name": [],
                            "address": [],
                            "website": []
                        }
                    }
                },
                "dialog_act": {
                    "Conference-Recommend": [
                        [
                            "Choice",
                            "0"
                        ]
                    ]
                },
                "span_info": []
            },
            {
                "text": "请问A类以下会议的呢",
                "metadata": {},
                "dialog_act": {
                    "Conference-Inform": [
                        [
                            "ccf",
                            "A类以下"
                        ]
                    ]
                },
                "span_info": [
                    [
                        "Conference-Update",
                        "ccf",
                        "A类以下",
                        2,
                        5
                    ]
                ]
            },
            {
                "text": "你确定找的是A类以下会议嘛",
                "metadata": {
                    "Conference": {
                        "semi": {
                            "acronym": [],
                            "year": [],
                            "fullName": [],
                            "paperDue": [],
                            "noticeDue": [],
                            "heldDate": [
                                "从11月9号到12月21号"
                            ],
                            "abstractDue": [],
                            "finalDue": [],
                            "location": [],
                            "category": [
                                "人机交互"
                            ],
                            "ccf": [
                                "A类以下"
                            ],
                            "website": [],
                            "bestPaper": [],
                            "confRelated": [],
                            "journalRelated": []
                        }
                    },
                    "Paper": {
                        "semi": {
                            "doi": [],
                            "title": [],
                            "author": [],
                            "venue": [],
                            "year": [],
                            "institution": [],
                            "abstract": [],
                            "pdf": [],
                            "blog": []
                        },
                        "download": {
                            "path": []
                        }
                    },
                    "Journal": {
                        "semi": {
                            "name": [],
                            "ISSN": [],
                            "E_ISSN": [],
                            "IF": [],
                            "h_index": [],
                            "self_citing": [],
                            "ccf": [],
                            "sci": [],
                            "website": [],
                            "submit": [],
                            "OA": [],
                            "category": [],
                            "speed": [],
                            "rate": []
                        }
                    },
                    "Author": {
                        "semi": {
                            "name": [],
                            "field": [],
                            "affiliation": [],
                            "position": [],
                            "citations": [],
                            "h_index": [],
                            "pubs": []
                        }
                    },
                    "Institution": {
                        "semi": {
                            "name": [],
                            "address": [],
                            "website": []
                        }
                    }
                },
                "dialog_act": {
                    "Conference-Confirm": [
                        [
                            "ccf",
                            "A类以下"
                        ]
                    ]
                },
                "span_info": [
                    [
                        "Conference-Confirm",
                        "ccf",
                        "A类以下",
                        6,
                        9
                    ]
                ]
            },
            {
                "text": "嗯嗯",
                "metadata": {},
                "dialog_act": {
                    "General-Positive": [
                        [
                            null,
                            null
                        ]
                    ]
                },
                "span_info": []
            },
            {
                "text": "没有符合条件的会议",
                "metadata": {
                    "Conference": {
                        "semi": {
                            "acronym": [],
                            "year": [],
                            "fullName": [],
                            "paperDue": [],
                            "noticeDue": [],
                            "heldDate": [
                                "从11月9号到12月21号"
                            ],
                            "abstractDue": [],
                            "finalDue": [],
                            "location": [],
                            "category": [
                                "人机交互"
                            ],
                            "ccf": [
                                "A类以下"
                            ],
                            "website": [],
                            "bestPaper": [],
                            "confRelated": [],
                            "journalRelated": []
                        }
                    },
                    "Paper": {
                        "semi": {
                            "doi": [],
                            "title": [],
                            "author": [],
                            "venue": [],
                            "year": [],
                            "institution": [],
                            "abstract": [],
                            "pdf": [],
                            "blog": []
                        },
                        "download": {
                            "path": []
                        }
                    },
                    "Journal": {
                        "semi": {
                            "name": [],
                            "ISSN": [],
                            "E_ISSN": [],
                            "IF": [],
                            "h_index": [],
                            "self_citing": [],
                            "ccf": [],
                            "sci": [],
                            "website": [],
                            "submit": [],
                            "OA": [],
                            "category": [],
                            "speed": [],
                            "rate": []
                        }
                    },
                    "Author": {
                        "semi": {
                            "name": [],
                            "field": [],
                            "affiliation": [],
                            "position": [],
                            "citations": [],
                            "h_index": [],
                            "pubs": []
                        }
                    },
                    "Institution": {
                        "semi": {
                            "name": [],
                            "address": [],
                            "website": []
                        }
                    }
                },
                "dialog_act": {
                    "Conference-Recommend": [
                        [
                            "Choice",
                            "0"
                        ]
                    ]
                },
                "span_info": []
            },
            {
                "text": "从11月16号到12月28号举行的B类会议都有哪些呢",
                "metadata": {},
                "dialog_act": {
                    "Conference-Inform": [
                        [
                            "heldDate",
                            "从11月16号到12月28号"
                        ],
                        [
                            "ccf",
                            "B类"
                        ]
                    ]
                },
                "span_info": [
                    [
                        "Conference-Inform",
                        "heldDate",
                        "从11月16号到12月28号",
                        0,
                        13
                    ],
                    [
                        "Conference-Inform",
                        "ccf",
                        "B类",
                        17,
                        18
                    ]
                ]
            },
            {
                "text": "共找到50个符合条件的会议，你确定要返回结果嘛",
                "metadata": {
                    "Conference": {
                        "semi": {
                            "acronym": [],
                            "year": [],
                            "fullName": [],
                            "paperDue": [],
                            "noticeDue": [],
                            "heldDate": [
                                "从11月16号到12月28号"
                            ],
                            "abstractDue": [],
                            "finalDue": [],
                            "location": [],
                            "category": [],
                            "ccf": [
                                "B类"
                            ],
                            "website": [],
                            "bestPaper": [],
                            "confRelated": [],
                            "journalRelated": []
                        }
                    },
                    "Paper": {
                        "semi": {
                            "doi": [],
                            "title": [],
                            "author": [],
                            "venue": [],
                            "year": [],
                            "institution": [],
                            "abstract": [],
                            "pdf": [],
                            "blog": []
                        },
                        "download": {
                            "path": []
                        }
                    },
                    "Journal": {
                        "semi": {
                            "name": [],
                            "ISSN": [],
                            "E_ISSN": [],
                            "IF": [],
                            "h_index": [],
                            "self_citing": [],
                            "ccf": [],
                            "sci": [],
                            "website": [],
                            "submit": [],
                            "OA": [],
                            "category": [],
                            "speed": [],
                            "rate": []
                        }
                    },
                    "Author": {
                        "semi": {
                            "name": [],
                            "field": [],
                            "affiliation": [],
                            "position": [],
                            "citations": [],
                            "h_index": [],
                            "pubs": []
                        }
                    },
                    "Institution": {
                        "semi": {
                            "name": [],
                            "address": [],
                            "website": []
                        }
                    }
                },
                "dialog_act": {
                    "Conference-Recommend": [
                        [
                            "Choice",
                            "5"
                        ]
                    ],
                    "Conference-Confirm": [
                        [
                            null,
                            null
                        ]
                    ]
                },
                "span_info": []
            },
            {
                "text": "嗯嗯是的呢",
                "metadata": {},
                "dialog_act": {
                    "General-Positive": [
                        [
                            null,
                            null
                        ]
                    ]
                },
                "span_info": []
            },
            {
                "text": "共找到50个符合条件的会议，点击展开可查看具体信息",
                "metadata": {
                    "Conference": {
                        "semi": {
                            "acronym": [],
                            "year": [],
                            "fullName": [],
                            "paperDue": [],
                            "noticeDue": [],
                            "heldDate": [
                                "从11月16号到12月28号"
                            ],
                            "abstractDue": [],
                            "finalDue": [],
                            "location": [],
                            "category": [],
                            "ccf": [
                                "B类"
                            ],
                            "website": [],
                            "bestPaper": [],
                            "confRelated": [],
                            "journalRelated": []
                        }
                    },
                    "Paper": {
                        "semi": {
                            "doi": [],
                            "title": [],
                            "author": [],
                            "venue": [],
                            "year": [],
                            "institution": [],
                            "abstract": [],
                            "pdf": [],
                            "blog": []
                        },
                        "download": {
                            "path": []
                        }
                    },
                    "Journal": {
                        "semi": {
                            "name": [],
                            "ISSN": [],
                            "E_ISSN": [],
                            "IF": [],
                            "h_index": [],
                            "self_citing": [],
                            "ccf": [],
                            "sci": [],
                            "website": [],
                            "submit": [],
                            "OA": [],
                            "category": [],
                            "speed": [],
                            "rate": []
                        }
                    },
                    "Author": {
                        "semi": {
                            "name": [],
                            "field": [],
                            "affiliation": [],
                            "position": [],
                            "citations": [],
                            "h_index": [],
                            "pubs": []
                        }
                    },
                    "Institution": {
                        "semi": {
                            "name": [],
                            "address": [],
                            "website": []
                        }
                    }
                },
                "dialog_act": {
                    "Conference-Recommend": [
                        [
                            "Choice",
                            "5"
                        ],
                        [
                            "acronym",
                            "ICSOC"
                        ],
                        [
                            "acronym",
                            "ICDM"
                        ],
                        [
                            "acronym",
                            "ACSAC"
                        ]
                    ]
                },
                "span_info": [
                    [
                        "Conference-Recommend",
                        "acronym",
                        "ICSOC",
                        -1,
                        3
                    ],
                    [
                        "Conference-Recommend",
                        "acronym",
                        "ICDM",
                        -1,
                        2
                    ],
                    [
                        "Conference-Recommend",
                        "acronym",
                        "ACSAC",
                        -1,
                        3
                    ]
                ]
            },
            {
                "text": "你知道ICSOC2011举办地点在哪呢",
                "metadata": {},
                "dialog_act": {
                    "Conference-Inform": [
                        [
                            "acronym",
                            "ICSOC"
                        ],
                        [
                            "year",
                            "2011"
                        ]
                    ],
                    "Conference-Request": [
                        [
                            "location",
                            "?"
                        ]
                    ]
                },
                "span_info": [
                    [
                        "Conference-Inform",
                        "acronym",
                        "ICSOC",
                        3,
                        7
                    ],
                    [
                        "Conference-Inform",
                        "year",
                        "2011",
                        8,
                        11
                    ]
                ]
            },
            {
                "text": "ICSOC2011的举行地点是塞浦路斯帕福斯",
                "metadata": {
                    "Conference": {
                        "semi": {
                            "acronym": [
                                "ICSOC"
                            ],
                            "year": [
                                "2011"
                            ],
                            "fullName": [],
                            "paperDue": [],
                            "noticeDue": [],
                            "heldDate": [
                                "从11月16号到12月28号"
                            ],
                            "abstractDue": [],
                            "finalDue": [],
                            "location": [],
                            "category": [],
                            "ccf": [
                                "B类"
                            ],
                            "website": [],
                            "bestPaper": [],
                            "confRelated": [],
                            "journalRelated": []
                        }
                    },
                    "Paper": {
                        "semi": {
                            "doi": [],
                            "title": [],
                            "author": [],
                            "venue": [],
                            "year": [],
                            "institution": [],
                            "abstract": [],
                            "pdf": [],
                            "blog": []
                        },
                        "download": {
                            "path": []
                        }
                    },
                    "Journal": {
                        "semi": {
                            "name": [],
                            "ISSN": [],
                            "E_ISSN": [],
                            "IF": [],
                            "h_index": [],
                            "self_citing": [],
                            "ccf": [],
                            "sci": [],
                            "website": [],
                            "submit": [],
                            "OA": [],
                            "category": [],
                            "speed": [],
                            "rate": []
                        }
                    },
                    "Author": {
                        "semi": {
                            "name": [],
                            "field": [],
                            "affiliation": [],
                            "position": [],
                            "citations": [],
                            "h_index": [],
                            "pubs": []
                        }
                    },
                    "Institution": {
                        "semi": {
                            "name": [],
                            "address": [],
                            "website": []
                        }
                    }
                },
                "dialog_act": {
                    "Conference-Inform": [
                        [
                            "acronym",
                            "ICSOC"
                        ],
                        [
                            "year",
                            "2011"
                        ],
                        [
                            "location",
                            "塞浦路斯帕福斯"
                        ]
                    ]
                },
                "span_info": [
                    [
                        "Conference-Inform",
                        "acronym",
                        "ICSOC",
                        0,
                        4
                    ],
                    [
                        "Conference-Inform",
                        "year",
                        "2011",
                        5,
                        8
                    ],
                    [
                        "Conference-Inform",
                        "location",
                        "塞浦路斯帕福斯",
                        15,
                        21
                    ]
                ]
            },
            {
                "text": "咨询一下ICSOC涉及什么领域呢",
                "metadata": {},
                "dialog_act": {
                    "Conference-Inform": [
                        [
                            "acronym",
                            "ICSOC"
                        ]
                    ],
                    "Conference-Request": [
                        [
                            "category",
                            "?"
                        ]
                    ]
                },
                "span_info": [
                    [
                        "Conference-Inform",
                        "acronym",
                        "ICSOC",
                        4,
                        8
                    ]
                ]
            },
            {
                "text": "ICSOC会议的研究领域有网状物",
                "metadata": {
                    "Conference": {
                        "semi": {
                            "acronym": [
                                "ICSOC"
                            ],
                            "year": [
                                "2011"
                            ],
                            "fullName": [],
                            "paperDue": [],
                            "noticeDue": [],
                            "heldDate": [
                                "从11月16号到12月28号"
                            ],
                            "abstractDue": [],
                            "finalDue": [],
                            "location": [
                                "塞浦路斯帕福斯"
                            ],
                            "category": [],
                            "ccf": [
                                "B类"
                            ],
                            "website": [],
                            "bestPaper": [],
                            "confRelated": [],
                            "journalRelated": []
                        }
                    },
                    "Paper": {
                        "semi": {
                            "doi": [],
                            "title": [],
                            "author": [],
                            "venue": [],
                            "year": [],
                            "institution": [],
                            "abstract": [],
                            "pdf": [],
                            "blog": []
                        },
                        "download": {
                            "path": []
                        }
                    },
                    "Journal": {
                        "semi": {
                            "name": [],
                            "ISSN": [],
                            "E_ISSN": [],
                            "IF": [],
                            "h_index": [],
                            "self_citing": [],
                            "ccf": [],
                            "sci": [],
                            "website": [],
                            "submit": [],
                            "OA": [],
                            "category": [],
                            "speed": [],
                            "rate": []
                        }
                    },
                    "Author": {
                        "semi": {
                            "name": [],
                            "field": [],
                            "affiliation": [],
                            "position": [],
                            "citations": [],
                            "h_index": [],
                            "pubs": []
                        }
                    },
                    "Institution": {
                        "semi": {
                            "name": [],
                            "address": [],
                            "website": []
                        }
                    }
                },
                "dialog_act": {
                    "Conference-Inform": [
                        [
                            "acronym",
                            "ICSOC"
                        ],
                        [
                            "category",
                            "网状物"
                        ]
                    ]
                },
                "span_info": [
                    [
                        "Conference-Inform",
                        "acronym",
                        "ICSOC",
                        0,
                        4
                    ],
                    [
                        "Conference-Inform",
                        "category",
                        "网状物",
                        13,
                        15
                    ]
                ]
            },
            {
                "text": "介绍一下ICSOC有哪些很不错的论文呢",
                "metadata": {},
                "dialog_act": {
                    "Conference-Inform": [
                        [
                            "acronym",
                            "ICSOC"
                        ]
                    ],
                    "Conference-Request": [
                        [
                            "bestPaper",
                            "?"
                        ]
                    ]
                },
                "span_info": [
                    [
                        "Conference-Inform",
                        "acronym",
                        "ICSOC",
                        4,
                        8
                    ]
                ]
            },
            {
                "text": "目前数据库中没有找到ICSOC会议的最佳论文，之后我们会不断完善数据，感谢您的理解",
                "metadata": {
                    "Conference": {
                        "semi": {
                            "acronym": [
                                "ICSOC"
                            ],
                            "year": [
                                "2011"
                            ],
                            "fullName": [],
                            "paperDue": [],
                            "noticeDue": [],
                            "heldDate": [
                                "从11月16号到12月28号"
                            ],
                            "abstractDue": [],
                            "finalDue": [],
                            "location": [
                                "塞浦路斯帕福斯"
                            ],
                            "category": [
                                "网状物"
                            ],
                            "ccf": [
                                "B类"
                            ],
                            "website": [],
                            "bestPaper": [],
                            "confRelated": [],
                            "journalRelated": []
                        }
                    },
                    "Paper": {
                        "semi": {
                            "doi": [],
                            "title": [],
                            "author": [],
                            "venue": [],
                            "year": [],
                            "institution": [],
                            "abstract": [],
                            "pdf": [],
                            "blog": []
                        },
                        "download": {
                            "path": []
                        }
                    },
                    "Journal": {
                        "semi": {
                            "name": [],
                            "ISSN": [],
                            "E_ISSN": [],
                            "IF": [],
                            "h_index": [],
                            "self_citing": [],
                            "ccf": [],
                            "sci": [],
                            "website": [],
                            "submit": [],
                            "OA": [],
                            "category": [],
                            "speed": [],
                            "rate": []
                        }
                    },
                    "Author": {
                        "semi": {
                            "name": [],
                            "field": [],
                            "affiliation": [],
                            "position": [],
                            "citations": [],
                            "h_index": [],
                            "pubs": []
                        }
                    },
                    "Institution": {
                        "semi": {
                            "name": [],
                            "address": [],
                            "website": []
                        }
                    }
                },
                "dialog_act": {
                    "Conference-Inform": [
                        [
                            "acronym",
                            "ICSOC"
                        ]
                    ],
                    "Conference-NoInform": [
                        [
                            "bestPaper",
                            null
                        ]
                    ]
                },
                "span_info": [
                    [
                        "Conference-Inform",
                        "acronym",
                        "ICSOC",
                        10,
                        14
                    ]
                ]
            },
            {
                "text": "你知道ICSOC2011什么时候截止提交摘要和论文呢",
                "metadata": {},
                "dialog_act": {
                    "Conference-Inform": [
                        [
                            "acronym",
                            "ICSOC"
                        ],
                        [
                            "year",
                            "2011"
                        ]
                    ],
                    "Conference-Request": [
                        [
                            "paperDue",
                            "?"
                        ],
                        [
                            "abstractDue",
                            "?"
                        ]
                    ]
                },
                "span_info": [
                    [
                        "Conference-Inform",
                        "acronym",
                        "ICSOC",
                        3,
                        7
                    ],
                    [
                        "Conference-Inform",
                        "year",
                        "2011",
                        8,
                        11
                    ]
                ]
            },
            {
                "text": "ICSOC2011的截稿时间是2011-06-10，摘要截稿时间是2011-06-10",
                "metadata": {
                    "Conference": {
                        "semi": {
                            "acronym": [
                                "ICSOC"
                            ],
                            "year": [
                                "2011"
                            ],
                            "fullName": [],
                            "paperDue": [],
                            "noticeDue": [],
                            "heldDate": [
                                "从11月16号到12月28号"
                            ],
                            "abstractDue": [],
                            "finalDue": [],
                            "location": [
                                "塞浦路斯帕福斯"
                            ],
                            "category": [
                                "网状物"
                            ],
                            "ccf": [
                                "B类"
                            ],
                            "website": [],
                            "bestPaper": [],
                            "confRelated": [],
                            "journalRelated": []
                        }
                    },
                    "Paper": {
                        "semi": {
                            "doi": [],
                            "title": [],
                            "author": [],
                            "venue": [],
                            "year": [],
                            "institution": [],
                            "abstract": [],
                            "pdf": [],
                            "blog": []
                        },
                        "download": {
                            "path": []
                        }
                    },
                    "Journal": {
                        "semi": {
                            "name": [],
                            "ISSN": [],
                            "E_ISSN": [],
                            "IF": [],
                            "h_index": [],
                            "self_citing": [],
                            "ccf": [],
                            "sci": [],
                            "website": [],
                            "submit": [],
                            "OA": [],
                            "category": [],
                            "speed": [],
                            "rate": []
                        }
                    },
                    "Author": {
                        "semi": {
                            "name": [],
                            "field": [],
                            "affiliation": [],
                            "position": [],
                            "citations": [],
                            "h_index": [],
                            "pubs": []
                        }
                    },
                    "Institution": {
                        "semi": {
                            "name": [],
                            "address": [],
                            "website": []
                        }
                    }
                },
                "dialog_act": {
                    "Conference-Inform": [
                        [
                            "acronym",
                            "ICSOC"
                        ],
                        [
                            "year",
                            "2011"
                        ],
                        [
                            "paperDue",
                            "2011-06-10"
                        ],
                        [
                            "abstractDue",
                            "2011-06-03"
                        ]
                    ]
                },
                "span_info": [
                    [
                        "Conference-Inform",
                        "acronym",
                        "ICSOC",
                        0,
                        4
                    ],
                    [
                        "Conference-Inform",
                        "year",
                        "2011",
                        5,
                        8
                    ],
                    [
                        "Conference-Inform",
                        "paperDue",
                        "2011-06-10",
                        15,
                        24
                    ],
                    [
                        "Conference-Inform",
                        "abstractDue",
                        "2011-06-03",
                        -1,
                        8
                    ]
                ]
            },
            {
                "text": "你知道ICSOC2011会议的官网链接去哪找",
                "metadata": {},
                "dialog_act": {
                    "Conference-Inform": [
                        [
                            "acronym",
                            "ICSOC"
                        ],
                        [
                            "year",
                            "2011"
                        ]
                    ],
                    "Conference-Request": [
                        [
                            "website",
                            "?"
                        ]
                    ]
                },
                "span_info": [
                    [
                        "Conference-Inform",
                        "acronym",
                        "ICSOC",
                        3,
                        7
                    ],
                    [
                        "Conference-Inform",
                        "year",
                        "2011",
                        8,
                        11
                    ]
                ]
            },
            {
                "text": "ICSOC2011的官网是http://www.icsoc.org/",
                "metadata": {
                    "Conference": {
                        "semi": {
                            "acronym": [
                                "ICSOC"
                            ],
                            "year": [
                                "2011"
                            ],
                            "fullName": [],
                            "paperDue": [
                                "2011-06-10"
                            ],
                            "noticeDue": [],
                            "heldDate": [
                                "从11月16号到12月28号"
                            ],
                            "abstractDue": [
                                "2011-06-03"
                            ],
                            "finalDue": [],
                            "location": [
                                "塞浦路斯帕福斯"
                            ],
                            "category": [
                                "网状物"
                            ],
                            "ccf": [
                                "B类"
                            ],
                            "website": [],
                            "bestPaper": [],
                            "confRelated": [],
                            "journalRelated": []
                        }
                    },
                    "Paper": {
                        "semi": {
                            "doi": [],
                            "title": [],
                            "author": [],
                            "venue": [],
                            "year": [],
                            "institution": [],
                            "abstract": [],
                            "pdf": [],
                            "blog": []
                        },
                        "download": {
                            "path": []
                        }
                    },
                    "Journal": {
                        "semi": {
                            "name": [],
                            "ISSN": [],
                            "E_ISSN": [],
                            "IF": [],
                            "h_index": [],
                            "self_citing": [],
                            "ccf": [],
                            "sci": [],
                            "website": [],
                            "submit": [],
                            "OA": [],
                            "category": [],
                            "speed": [],
                            "rate": []
                        }
                    },
                    "Author": {
                        "semi": {
                            "name": [],
                            "field": [],
                            "affiliation": [],
                            "position": [],
                            "citations": [],
                            "h_index": [],
                            "pubs": []
                        }
                    },
                    "Institution": {
                        "semi": {
                            "name": [],
                            "address": [],
                            "website": []
                        }
                    }
                },
                "dialog_act": {
                    "Conference-Inform": [
                        [
                            "acronym",
                            "ICSOC"
                        ],
                        [
                            "year",
                            "2011"
                        ],
                        [
                            "website",
                            "http://www.icsoc.org/"
                        ]
                    ]
                },
                "span_info": [
                    [
                        "Conference-Inform",
                        "acronym",
                        "ICSOC",
                        0,
                        4
                    ],
                    [
                        "Conference-Inform",
                        "year",
                        "2011",
                        5,
                        8
                    ],
                    [
                        "Conference-Inform",
                        "website",
                        "http://www.icsoc.org/",
                        13,
                        33
                    ]
                ]
            },
            {
                "text": "ICSOC的相关期刊有哪些",
                "metadata": {},
                "dialog_act": {
                    "Conference-Inform": [
                        [
                            "acronym",
                            "ICSOC"
                        ]
                    ],
                    "Conference-Request": [
                        [
                            "journalRelated",
                            "?"
                        ]
                    ]
                },
                "span_info": [
                    [
                        "Conference-Inform",
                        "acronym",
                        "ICSOC",
                        0,
                        4
                    ]
                ]
            },
            {
                "text": "ICSOC会议的相关期刊有IEEE Transactions on Services Computing",
                "metadata": {
                    "Conference": {
                        "semi": {
                            "acronym": [
                                "ICSOC"
                            ],
                            "year": [
                                "2011"
                            ],
                            "fullName": [],
                            "paperDue": [
                                "2011-06-10"
                            ],
                            "noticeDue": [],
                            "heldDate": [
                                "从11月16号到12月28号"
                            ],
                            "abstractDue": [
                                "2011-06-03"
                            ],
                            "finalDue": [],
                            "location": [
                                "塞浦路斯帕福斯"
                            ],
                            "category": [
                                "网状物"
                            ],
                            "ccf": [
                                "B类"
                            ],
                            "website": [
                                "http://www.icsoc.org/"
                            ],
                            "bestPaper": [],
                            "confRelated": [],
                            "journalRelated": []
                        }
                    },
                    "Paper": {
                        "semi": {
                            "doi": [],
                            "title": [],
                            "author": [],
                            "venue": [],
                            "year": [],
                            "institution": [],
                            "abstract": [],
                            "pdf": [],
                            "blog": []
                        },
                        "download": {
                            "path": []
                        }
                    },
                    "Journal": {
                        "semi": {
                            "name": [],
                            "ISSN": [],
                            "E_ISSN": [],
                            "IF": [],
                            "h_index": [],
                            "self_citing": [],
                            "ccf": [],
                            "sci": [],
                            "website": [],
                            "submit": [],
                            "OA": [],
                            "category": [],
                            "speed": [],
                            "rate": []
                        }
                    },
                    "Author": {
                        "semi": {
                            "name": [],
                            "field": [],
                            "affiliation": [],
                            "position": [],
                            "citations": [],
                            "h_index": [],
                            "pubs": []
                        }
                    },
                    "Institution": {
                        "semi": {
                            "name": [],
                            "address": [],
                            "website": []
                        }
                    }
                },
                "dialog_act": {
                    "Conference-Inform": [
                        [
                            "acronym",
                            "ICSOC"
                        ],
                        [
                            "journalRelated",
                            "IEEE Transactions on Services Computing"
                        ]
                    ]
                },
                "span_info": [
                    [
                        "Conference-Inform",
                        "acronym",
                        "ICSOC",
                        0,
                        4
                    ],
                    [
                        "Conference-Inform",
                        "journalRelated",
                        "IEEE Transactions on Services Computing",
                        13,
                        51
                    ]
                ]
            },
            {
                "text": "ICSOC有哪些与之有关的会议呢",
                "metadata": {},
                "dialog_act": {
                    "Conference-Inform": [
                        [
                            "acronym",
                            "ICSOC"
                        ]
                    ],
                    "Conference-Request": [
                        [
                            "confRelated",
                            "?"
                        ]
                    ]
                },
                "span_info": [
                    [
                        "Conference-Inform",
                        "acronym",
                        "ICSOC",
                        0,
                        4
                    ]
                ]
            },
            {
                "text": "ICSOC会议的相关会议有ENASE",
                "metadata": {
                    "Conference": {
                        "semi": {
                            "acronym": [
                                "ICSOC"
                            ],
                            "year": [
                                "2011"
                            ],
                            "fullName": [],
                            "paperDue": [
                                "2011-06-10"
                            ],
                            "noticeDue": [],
                            "heldDate": [
                                "从11月16号到12月28号"
                            ],
                            "abstractDue": [
                                "2011-06-03"
                            ],
                            "finalDue": [],
                            "location": [
                                "塞浦路斯帕福斯"
                            ],
                            "category": [
                                "网状物"
                            ],
                            "ccf": [
                                "B类"
                            ],
                            "website": [
                                "http://www.icsoc.org/"
                            ],
                            "bestPaper": [],
                            "confRelated": [],
                            "journalRelated": [
                                "IEEE Transactions on Services Computing"
                            ]
                        }
                    },
                    "Paper": {
                        "semi": {
                            "doi": [],
                            "title": [],
                            "author": [],
                            "venue": [],
                            "year": [],
                            "institution": [],
                            "abstract": [],
                            "pdf": [],
                            "blog": []
                        },
                        "download": {
                            "path": []
                        }
                    },
                    "Journal": {
                        "semi": {
                            "name": [],
                            "ISSN": [],
                            "E_ISSN": [],
                            "IF": [],
                            "h_index": [],
                            "self_citing": [],
                            "ccf": [],
                            "sci": [],
                            "website": [],
                            "submit": [],
                            "OA": [],
                            "category": [],
                            "speed": [],
                            "rate": []
                        }
                    },
                    "Author": {
                        "semi": {
                            "name": [],
                            "field": [],
                            "affiliation": [],
                            "position": [],
                            "citations": [],
                            "h_index": [],
                            "pubs": []
                        }
                    },
                    "Institution": {
                        "semi": {
                            "name": [],
                            "address": [],
                            "website": []
                        }
                    }
                },
                "dialog_act": {
                    "Conference-Inform": [
                        [
                            "acronym",
                            "ICSOC"
                        ],
                        [
                            "confRelated",
                            "ENASE"
                        ]
                    ]
                },
                "span_info": [
                    [
                        "Conference-Inform",
                        "acronym",
                        "ICSOC",
                        0,
                        4
                    ],
                    [
                        "Conference-Inform",
                        "confRelated",
                        "ENASE",
                        13,
                        17
                    ]
                ]
            },
            {
                "text": "你知道到什么时候ICSOC2011通知呢",
                "metadata": {},
                "dialog_act": {
                    "Conference-Inform": [
                        [
                            "acronym",
                            "ICSOC"
                        ],
                        [
                            "year",
                            "2011"
                        ]
                    ],
                    "Conference-Request": [
                        [
                            "noticeDue",
                            "?"
                        ]
                    ]
                },
                "span_info": [
                    [
                        "Conference-Inform",
                        "acronym",
                        "ICSOC",
                        8,
                        12
                    ],
                    [
                        "Conference-Inform",
                        "year",
                        "2011",
                        13,
                        16
                    ]
                ]
            },
            {
                "text": "ICSOC2011的通知时间是2011-08-05",
                "metadata": {
                    "Conference": {
                        "semi": {
                            "acronym": [
                                "ICSOC"
                            ],
                            "year": [
                                "2011"
                            ],
                            "fullName": [],
                            "paperDue": [
                                "2011-06-10"
                            ],
                            "noticeDue": [],
                            "heldDate": [
                                "从11月16号到12月28号"
                            ],
                            "abstractDue": [
                                "2011-06-03"
                            ],
                            "finalDue": [],
                            "location": [
                                "塞浦路斯帕福斯"
                            ],
                            "category": [
                                "网状物"
                            ],
                            "ccf": [
                                "B类"
                            ],
                            "website": [
                                "http://www.icsoc.org/"
                            ],
                            "bestPaper": [],
                            "confRelated": [
                                "ENASE"
                            ],
                            "journalRelated": [
                                "IEEE Transactions on Services Computing"
                            ]
                        }
                    },
                    "Paper": {
                        "semi": {
                            "doi": [],
                            "title": [],
                            "author": [],
                            "venue": [],
                            "year": [],
                            "institution": [],
                            "abstract": [],
                            "pdf": [],
                            "blog": []
                        },
                        "download": {
                            "path": []
                        }
                    },
                    "Journal": {
                        "semi": {
                            "name": [],
                            "ISSN": [],
                            "E_ISSN": [],
                            "IF": [],
                            "h_index": [],
                            "self_citing": [],
                            "ccf": [],
                            "sci": [],
                            "website": [],
                            "submit": [],
                            "OA": [],
                            "category": [],
                            "speed": [],
                            "rate": []
                        }
                    },
                    "Author": {
                        "semi": {
                            "name": [],
                            "field": [],
                            "affiliation": [],
                            "position": [],
                            "citations": [],
                            "h_index": [],
                            "pubs": []
                        }
                    },
                    "Institution": {
                        "semi": {
                            "name": [],
                            "address": [],
                            "website": []
                        }
                    }
                },
                "dialog_act": {
                    "Conference-Inform": [
                        [
                            "acronym",
                            "ICSOC"
                        ],
                        [
                            "year",
                            "2011"
                        ],
                        [
                            "noticeDue",
                            "2011-08-05"
                        ]
                    ]
                },
                "span_info": [
                    [
                        "Conference-Inform",
                        "acronym",
                        "ICSOC",
                        0,
                        4
                    ],
                    [
                        "Conference-Inform",
                        "year",
                        "2011",
                        5,
                        8
                    ],
                    [
                        "Conference-Inform",
                        "noticeDue",
                        "2011-08-05",
                        15,
                        24
                    ]
                ]
            },
            {
                "text": "咨询一下ICSOC2011的截止提交最终版论文日期是什么呢",
                "metadata": {},
                "dialog_act": {
                    "Conference-Inform": [
                        [
                            "acronym",
                            "ICSOC"
                        ],
                        [
                            "year",
                            "2011"
                        ]
                    ],
                    "Conference-Request": [
                        [
                            "finalDue",
                            "?"
                        ]
                    ]
                },
                "span_info": [
                    [
                        "Conference-Inform",
                        "acronym",
                        "ICSOC",
                        4,
                        8
                    ],
                    [
                        "Conference-Inform",
                        "year",
                        "2011",
                        9,
                        12
                    ]
                ]
            },
            {
                "text": "ICSOC2011的最终版截稿时间是2011-09-02",
                "metadata": {
                    "Conference": {
                        "semi": {
                            "acronym": [
                                "ICSOC"
                            ],
                            "year": [
                                "2011"
                            ],
                            "fullName": [],
                            "paperDue": [
                                "2011-06-10"
                            ],
                            "noticeDue": [
                                "2011-08-05"
                            ],
                            "heldDate": [
                                "从11月16号到12月28号"
                            ],
                            "abstractDue": [
                                "2011-06-03"
                            ],
                            "finalDue": [],
                            "location": [
                                "塞浦路斯帕福斯"
                            ],
                            "category": [
                                "网状物"
                            ],
                            "ccf": [
                                "B类"
                            ],
                            "website": [
                                "http://www.icsoc.org/"
                            ],
                            "bestPaper": [],
                            "confRelated": [
                                "ENASE"
                            ],
                            "journalRelated": [
                                "IEEE Transactions on Services Computing"
                            ]
                        }
                    },
                    "Paper": {
                        "semi": {
                            "doi": [],
                            "title": [],
                            "author": [],
                            "venue": [],
                            "year": [],
                            "institution": [],
                            "abstract": [],
                            "pdf": [],
                            "blog": []
                        },
                        "download": {
                            "path": []
                        }
                    },
                    "Journal": {
                        "semi": {
                            "name": [],
                            "ISSN": [],
                            "E_ISSN": [],
                            "IF": [],
                            "h_index": [],
                            "self_citing": [],
                            "ccf": [],
                            "sci": [],
                            "website": [],
                            "submit": [],
                            "OA": [],
                            "category": [],
                            "speed": [],
                            "rate": []
                        }
                    },
                    "Author": {
                        "semi": {
                            "name": [],
                            "field": [],
                            "affiliation": [],
                            "position": [],
                            "citations": [],
                            "h_index": [],
                            "pubs": []
                        }
                    },
                    "Institution": {
                        "semi": {
                            "name": [],
                            "address": [],
                            "website": []
                        }
                    }
                },
                "dialog_act": {
                    "Conference-Inform": [
                        [
                            "acronym",
                            "ICSOC"
                        ],
                        [
                            "year",
                            "2011"
                        ],
                        [
                            "finalDue",
                            "2011-09-02"
                        ]
                    ]
                },
                "span_info": [
                    [
                        "Conference-Inform",
                        "acronym",
                        "ICSOC",
                        0,
                        4
                    ],
                    [
                        "Conference-Inform",
                        "year",
                        "2011",
                        5,
                        8
                    ],
                    [
                        "Conference-Inform",
                        "finalDue",
                        "2011-09-02",
                        18,
                        27
                    ]
                ]
            }
        ]
    }
}