{
    "SFTF_000498": {
        "goal": {
            "Conference": {
                "semi": {
                    "acronym": [
                        "DSN"
                    ],
                    "year": [
                        "2013"
                    ],
                    "fullName": [],
                    "paperDue": [
                        "从11月29号到12月10号"
                    ],
                    "noticeDue": [
                        "0008-05-23"
                    ],
                    "heldDate": [],
                    "abstractDue": [],
                    "finalDue": [],
                    "location": [
                        "葡萄牙"
                    ],
                    "category": [],
                    "ccf": [],
                    "website": [],
                    "bestPaper": [],
                    "confRelated": [],
                    "journalRelated": []
                }
            },
            "Paper": {
                "semi": {
                    "doi": [],
                    "title": [],
                    "author": [],
                    "venue": [],
                    "year": [],
                    "institution": [],
                    "abstract": [],
                    "pdf": [],
                    "blog": []
                },
                "download": {
                    "path": []
                }
            },
            "Journal": {
                "semi": {
                    "name": [],
                    "ISSN": [],
                    "E_ISSN": [],
                    "IF": [],
                    "h_index": [],
                    "self_citing": [],
                    "ccf": [],
                    "sci": [],
                    "website": [],
                    "submit": [],
                    "OA": [],
                    "category": [],
                    "speed": [],
                    "rate": []
                }
            },
            "Author": {
                "semi": {
                    "name": [],
                    "field": [],
                    "affiliation": [],
                    "position": [],
                    "citations": [],
                    "h_index": [],
                    "pubs": []
                }
            },
            "Institution": {
                "semi": {
                    "name": [],
                    "address": [],
                    "website": []
                }
            },
            "description": [
                "Given heldDate,location,ccf; Recommend Conference",
                "Given paperDue,location; Recommend Conference",
                "Confirm detail of noticeDue",
                "Request detail of finalDue"
            ]
        },
        "log": [
            {
                "text": "中国北京哪些ccf c会议的举办时间在从11月25日到12月9日呢",
                "metadata": {},
                "dialog_act": {
                    "Conference-Inform": [
                        [
                            "heldDate",
                            "从11月25日到12月9日"
                        ],
                        [
                            "location",
                            "中国北京"
                        ],
                        [
                            "ccf",
                            "ccf c"
                        ]
                    ]
                },
                "span_info": [
                    [
                        "Conference-Inform",
                        "heldDate",
                        "从11月25日到12月9日",
                        19,
                        31
                    ],
                    [
                        "Conference-Inform",
                        "location",
                        "中国北京",
                        0,
                        3
                    ],
                    [
                        "Conference-Inform",
                        "ccf",
                        "ccf c",
                        6,
                        10
                    ]
                ]
            },
            {
                "text": "没有符合条件的会议",
                "metadata": {
                    "Conference": {
                        "semi": {
                            "acronym": [],
                            "year": [],
                            "fullName": [],
                            "paperDue": [],
                            "noticeDue": [],
                            "heldDate": [
                                "从11月25日到12月9日"
                            ],
                            "abstractDue": [],
                            "finalDue": [],
                            "location": [
                                "中国北京"
                            ],
                            "category": [],
                            "ccf": [
                                "ccf c"
                            ],
                            "website": [],
                            "bestPaper": [],
                            "confRelated": [],
                            "journalRelated": []
                        }
                    },
                    "Paper": {
                        "semi": {
                            "doi": [],
                            "title": [],
                            "author": [],
                            "venue": [],
                            "year": [],
                            "institution": [],
                            "abstract": [],
                            "pdf": [],
                            "blog": []
                        },
                        "download": {
                            "path": []
                        }
                    },
                    "Journal": {
                        "semi": {
                            "name": [],
                            "ISSN": [],
                            "E_ISSN": [],
                            "IF": [],
                            "h_index": [],
                            "self_citing": [],
                            "ccf": [],
                            "sci": [],
                            "website": [],
                            "submit": [],
                            "OA": [],
                            "category": [],
                            "speed": [],
                            "rate": []
                        }
                    },
                    "Author": {
                        "semi": {
                            "name": [],
                            "field": [],
                            "affiliation": [],
                            "position": [],
                            "citations": [],
                            "h_index": [],
                            "pubs": []
                        }
                    },
                    "Institution": {
                        "semi": {
                            "name": [],
                            "address": [],
                            "website": []
                        }
                    }
                },
                "dialog_act": {
                    "Conference-Recommend": [
                        [
                            "Choice",
                            "0"
                        ]
                    ]
                },
                "span_info": []
            },
            {
                "text": "告诉我在葡萄牙从11月29号到12月10号截稿的会议都有哪些呢",
                "metadata": {},
                "dialog_act": {
                    "Conference-Inform": [
                        [
                            "paperDue",
                            "从11月29号到12月10号"
                        ],
                        [
                            "location",
                            "葡萄牙"
                        ]
                    ]
                },
                "span_info": [
                    [
                        "Conference-Inform",
                        "paperDue",
                        "从11月29号到12月10号",
                        7,
                        20
                    ],
                    [
                        "Conference-Inform",
                        "location",
                        "葡萄牙",
                        4,
                        6
                    ]
                ]
            },
            {
                "text": "只有1个满足条件的会议，它就是DSN",
                "metadata": {
                    "Conference": {
                        "semi": {
                            "acronym": [],
                            "year": [],
                            "fullName": [],
                            "paperDue": [
                                "从11月29号到12月10号"
                            ],
                            "noticeDue": [],
                            "heldDate": [],
                            "abstractDue": [],
                            "finalDue": [],
                            "location": [
                                "葡萄牙"
                            ],
                            "category": [],
                            "ccf": [],
                            "website": [],
                            "bestPaper": [],
                            "confRelated": [],
                            "journalRelated": []
                        }
                    },
                    "Paper": {
                        "semi": {
                            "doi": [],
                            "title": [],
                            "author": [],
                            "venue": [],
                            "year": [],
                            "institution": [],
                            "abstract": [],
                            "pdf": [],
                            "blog": []
                        },
                        "download": {
                            "path": []
                        }
                    },
                    "Journal": {
                        "semi": {
                            "name": [],
                            "ISSN": [],
                            "E_ISSN": [],
                            "IF": [],
                            "h_index": [],
                            "self_citing": [],
                            "ccf": [],
                            "sci": [],
                            "website": [],
                            "submit": [],
                            "OA": [],
                            "category": [],
                            "speed": [],
                            "rate": []
                        }
                    },
                    "Author": {
                        "semi": {
                            "name": [],
                            "field": [],
                            "affiliation": [],
                            "position": [],
                            "citations": [],
                            "h_index": [],
                            "pubs": []
                        }
                    },
                    "Institution": {
                        "semi": {
                            "name": [],
                            "address": [],
                            "website": []
                        }
                    }
                },
                "dialog_act": {
                    "Conference-Recommend": [
                        [
                            "Choice",
                            "1"
                        ],
                        [
                            "acronym",
                            "DSN"
                        ]
                    ]
                },
                "span_info": [
                    [
                        "Conference-Recommend",
                        "acronym",
                        "DSN",
                        15,
                        17
                    ]
                ]
            },
            {
                "text": "DSN2013该不会马上要通知了吧",
                "metadata": {},
                "dialog_act": {
                    "Conference-Inform": [
                        [
                            "acronym",
                            "DSN"
                        ],
                        [
                            "year",
                            "2013"
                        ]
                    ],
                    "Conference-Confirm": [
                        [
                            "noticeDue",
                            "0008-05-23"
                        ]
                    ]
                },
                "span_info": [
                    [
                        "Conference-Inform",
                        "acronym",
                        "DSN",
                        0,
                        2
                    ],
                    [
                        "Conference-Inform",
                        "year",
                        "2013",
                        3,
                        6
                    ],
                    [
                        "Conference-Confirm",
                        "noticeDue",
                        "0008-05-23",
                        -1,
                        8
                    ]
                ]
            },
            {
                "text": "你理解的没错",
                "metadata": {
                    "Conference": {
                        "semi": {
                            "acronym": [
                                "DSN"
                            ],
                            "year": [
                                "2013"
                            ],
                            "fullName": [],
                            "paperDue": [
                                "从11月29号到12月10号"
                            ],
                            "noticeDue": [
                                "0008-05-23"
                            ],
                            "heldDate": [],
                            "abstractDue": [],
                            "finalDue": [],
                            "location": [
                                "葡萄牙"
                            ],
                            "category": [],
                            "ccf": [],
                            "website": [],
                            "bestPaper": [],
                            "confRelated": [],
                            "journalRelated": []
                        }
                    },
                    "Paper": {
                        "semi": {
                            "doi": [],
                            "title": [],
                            "author": [],
                            "venue": [],
                            "year": [],
                            "institution": [],
                            "abstract": [],
                            "pdf": [],
                            "blog": []
                        },
                        "download": {
                            "path": []
                        }
                    },
                    "Journal": {
                        "semi": {
                            "name": [],
                            "ISSN": [],
                            "E_ISSN": [],
                            "IF": [],
                            "h_index": [],
                            "self_citing": [],
                            "ccf": [],
                            "sci": [],
                            "website": [],
                            "submit": [],
                            "OA": [],
                            "category": [],
                            "speed": [],
                            "rate": []
                        }
                    },
                    "Author": {
                        "semi": {
                            "name": [],
                            "field": [],
                            "affiliation": [],
                            "position": [],
                            "citations": [],
                            "h_index": [],
                            "pubs": []
                        }
                    },
                    "Institution": {
                        "semi": {
                            "name": [],
                            "address": [],
                            "website": []
                        }
                    }
                },
                "dialog_act": {
                    "General-Positive": [
                        [
                            null,
                            null
                        ]
                    ]
                },
                "span_info": []
            },
            {
                "text": "你知道到什么时候DSN2013截止提交最终版论文呢",
                "metadata": {},
                "dialog_act": {
                    "Conference-Inform": [
                        [
                            "acronym",
                            "DSN"
                        ],
                        [
                            "year",
                            "2013"
                        ]
                    ],
                    "Conference-Request": [
                        [
                            "finalDue",
                            "?"
                        ]
                    ]
                },
                "span_info": [
                    [
                        "Conference-Inform",
                        "acronym",
                        "DSN",
                        8,
                        10
                    ],
                    [
                        "Conference-Inform",
                        "year",
                        "2013",
                        11,
                        14
                    ]
                ]
            },
            {
                "text": "目前数据库中没有找到DSN2013的最终版截稿时间，你想了解一下DSN会议的相关会议嘛",
                "metadata": {
                    "Conference": {
                        "semi": {
                            "acronym": [
                                "DSN"
                            ],
                            "year": [
                                "2013"
                            ],
                            "fullName": [],
                            "paperDue": [
                                "从11月29号到12月10号"
                            ],
                            "noticeDue": [
                                "0008-05-23"
                            ],
                            "heldDate": [],
                            "abstractDue": [],
                            "finalDue": [],
                            "location": [
                                "葡萄牙"
                            ],
                            "category": [],
                            "ccf": [],
                            "website": [],
                            "bestPaper": [],
                            "confRelated": [],
                            "journalRelated": []
                        }
                    },
                    "Paper": {
                        "semi": {
                            "doi": [],
                            "title": [],
                            "author": [],
                            "venue": [],
                            "year": [],
                            "institution": [],
                            "abstract": [],
                            "pdf": [],
                            "blog": []
                        },
                        "download": {
                            "path": []
                        }
                    },
                    "Journal": {
                        "semi": {
                            "name": [],
                            "ISSN": [],
                            "E_ISSN": [],
                            "IF": [],
                            "h_index": [],
                            "self_citing": [],
                            "ccf": [],
                            "sci": [],
                            "website": [],
                            "submit": [],
                            "OA": [],
                            "category": [],
                            "speed": [],
                            "rate": []
                        }
                    },
                    "Author": {
                        "semi": {
                            "name": [],
                            "field": [],
                            "affiliation": [],
                            "position": [],
                            "citations": [],
                            "h_index": [],
                            "pubs": []
                        }
                    },
                    "Institution": {
                        "semi": {
                            "name": [],
                            "address": [],
                            "website": []
                        }
                    }
                },
                "dialog_act": {
                    "Conference-Inform": [
                        [
                            "acronym",
                            "DSN"
                        ],
                        [
                            "year",
                            "2013"
                        ]
                    ],
                    "Conference-NoInform": [
                        [
                            "finalDue",
                            null
                        ]
                    ],
                    "Conference-Recommend": [
                        [
                            "confRelated",
                            "?"
                        ]
                    ]
                },
                "span_info": [
                    [
                        "Conference-Inform",
                        "acronym",
                        "DSN",
                        10,
                        12
                    ],
                    [
                        "Conference-Inform",
                        "year",
                        "2013",
                        13,
                        16
                    ]
                ]
            }
        ]
    }
}