{
    "SFTF_004110": {
        "goal": {
            "Conference": {
                "semi": {
                    "acronym": [],
                    "year": [],
                    "fullName": [],
                    "paperDue": [],
                    "noticeDue": [],
                    "heldDate": [],
                    "abstractDue": [],
                    "finalDue": [],
                    "location": [],
                    "category": [],
                    "ccf": [],
                    "website": [],
                    "bestPaper": [],
                    "confRelated": [],
                    "journalRelated": []
                }
            },
            "Paper": {
                "semi": {
                    "doi": [],
                    "title": [],
                    "author": [],
                    "venue": [],
                    "year": [],
                    "institution": [],
                    "abstract": [],
                    "pdf": [],
                    "blog": []
                },
                "download": {
                    "path": []
                }
            },
            "Journal": {
                "semi": {
                    "name": [
                        "Big Data"
                    ],
                    "ISSN": [],
                    "E_ISSN": [],
                    "IF": [
                        "IF>2"
                    ],
                    "h_index": [],
                    "self_citing": [
                        0.12
                    ],
                    "ccf": [
                        "A"
                    ],
                    "sci": [
                        "3区"
                    ],
                    "website": [],
                    "submit": [],
                    "OA": [
                        "不可以"
                    ],
                    "category": [
                        "计算机科学"
                    ],
                    "speed": [],
                    "rate": []
                }
            },
            "Author": {
                "semi": {
                    "name": [],
                    "field": [],
                    "affiliation": [],
                    "position": [],
                    "citations": [],
                    "h_index": [],
                    "pubs": []
                }
            },
            "Institution": {
                "semi": {
                    "name": [],
                    "address": [],
                    "website": []
                }
            },
            "description": [
                "Given ccf,category; Recommend Journal",
                "Given IF,category; Recommend Journal",
                "When system confirms, give positive answer",
                "Request detail of OA",
                "Request detail of rate",
                "Confirm detail of sci",
                "Request detail of submit",
                "Confirm detail of self_citing",
                "Confirm detail of ccf"
            ]
        },
        "log": [
            {
                "text": "介绍一下计算机科学领域的ccf a期刊",
                "metadata": {},
                "dialog_act": {
                    "Journal-Inform": [
                        [
                            "ccf",
                            "ccf a"
                        ],
                        [
                            "category",
                            "计算机科学"
                        ]
                    ]
                },
                "span_info": [
                    [
                        "Journal-Inform",
                        "ccf",
                        "ccf a",
                        12,
                        16
                    ],
                    [
                        "Journal-Inform",
                        "category",
                        "计算机科学",
                        4,
                        8
                    ]
                ]
            },
            {
                "text": "符合条件的期刊有0个",
                "metadata": {
                    "Conference": {
                        "semi": {
                            "acronym": [],
                            "year": [],
                            "fullName": [],
                            "paperDue": [],
                            "noticeDue": [],
                            "heldDate": [],
                            "abstractDue": [],
                            "finalDue": [],
                            "location": [],
                            "category": [],
                            "ccf": [],
                            "website": [],
                            "bestPaper": [],
                            "confRelated": [],
                            "journalRelated": []
                        }
                    },
                    "Paper": {
                        "semi": {
                            "doi": [],
                            "title": [],
                            "author": [],
                            "venue": [],
                            "year": [],
                            "institution": [],
                            "abstract": [],
                            "pdf": [],
                            "blog": []
                        },
                        "download": {
                            "path": []
                        }
                    },
                    "Journal": {
                        "semi": {
                            "name": [],
                            "ISSN": [],
                            "E_ISSN": [],
                            "IF": [],
                            "h_index": [],
                            "self_citing": [],
                            "ccf": [
                                "ccf a"
                            ],
                            "sci": [],
                            "website": [],
                            "submit": [],
                            "OA": [],
                            "category": [
                                "计算机科学"
                            ],
                            "speed": [],
                            "rate": []
                        }
                    },
                    "Author": {
                        "semi": {
                            "name": [],
                            "field": [],
                            "affiliation": [],
                            "position": [],
                            "citations": [],
                            "h_index": [],
                            "pubs": []
                        }
                    },
                    "Institution": {
                        "semi": {
                            "name": [],
                            "address": [],
                            "website": []
                        }
                    }
                },
                "dialog_act": {
                    "Journal-Recommend": [
                        [
                            "Choice",
                            "0"
                        ]
                    ]
                },
                "span_info": []
            },
            {
                "text": "你知道IF>2的计算机科学领域期刊是哪个呢",
                "metadata": {},
                "dialog_act": {
                    "Journal-Inform": [
                        [
                            "IF",
                            "IF>2"
                        ],
                        [
                            "category",
                            "计算机科学"
                        ]
                    ]
                },
                "span_info": [
                    [
                        "Journal-Inform",
                        "IF",
                        "IF>2",
                        3,
                        6
                    ],
                    [
                        "Journal-Inform",
                        "category",
                        "计算机科学",
                        8,
                        12
                    ]
                ]
            },
            {
                "text": "共有50个满足条件的期刊，你确定要返回结果嘛",
                "metadata": {
                    "Conference": {
                        "semi": {
                            "acronym": [],
                            "year": [],
                            "fullName": [],
                            "paperDue": [],
                            "noticeDue": [],
                            "heldDate": [],
                            "abstractDue": [],
                            "finalDue": [],
                            "location": [],
                            "category": [],
                            "ccf": [],
                            "website": [],
                            "bestPaper": [],
                            "confRelated": [],
                            "journalRelated": []
                        }
                    },
                    "Paper": {
                        "semi": {
                            "doi": [],
                            "title": [],
                            "author": [],
                            "venue": [],
                            "year": [],
                            "institution": [],
                            "abstract": [],
                            "pdf": [],
                            "blog": []
                        },
                        "download": {
                            "path": []
                        }
                    },
                    "Journal": {
                        "semi": {
                            "name": [],
                            "ISSN": [],
                            "E_ISSN": [],
                            "IF": [
                                "IF>2"
                            ],
                            "h_index": [],
                            "self_citing": [],
                            "ccf": [],
                            "sci": [],
                            "website": [],
                            "submit": [],
                            "OA": [],
                            "category": [
                                "计算机科学"
                            ],
                            "speed": [],
                            "rate": []
                        }
                    },
                    "Author": {
                        "semi": {
                            "name": [],
                            "field": [],
                            "affiliation": [],
                            "position": [],
                            "citations": [],
                            "h_index": [],
                            "pubs": []
                        }
                    },
                    "Institution": {
                        "semi": {
                            "name": [],
                            "address": [],
                            "website": []
                        }
                    }
                },
                "dialog_act": {
                    "Journal-Recommend": [
                        [
                            "Choice",
                            "7"
                        ]
                    ],
                    "Journal-Confirm": [
                        [
                            null,
                            null
                        ]
                    ]
                },
                "span_info": []
            },
            {
                "text": "你理解的没错",
                "metadata": {},
                "dialog_act": {
                    "General-Positive": [
                        [
                            null,
                            null
                        ]
                    ]
                },
                "span_info": []
            },
            {
                "text": "共找到50个符合条件的期刊，点击展开可查看具体信息",
                "metadata": {
                    "Conference": {
                        "semi": {
                            "acronym": [],
                            "year": [],
                            "fullName": [],
                            "paperDue": [],
                            "noticeDue": [],
                            "heldDate": [],
                            "abstractDue": [],
                            "finalDue": [],
                            "location": [],
                            "category": [],
                            "ccf": [],
                            "website": [],
                            "bestPaper": [],
                            "confRelated": [],
                            "journalRelated": []
                        }
                    },
                    "Paper": {
                        "semi": {
                            "doi": [],
                            "title": [],
                            "author": [],
                            "venue": [],
                            "year": [],
                            "institution": [],
                            "abstract": [],
                            "pdf": [],
                            "blog": []
                        },
                        "download": {
                            "path": []
                        }
                    },
                    "Journal": {
                        "semi": {
                            "name": [],
                            "ISSN": [],
                            "E_ISSN": [],
                            "IF": [
                                "IF>2"
                            ],
                            "h_index": [],
                            "self_citing": [],
                            "ccf": [],
                            "sci": [],
                            "website": [],
                            "submit": [],
                            "OA": [],
                            "category": [
                                "计算机科学"
                            ],
                            "speed": [],
                            "rate": []
                        }
                    },
                    "Author": {
                        "semi": {
                            "name": [],
                            "field": [],
                            "affiliation": [],
                            "position": [],
                            "citations": [],
                            "h_index": [],
                            "pubs": []
                        }
                    },
                    "Institution": {
                        "semi": {
                            "name": [],
                            "address": [],
                            "website": []
                        }
                    }
                },
                "dialog_act": {
                    "Journal-Recommend": [
                        [
                            "Choice",
                            "7"
                        ],
                        [
                            "name",
                            "Big Data"
                        ],
                        [
                            "name",
                            "Traitement du Signal"
                        ],
                        [
                            "name",
                            "IEEE Micro"
                        ]
                    ]
                },
                "span_info": [
                    [
                        "Journal-Recommend",
                        "name",
                        "Big Data",
                        -1,
                        6
                    ],
                    [
                        "Journal-Recommend",
                        "name",
                        "Traitement du Signal",
                        -1,
                        18
                    ],
                    [
                        "Journal-Recommend",
                        "name",
                        "IEEE Micro",
                        -1,
                        8
                    ]
                ]
            },
            {
                "text": "你知道Big Data可以自由访问吗",
                "metadata": {},
                "dialog_act": {
                    "Journal-Inform": [
                        [
                            "name",
                            "Big Data"
                        ]
                    ],
                    "Journal-Request": [
                        [
                            "OA",
                            true
                        ]
                    ]
                },
                "span_info": [
                    [
                        "Journal-Inform",
                        "name",
                        "Big Data",
                        3,
                        10
                    ]
                ]
            },
            {
                "text": "Big Data期刊XXX开放访问",
                "metadata": {
                    "Conference": {
                        "semi": {
                            "acronym": [],
                            "year": [],
                            "fullName": [],
                            "paperDue": [],
                            "noticeDue": [],
                            "heldDate": [],
                            "abstractDue": [],
                            "finalDue": [],
                            "location": [],
                            "category": [],
                            "ccf": [],
                            "website": [],
                            "bestPaper": [],
                            "confRelated": [],
                            "journalRelated": []
                        }
                    },
                    "Paper": {
                        "semi": {
                            "doi": [],
                            "title": [],
                            "author": [],
                            "venue": [],
                            "year": [],
                            "institution": [],
                            "abstract": [],
                            "pdf": [],
                            "blog": []
                        },
                        "download": {
                            "path": []
                        }
                    },
                    "Journal": {
                        "semi": {
                            "name": [
                                "Big Data"
                            ],
                            "ISSN": [],
                            "E_ISSN": [],
                            "IF": [
                                "IF>2"
                            ],
                            "h_index": [],
                            "self_citing": [],
                            "ccf": [],
                            "sci": [],
                            "website": [],
                            "submit": [],
                            "OA": [],
                            "category": [
                                "计算机科学"
                            ],
                            "speed": [],
                            "rate": []
                        }
                    },
                    "Author": {
                        "semi": {
                            "name": [],
                            "field": [],
                            "affiliation": [],
                            "position": [],
                            "citations": [],
                            "h_index": [],
                            "pubs": []
                        }
                    },
                    "Institution": {
                        "semi": {
                            "name": [],
                            "address": [],
                            "website": []
                        }
                    }
                },
                "dialog_act": {
                    "Journal-Inform": [
                        [
                            "name",
                            "Big Data"
                        ],
                        [
                            "OA",
                            false
                        ]
                    ]
                },
                "span_info": [
                    [
                        "Journal-Inform",
                        "name",
                        "Big Data",
                        0,
                        7
                    ]
                ]
            },
            {
                "text": "Big Data录取率高吗",
                "metadata": {},
                "dialog_act": {
                    "Journal-Inform": [
                        [
                            "name",
                            "Big Data"
                        ]
                    ],
                    "Journal-Request": [
                        [
                            "rate",
                            "?"
                        ]
                    ]
                },
                "span_info": [
                    [
                        "Journal-Inform",
                        "name",
                        "Big Data",
                        0,
                        7
                    ]
                ]
            },
            {
                "text": "目前数据库中没有找到Big Data期刊的录用比例",
                "metadata": {
                    "Conference": {
                        "semi": {
                            "acronym": [],
                            "year": [],
                            "fullName": [],
                            "paperDue": [],
                            "noticeDue": [],
                            "heldDate": [],
                            "abstractDue": [],
                            "finalDue": [],
                            "location": [],
                            "category": [],
                            "ccf": [],
                            "website": [],
                            "bestPaper": [],
                            "confRelated": [],
                            "journalRelated": []
                        }
                    },
                    "Paper": {
                        "semi": {
                            "doi": [],
                            "title": [],
                            "author": [],
                            "venue": [],
                            "year": [],
                            "institution": [],
                            "abstract": [],
                            "pdf": [],
                            "blog": []
                        },
                        "download": {
                            "path": []
                        }
                    },
                    "Journal": {
                        "semi": {
                            "name": [
                                "Big Data"
                            ],
                            "ISSN": [],
                            "E_ISSN": [],
                            "IF": [
                                "IF>2"
                            ],
                            "h_index": [],
                            "self_citing": [],
                            "ccf": [],
                            "sci": [],
                            "website": [],
                            "submit": [],
                            "OA": [
                                "不可以"
                            ],
                            "category": [
                                "计算机科学"
                            ],
                            "speed": [],
                            "rate": []
                        }
                    },
                    "Author": {
                        "semi": {
                            "name": [],
                            "field": [],
                            "affiliation": [],
                            "position": [],
                            "citations": [],
                            "h_index": [],
                            "pubs": []
                        }
                    },
                    "Institution": {
                        "semi": {
                            "name": [],
                            "address": [],
                            "website": []
                        }
                    }
                },
                "dialog_act": {
                    "Journal-Inform": [
                        [
                            "name",
                            "Big Data"
                        ]
                    ],
                    "Journal-NoInform": [
                        [
                            "rate",
                            null
                        ]
                    ]
                },
                "span_info": [
                    [
                        "Journal-Inform",
                        "name",
                        "Big Data",
                        10,
                        17
                    ]
                ]
            },
            {
                "text": "Big Data是不是3区期刊呢",
                "metadata": {},
                "dialog_act": {
                    "Journal-Inform": [
                        [
                            "name",
                            "Big Data"
                        ]
                    ],
                    "Journal-Confirm": [
                        [
                            "sci",
                            "3区"
                        ]
                    ]
                },
                "span_info": [
                    [
                        "Journal-Inform",
                        "name",
                        "Big Data",
                        0,
                        7
                    ],
                    [
                        "Journal-Confirm",
                        "sci",
                        "3区",
                        11,
                        12
                    ]
                ]
            },
            {
                "text": "是的",
                "metadata": {
                    "Conference": {
                        "semi": {
                            "acronym": [],
                            "year": [],
                            "fullName": [],
                            "paperDue": [],
                            "noticeDue": [],
                            "heldDate": [],
                            "abstractDue": [],
                            "finalDue": [],
                            "location": [],
                            "category": [],
                            "ccf": [],
                            "website": [],
                            "bestPaper": [],
                            "confRelated": [],
                            "journalRelated": []
                        }
                    },
                    "Paper": {
                        "semi": {
                            "doi": [],
                            "title": [],
                            "author": [],
                            "venue": [],
                            "year": [],
                            "institution": [],
                            "abstract": [],
                            "pdf": [],
                            "blog": []
                        },
                        "download": {
                            "path": []
                        }
                    },
                    "Journal": {
                        "semi": {
                            "name": [
                                "Big Data"
                            ],
                            "ISSN": [],
                            "E_ISSN": [],
                            "IF": [
                                "IF>2"
                            ],
                            "h_index": [],
                            "self_citing": [],
                            "ccf": [],
                            "sci": [
                                "3区"
                            ],
                            "website": [],
                            "submit": [],
                            "OA": [
                                "不可以"
                            ],
                            "category": [
                                "计算机科学"
                            ],
                            "speed": [],
                            "rate": []
                        }
                    },
                    "Author": {
                        "semi": {
                            "name": [],
                            "field": [],
                            "affiliation": [],
                            "position": [],
                            "citations": [],
                            "h_index": [],
                            "pubs": []
                        }
                    },
                    "Institution": {
                        "semi": {
                            "name": [],
                            "address": [],
                            "website": []
                        }
                    }
                },
                "dialog_act": {
                    "General-Positive": [
                        [
                            null,
                            null
                        ]
                    ]
                },
                "span_info": []
            },
            {
                "text": "你好Big Data的提交网址是什么呢",
                "metadata": {},
                "dialog_act": {
                    "Journal-Inform": [
                        [
                            "name",
                            "Big Data"
                        ]
                    ],
                    "Journal-Request": [
                        [
                            "submit",
                            "?"
                        ]
                    ]
                },
                "span_info": [
                    [
                        "Journal-Inform",
                        "name",
                        "Big Data",
                        2,
                        9
                    ]
                ]
            },
            {
                "text": "目前数据库中没有找到Big Data期刊的投稿网址，你想了解一下Big Data期刊的ISSN嘛",
                "metadata": {
                    "Conference": {
                        "semi": {
                            "acronym": [],
                            "year": [],
                            "fullName": [],
                            "paperDue": [],
                            "noticeDue": [],
                            "heldDate": [],
                            "abstractDue": [],
                            "finalDue": [],
                            "location": [],
                            "category": [],
                            "ccf": [],
                            "website": [],
                            "bestPaper": [],
                            "confRelated": [],
                            "journalRelated": []
                        }
                    },
                    "Paper": {
                        "semi": {
                            "doi": [],
                            "title": [],
                            "author": [],
                            "venue": [],
                            "year": [],
                            "institution": [],
                            "abstract": [],
                            "pdf": [],
                            "blog": []
                        },
                        "download": {
                            "path": []
                        }
                    },
                    "Journal": {
                        "semi": {
                            "name": [
                                "Big Data"
                            ],
                            "ISSN": [],
                            "E_ISSN": [],
                            "IF": [
                                "IF>2"
                            ],
                            "h_index": [],
                            "self_citing": [],
                            "ccf": [],
                            "sci": [
                                "3区"
                            ],
                            "website": [],
                            "submit": [],
                            "OA": [
                                "不可以"
                            ],
                            "category": [
                                "计算机科学"
                            ],
                            "speed": [],
                            "rate": []
                        }
                    },
                    "Author": {
                        "semi": {
                            "name": [],
                            "field": [],
                            "affiliation": [],
                            "position": [],
                            "citations": [],
                            "h_index": [],
                            "pubs": []
                        }
                    },
                    "Institution": {
                        "semi": {
                            "name": [],
                            "address": [],
                            "website": []
                        }
                    }
                },
                "dialog_act": {
                    "Journal-Inform": [
                        [
                            "name",
                            "Big Data"
                        ]
                    ],
                    "Journal-NoInform": [
                        [
                            "submit",
                            null
                        ]
                    ],
                    "Journal-Recommend": [
                        [
                            "ISSN",
                            "?"
                        ]
                    ]
                },
                "span_info": [
                    [
                        "Journal-Inform",
                        "name",
                        "Big Data",
                        10,
                        17
                    ]
                ]
            },
            {
                "text": "请问Big Data是自引率最高的期刊的嘛",
                "metadata": {},
                "dialog_act": {
                    "Journal-Inform": [
                        [
                            "name",
                            "Big Data"
                        ]
                    ],
                    "Journal-Confirm": [
                        [
                            "self_citing",
                            0.12
                        ]
                    ]
                },
                "span_info": [
                    [
                        "Journal-Inform",
                        "name",
                        "Big Data",
                        2,
                        9
                    ]
                ]
            },
            {
                "text": "对的",
                "metadata": {
                    "Conference": {
                        "semi": {
                            "acronym": [],
                            "year": [],
                            "fullName": [],
                            "paperDue": [],
                            "noticeDue": [],
                            "heldDate": [],
                            "abstractDue": [],
                            "finalDue": [],
                            "location": [],
                            "category": [],
                            "ccf": [],
                            "website": [],
                            "bestPaper": [],
                            "confRelated": [],
                            "journalRelated": []
                        }
                    },
                    "Paper": {
                        "semi": {
                            "doi": [],
                            "title": [],
                            "author": [],
                            "venue": [],
                            "year": [],
                            "institution": [],
                            "abstract": [],
                            "pdf": [],
                            "blog": []
                        },
                        "download": {
                            "path": []
                        }
                    },
                    "Journal": {
                        "semi": {
                            "name": [
                                "Big Data"
                            ],
                            "ISSN": [],
                            "E_ISSN": [],
                            "IF": [
                                "IF>2"
                            ],
                            "h_index": [],
                            "self_citing": [
                                0.12
                            ],
                            "ccf": [],
                            "sci": [
                                "3区"
                            ],
                            "website": [],
                            "submit": [],
                            "OA": [
                                "不可以"
                            ],
                            "category": [
                                "计算机科学"
                            ],
                            "speed": [],
                            "rate": []
                        }
                    },
                    "Author": {
                        "semi": {
                            "name": [],
                            "field": [],
                            "affiliation": [],
                            "position": [],
                            "citations": [],
                            "h_index": [],
                            "pubs": []
                        }
                    },
                    "Institution": {
                        "semi": {
                            "name": [],
                            "address": [],
                            "website": []
                        }
                    }
                },
                "dialog_act": {
                    "General-Positive": [
                        [
                            null,
                            null
                        ]
                    ]
                },
                "span_info": []
            },
            {
                "text": "告诉我Big Data是A期刊的吗",
                "metadata": {},
                "dialog_act": {
                    "Journal-Inform": [
                        [
                            "name",
                            "Big Data"
                        ]
                    ],
                    "Journal-Confirm": [
                        [
                            "ccf",
                            "A"
                        ]
                    ]
                },
                "span_info": [
                    [
                        "Journal-Inform",
                        "name",
                        "Big Data",
                        3,
                        10
                    ],
                    [
                        "Journal-Confirm",
                        "ccf",
                        "A",
                        12,
                        12
                    ]
                ]
            },
            {
                "text": "你理解的没错",
                "metadata": {
                    "Conference": {
                        "semi": {
                            "acronym": [],
                            "year": [],
                            "fullName": [],
                            "paperDue": [],
                            "noticeDue": [],
                            "heldDate": [],
                            "abstractDue": [],
                            "finalDue": [],
                            "location": [],
                            "category": [],
                            "ccf": [],
                            "website": [],
                            "bestPaper": [],
                            "confRelated": [],
                            "journalRelated": []
                        }
                    },
                    "Paper": {
                        "semi": {
                            "doi": [],
                            "title": [],
                            "author": [],
                            "venue": [],
                            "year": [],
                            "institution": [],
                            "abstract": [],
                            "pdf": [],
                            "blog": []
                        },
                        "download": {
                            "path": []
                        }
                    },
                    "Journal": {
                        "semi": {
                            "name": [
                                "Big Data"
                            ],
                            "ISSN": [],
                            "E_ISSN": [],
                            "IF": [
                                "IF>2"
                            ],
                            "h_index": [],
                            "self_citing": [
                                0.12
                            ],
                            "ccf": [
                                "A"
                            ],
                            "sci": [
                                "3区"
                            ],
                            "website": [],
                            "submit": [],
                            "OA": [
                                "不可以"
                            ],
                            "category": [
                                "计算机科学"
                            ],
                            "speed": [],
                            "rate": []
                        }
                    },
                    "Author": {
                        "semi": {
                            "name": [],
                            "field": [],
                            "affiliation": [],
                            "position": [],
                            "citations": [],
                            "h_index": [],
                            "pubs": []
                        }
                    },
                    "Institution": {
                        "semi": {
                            "name": [],
                            "address": [],
                            "website": []
                        }
                    }
                },
                "dialog_act": {
                    "General-Positive": [
                        [
                            null,
                            null
                        ]
                    ]
                },
                "span_info": []
            }
        ]
    }
}