{
    "SFTF_042391": {
        "goal": {
            "Conference": {
                "semi": {
                    "acronym": [],
                    "year": [],
                    "fullName": [],
                    "paperDue": [],
                    "noticeDue": [],
                    "heldDate": [],
                    "abstractDue": [],
                    "finalDue": [],
                    "location": [],
                    "category": [],
                    "ccf": [],
                    "website": [],
                    "bestPaper": [],
                    "confRelated": [],
                    "journalRelated": []
                }
            },
            "Paper": {
                "semi": {
                    "doi": [],
                    "title": [
                        " Comment on \"A Blind OFDM Synchronization Algorithm Based on Cyclic Correlation"
                    ],
                    "author": [],
                    "venue": [
                        "IEEE Signal Process. Lett."
                    ],
                    "year": [
                        "2010"
                    ],
                    "institution": [
                        "南京医科大学附属第一医院血液科、江苏省人民医院"
                    ],
                    "abstract": [],
                    "pdf": [],
                    "blog": [],
                    "path": [
                        "E盘"
                    ]
                },
                "download": {
                    "path": [],
                    "title": [
                        " Comment on \"A Blind OFDM Synchronization Algorithm Based on Cyclic Correlation"
                    ]
                }
            },
            "Journal": {
                "semi": {
                    "name": [],
                    "ISSN": [],
                    "E_ISSN": [],
                    "IF": [],
                    "h_index": [],
                    "self_citing": [],
                    "ccf": [],
                    "sci": [],
                    "website": [],
                    "submit": [],
                    "OA": [],
                    "category": [],
                    "speed": [],
                    "rate": []
                }
            },
            "Author": {
                "semi": {
                    "name": [],
                    "field": [],
                    "affiliation": [],
                    "position": [],
                    "citations": [],
                    "h_index": [],
                    "pubs": []
                }
            },
            "Institution": {
                "semi": {
                    "name": [],
                    "address": [],
                    "website": []
                }
            },
            "description": [
                "Request detail of year",
                "Request detail of blog",
                "Request detail of venue",
                "Confirm detail of institution",
                "Download the paper without path",
                "tell path"
            ]
        },
        "log": [
            {
                "text": " Comment on \"A Blind OFDM Synchronization Algorithm Based on Cyclic Correlation发表年份在什么时候呢",
                "metadata": {},
                "dialog_act": {
                    "Paper-Inform": [
                        [
                            "title",
                            " Comment on \"A Blind OFDM Synchronization Algorithm Based on Cyclic Correlation"
                        ]
                    ],
                    "Paper-Request": [
                        [
                            "year",
                            "?"
                        ]
                    ]
                },
                "span_info": [
                    [
                        "Paper-Inform",
                        "title",
                        " Comment on \"A Blind OFDM Synchronization Algorithm Based on Cyclic Correlation",
                        0,
                        78
                    ]
                ]
            },
            {
                "text": " Comment on \"A Blind OFDM Synchronization Algorithm Based on Cyclic Correlation是在XXX发表的",
                "metadata": {
                    "Conference": {
                        "semi": {
                            "acronym": [],
                            "year": [],
                            "fullName": [],
                            "paperDue": [],
                            "noticeDue": [],
                            "heldDate": [],
                            "abstractDue": [],
                            "finalDue": [],
                            "location": [],
                            "category": [],
                            "ccf": [],
                            "website": [],
                            "bestPaper": [],
                            "confRelated": [],
                            "journalRelated": []
                        }
                    },
                    "Paper": {
                        "semi": {
                            "doi": [],
                            "title": [
                                " Comment on \"A Blind OFDM Synchronization Algorithm Based on Cyclic Correlation"
                            ],
                            "author": [],
                            "venue": [],
                            "year": [],
                            "institution": [],
                            "abstract": [],
                            "pdf": [],
                            "blog": []
                        },
                        "download": {
                            "path": []
                        }
                    },
                    "Journal": {
                        "semi": {
                            "name": [],
                            "ISSN": [],
                            "E_ISSN": [],
                            "IF": [],
                            "h_index": [],
                            "self_citing": [],
                            "ccf": [],
                            "sci": [],
                            "website": [],
                            "submit": [],
                            "OA": [],
                            "category": [],
                            "speed": [],
                            "rate": []
                        }
                    },
                    "Author": {
                        "semi": {
                            "name": [],
                            "field": [],
                            "affiliation": [],
                            "position": [],
                            "citations": [],
                            "h_index": [],
                            "pubs": []
                        }
                    },
                    "Institution": {
                        "semi": {
                            "name": [],
                            "address": [],
                            "website": []
                        }
                    }
                },
                "dialog_act": {
                    "Paper-Inform": [
                        [
                            "title",
                            " Comment on \"A Blind OFDM Synchronization Algorithm Based on Cyclic Correlation"
                        ],
                        [
                            "year",
                            "2010"
                        ]
                    ]
                },
                "span_info": [
                    [
                        "Paper-Inform",
                        "title",
                        " Comment on \"A Blind OFDM Synchronization Algorithm Based on Cyclic Correlation",
                        0,
                        78
                    ],
                    [
                        "Paper-Inform",
                        "year",
                        "2010",
                        -1,
                        2
                    ]
                ]
            },
            {
                "text": "有没有关于 Comment on \"A Blind OFDM Synchronization Algorithm Based on Cyclic Correlation的讲解博客呢",
                "metadata": {},
                "dialog_act": {
                    "Paper-Inform": [
                        [
                            "title",
                            " Comment on \"A Blind OFDM Synchronization Algorithm Based on Cyclic Correlation"
                        ]
                    ],
                    "Paper-Request": [
                        [
                            "blog",
                            "?"
                        ]
                    ]
                },
                "span_info": [
                    [
                        "Paper-Inform",
                        "title",
                        " Comment on \"A Blind OFDM Synchronization Algorithm Based on Cyclic Correlation",
                        5,
                        83
                    ]
                ]
            },
            {
                "text": "目前数据库中没有找到 Comment on \"A Blind OFDM Synchronization Algorithm Based on Cyclic Correlation的讲解博客网址，之后我们会不断完善数据，感谢您的理解",
                "metadata": {
                    "Conference": {
                        "semi": {
                            "acronym": [],
                            "year": [],
                            "fullName": [],
                            "paperDue": [],
                            "noticeDue": [],
                            "heldDate": [],
                            "abstractDue": [],
                            "finalDue": [],
                            "location": [],
                            "category": [],
                            "ccf": [],
                            "website": [],
                            "bestPaper": [],
                            "confRelated": [],
                            "journalRelated": []
                        }
                    },
                    "Paper": {
                        "semi": {
                            "doi": [],
                            "title": [
                                " Comment on \"A Blind OFDM Synchronization Algorithm Based on Cyclic Correlation"
                            ],
                            "author": [],
                            "venue": [],
                            "year": [
                                "2010"
                            ],
                            "institution": [],
                            "abstract": [],
                            "pdf": [],
                            "blog": []
                        },
                        "download": {
                            "path": []
                        }
                    },
                    "Journal": {
                        "semi": {
                            "name": [],
                            "ISSN": [],
                            "E_ISSN": [],
                            "IF": [],
                            "h_index": [],
                            "self_citing": [],
                            "ccf": [],
                            "sci": [],
                            "website": [],
                            "submit": [],
                            "OA": [],
                            "category": [],
                            "speed": [],
                            "rate": []
                        }
                    },
                    "Author": {
                        "semi": {
                            "name": [],
                            "field": [],
                            "affiliation": [],
                            "position": [],
                            "citations": [],
                            "h_index": [],
                            "pubs": []
                        }
                    },
                    "Institution": {
                        "semi": {
                            "name": [],
                            "address": [],
                            "website": []
                        }
                    }
                },
                "dialog_act": {
                    "Paper-Inform": [
                        [
                            "title",
                            " Comment on \"A Blind OFDM Synchronization Algorithm Based on Cyclic Correlation"
                        ]
                    ],
                    "Paper-NoInform": [
                        [
                            "blog",
                            null
                        ]
                    ]
                },
                "span_info": [
                    [
                        "Paper-Inform",
                        "title",
                        " Comment on \"A Blind OFDM Synchronization Algorithm Based on Cyclic Correlation",
                        10,
                        88
                    ]
                ]
            },
            {
                "text": "你好 Comment on \"A Blind OFDM Synchronization Algorithm Based on Cyclic Correlation发表地址在哪呢",
                "metadata": {},
                "dialog_act": {
                    "Paper-Inform": [
                        [
                            "title",
                            " Comment on \"A Blind OFDM Synchronization Algorithm Based on Cyclic Correlation"
                        ]
                    ],
                    "Paper-Request": [
                        [
                            "venue",
                            "?"
                        ]
                    ]
                },
                "span_info": [
                    [
                        "Paper-Inform",
                        "title",
                        " Comment on \"A Blind OFDM Synchronization Algorithm Based on Cyclic Correlation",
                        2,
                        80
                    ]
                ]
            },
            {
                "text": " Comment on \"A Blind OFDM Synchronization Algorithm Based on Cyclic Correlation是在XXX上发表的",
                "metadata": {
                    "Conference": {
                        "semi": {
                            "acronym": [],
                            "year": [],
                            "fullName": [],
                            "paperDue": [],
                            "noticeDue": [],
                            "heldDate": [],
                            "abstractDue": [],
                            "finalDue": [],
                            "location": [],
                            "category": [],
                            "ccf": [],
                            "website": [],
                            "bestPaper": [],
                            "confRelated": [],
                            "journalRelated": []
                        }
                    },
                    "Paper": {
                        "semi": {
                            "doi": [],
                            "title": [
                                " Comment on \"A Blind OFDM Synchronization Algorithm Based on Cyclic Correlation"
                            ],
                            "author": [],
                            "venue": [],
                            "year": [
                                "2010"
                            ],
                            "institution": [],
                            "abstract": [],
                            "pdf": [],
                            "blog": []
                        },
                        "download": {
                            "path": []
                        }
                    },
                    "Journal": {
                        "semi": {
                            "name": [],
                            "ISSN": [],
                            "E_ISSN": [],
                            "IF": [],
                            "h_index": [],
                            "self_citing": [],
                            "ccf": [],
                            "sci": [],
                            "website": [],
                            "submit": [],
                            "OA": [],
                            "category": [],
                            "speed": [],
                            "rate": []
                        }
                    },
                    "Author": {
                        "semi": {
                            "name": [],
                            "field": [],
                            "affiliation": [],
                            "position": [],
                            "citations": [],
                            "h_index": [],
                            "pubs": []
                        }
                    },
                    "Institution": {
                        "semi": {
                            "name": [],
                            "address": [],
                            "website": []
                        }
                    }
                },
                "dialog_act": {
                    "Paper-Inform": [
                        [
                            "title",
                            " Comment on \"A Blind OFDM Synchronization Algorithm Based on Cyclic Correlation"
                        ],
                        [
                            "venue",
                            "IEEE Signal Process. Lett."
                        ]
                    ]
                },
                "span_info": [
                    [
                        "Paper-Inform",
                        "title",
                        " Comment on \"A Blind OFDM Synchronization Algorithm Based on Cyclic Correlation",
                        0,
                        78
                    ],
                    [
                        "Paper-Inform",
                        "venue",
                        "IEEE Signal Process. Lett.",
                        -1,
                        24
                    ]
                ]
            },
            {
                "text": " Comment on \"A Blind OFDM Synchronization Algorithm Based on Cyclic Correlation是在南京医科大学附属第一医院血液科、江苏省人民医院发表吧",
                "metadata": {},
                "dialog_act": {
                    "Paper-Inform": [
                        [
                            "title",
                            " Comment on \"A Blind OFDM Synchronization Algorithm Based on Cyclic Correlation"
                        ]
                    ],
                    "Paper-Confirm": [
                        [
                            "institution",
                            "南京医科大学附属第一医院血液科、江苏省人民医院"
                        ]
                    ]
                },
                "span_info": [
                    [
                        "Paper-Inform",
                        "title",
                        " Comment on \"A Blind OFDM Synchronization Algorithm Based on Cyclic Correlation",
                        0,
                        78
                    ],
                    [
                        "Paper-Confirm",
                        "institution",
                        "南京医科大学附属第一医院血液科、江苏省人民医院",
                        81,
                        103
                    ]
                ]
            },
            {
                "text": "对的",
                "metadata": {
                    "Conference": {
                        "semi": {
                            "acronym": [],
                            "year": [],
                            "fullName": [],
                            "paperDue": [],
                            "noticeDue": [],
                            "heldDate": [],
                            "abstractDue": [],
                            "finalDue": [],
                            "location": [],
                            "category": [],
                            "ccf": [],
                            "website": [],
                            "bestPaper": [],
                            "confRelated": [],
                            "journalRelated": []
                        }
                    },
                    "Paper": {
                        "semi": {
                            "doi": [],
                            "title": [
                                " Comment on \"A Blind OFDM Synchronization Algorithm Based on Cyclic Correlation"
                            ],
                            "author": [],
                            "venue": [
                                "IEEE Signal Process. Lett."
                            ],
                            "year": [
                                "2010"
                            ],
                            "institution": [
                                "南京医科大学附属第一医院血液科、江苏省人民医院"
                            ],
                            "abstract": [],
                            "pdf": [],
                            "blog": []
                        },
                        "download": {
                            "path": []
                        }
                    },
                    "Journal": {
                        "semi": {
                            "name": [],
                            "ISSN": [],
                            "E_ISSN": [],
                            "IF": [],
                            "h_index": [],
                            "self_citing": [],
                            "ccf": [],
                            "sci": [],
                            "website": [],
                            "submit": [],
                            "OA": [],
                            "category": [],
                            "speed": [],
                            "rate": []
                        }
                    },
                    "Author": {
                        "semi": {
                            "name": [],
                            "field": [],
                            "affiliation": [],
                            "position": [],
                            "citations": [],
                            "h_index": [],
                            "pubs": []
                        }
                    },
                    "Institution": {
                        "semi": {
                            "name": [],
                            "address": [],
                            "website": []
                        }
                    }
                },
                "dialog_act": {
                    "General-Positive": [
                        [
                            null,
                            null
                        ]
                    ]
                },
                "span_info": []
            },
            {
                "text": "你好可以下载一下 Comment on \"A Blind OFDM Synchronization Algorithm Based on Cyclic Correlation吗",
                "metadata": {},
                "dialog_act": {
                    "Paper-Download": [
                        [
                            "title",
                            " Comment on \"A Blind OFDM Synchronization Algorithm Based on Cyclic Correlation"
                        ]
                    ]
                },
                "span_info": [
                    [
                        "Paper-Download",
                        "title",
                        " Comment on \"A Blind OFDM Synchronization Algorithm Based on Cyclic Correlation",
                        8,
                        86
                    ]
                ]
            },
            {
                "text": "你想要下载到本地哪里呢",
                "metadata": {
                    "Conference": {
                        "semi": {
                            "acronym": [],
                            "year": [],
                            "fullName": [],
                            "paperDue": [],
                            "noticeDue": [],
                            "heldDate": [],
                            "abstractDue": [],
                            "finalDue": [],
                            "location": [],
                            "category": [],
                            "ccf": [],
                            "website": [],
                            "bestPaper": [],
                            "confRelated": [],
                            "journalRelated": []
                        }
                    },
                    "Paper": {
                        "semi": {
                            "doi": [],
                            "title": [
                                " Comment on \"A Blind OFDM Synchronization Algorithm Based on Cyclic Correlation"
                            ],
                            "author": [],
                            "venue": [
                                "IEEE Signal Process. Lett."
                            ],
                            "year": [
                                "2010"
                            ],
                            "institution": [
                                "南京医科大学附属第一医院血液科、江苏省人民医院"
                            ],
                            "abstract": [],
                            "pdf": [],
                            "blog": []
                        },
                        "download": {
                            "path": [],
                            "title": [
                                " Comment on \"A Blind OFDM Synchronization Algorithm Based on Cyclic Correlation"
                            ]
                        }
                    },
                    "Journal": {
                        "semi": {
                            "name": [],
                            "ISSN": [],
                            "E_ISSN": [],
                            "IF": [],
                            "h_index": [],
                            "self_citing": [],
                            "ccf": [],
                            "sci": [],
                            "website": [],
                            "submit": [],
                            "OA": [],
                            "category": [],
                            "speed": [],
                            "rate": []
                        }
                    },
                    "Author": {
                        "semi": {
                            "name": [],
                            "field": [],
                            "affiliation": [],
                            "position": [],
                            "citations": [],
                            "h_index": [],
                            "pubs": []
                        }
                    },
                    "Institution": {
                        "semi": {
                            "name": [],
                            "address": [],
                            "website": []
                        }
                    }
                },
                "dialog_act": {
                    "Paper-Reqmore": [
                        [
                            "path",
                            "?"
                        ]
                    ]
                },
                "span_info": []
            },
            {
                "text": "下载路径是E盘",
                "metadata": {},
                "dialog_act": {
                    "Paper-Inform": [
                        [
                            "path",
                            "E盘"
                        ]
                    ]
                },
                "span_info": [
                    [
                        "Paper-Inform",
                        "path",
                        "E盘",
                        5,
                        6
                    ]
                ]
            },
            {
                "text": "我们为你成功下载到E盘上",
                "metadata": {
                    "Conference": {
                        "semi": {
                            "acronym": [],
                            "year": [],
                            "fullName": [],
                            "paperDue": [],
                            "noticeDue": [],
                            "heldDate": [],
                            "abstractDue": [],
                            "finalDue": [],
                            "location": [],
                            "category": [],
                            "ccf": [],
                            "website": [],
                            "bestPaper": [],
                            "confRelated": [],
                            "journalRelated": []
                        }
                    },
                    "Paper": {
                        "semi": {
                            "doi": [],
                            "title": [
                                " Comment on \"A Blind OFDM Synchronization Algorithm Based on Cyclic Correlation"
                            ],
                            "author": [],
                            "venue": [
                                "IEEE Signal Process. Lett."
                            ],
                            "year": [
                                "2010"
                            ],
                            "institution": [
                                "南京医科大学附属第一医院血液科、江苏省人民医院"
                            ],
                            "abstract": [],
                            "pdf": [],
                            "blog": [],
                            "path": [
                                "E盘"
                            ]
                        },
                        "download": {
                            "path": [],
                            "title": [
                                " Comment on \"A Blind OFDM Synchronization Algorithm Based on Cyclic Correlation"
                            ]
                        }
                    },
                    "Journal": {
                        "semi": {
                            "name": [],
                            "ISSN": [],
                            "E_ISSN": [],
                            "IF": [],
                            "h_index": [],
                            "self_citing": [],
                            "ccf": [],
                            "sci": [],
                            "website": [],
                            "submit": [],
                            "OA": [],
                            "category": [],
                            "speed": [],
                            "rate": []
                        }
                    },
                    "Author": {
                        "semi": {
                            "name": [],
                            "field": [],
                            "affiliation": [],
                            "position": [],
                            "citations": [],
                            "h_index": [],
                            "pubs": []
                        }
                    },
                    "Institution": {
                        "semi": {
                            "name": [],
                            "address": [],
                            "website": []
                        }
                    }
                },
                "dialog_act": {
                    "Paper-Download": [
                        [
                            "title",
                            " Comment on \"A Blind OFDM Synchronization Algorithm Based on Cyclic Correlation"
                        ],
                        [
                            "path",
                            "E盘"
                        ]
                    ]
                },
                "span_info": [
                    [
                        "Paper-Download",
                        "title",
                        " Comment on \"A Blind OFDM Synchronization Algorithm Based on Cyclic Correlation",
                        -1,
                        77
                    ],
                    [
                        "Paper-Download",
                        "path",
                        "E盘",
                        9,
                        10
                    ]
                ]
            }
        ]
    }
}