{
    "SFTF_039139": {
        "goal": {
            "Conference": {
                "semi": {
                    "acronym": [],
                    "year": [],
                    "fullName": [],
                    "paperDue": [],
                    "noticeDue": [],
                    "heldDate": [],
                    "abstractDue": [],
                    "finalDue": [],
                    "location": [],
                    "category": [],
                    "ccf": [],
                    "website": [],
                    "bestPaper": [],
                    "confRelated": [],
                    "journalRelated": []
                }
            },
            "Paper": {
                "semi": {
                    "doi": [
                        "https://doi.org/10.1109/PIMRC.2008.4699601"
                    ],
                    "title": [
                        "Power-distortion optimization and delay constraint scheme for layered video transmission"
                    ],
                    "author": [
                        "Satoshi小川"
                    ],
                    "venue": [
                        "PIMRC"
                    ],
                    "year": [
                        "2008"
                    ],
                    "institution": [],
                    "abstract": [
                        "In this paper, by jointly considering power and delay constraints, we present an unequal error protection (UEP) approach for minimization of the receiver power consumption subject to a given quality of service, by exploiting data partition and selective hybrid automatic repeat request (HARQ). The proposed scheme assigns different error resilient tools to different priority data partitions with UEP and delay-constrained ARQ. Simulations are conducted to H.264 video over fading channels, and achieve excellent tradeoff between video delivery quality and power consumption. Simulation results demonstrate that the proposed scheme yields obvious better video quality compared with the classical unequal error protection approach and significant power saving compared with hybrid UEP (HUEP) scheme which adopts different HARQ mechanisms to different priority data in wireless video transmission."
                    ],
                    "pdf": [],
                    "blog": []
                },
                "download": {
                    "path": []
                }
            },
            "Journal": {
                "semi": {
                    "name": [],
                    "ISSN": [],
                    "E_ISSN": [],
                    "IF": [],
                    "h_index": [],
                    "self_citing": [],
                    "ccf": [],
                    "sci": [],
                    "website": [],
                    "submit": [],
                    "OA": [],
                    "category": [],
                    "speed": [],
                    "rate": []
                }
            },
            "Author": {
                "semi": {
                    "name": [],
                    "field": [],
                    "affiliation": [],
                    "position": [],
                    "citations": [],
                    "h_index": [],
                    "pubs": []
                }
            },
            "Institution": {
                "semi": {
                    "name": [],
                    "address": [],
                    "website": []
                }
            },
            "description": [
                "Given institution,venue,year; Recommend Paper",
                "Update year; Recommend Paper",
                "When choice=0 and system confirms, give positive answer then update a constraint to continue searching",
                "Given venue,year; Recommend Paper",
                "When system confirms, give positive answer",
                "Confirm detail of author",
                "Request detail of doi",
                "Request detail of blog",
                "Request detail of abstract",
                "Request detail of institution"
            ]
        },
        "log": [
            {
                "text": "请问2005年在ICIP上中国疾病预防控制中心国家病毒性疾病预防控制研究所论文有哪些发表了呢",
                "metadata": {},
                "dialog_act": {
                    "Paper-Inform": [
                        [
                            "institution",
                            "中国疾病预防控制中心国家病毒性疾病预防控制研究所"
                        ],
                        [
                            "venue",
                            "ICIP"
                        ],
                        [
                            "year",
                            "2005年"
                        ]
                    ]
                },
                "span_info": [
                    [
                        "Paper-Inform",
                        "institution",
                        "中国疾病预防控制中心国家病毒性疾病预防控制研究所",
                        13,
                        36
                    ],
                    [
                        "Paper-Inform",
                        "venue",
                        "ICIP",
                        8,
                        11
                    ],
                    [
                        "Paper-Inform",
                        "year",
                        "2005年",
                        2,
                        6
                    ]
                ]
            },
            {
                "text": "没有相关的论文",
                "metadata": {
                    "Conference": {
                        "semi": {
                            "acronym": [],
                            "year": [],
                            "fullName": [],
                            "paperDue": [],
                            "noticeDue": [],
                            "heldDate": [],
                            "abstractDue": [],
                            "finalDue": [],
                            "location": [],
                            "category": [],
                            "ccf": [],
                            "website": [],
                            "bestPaper": [],
                            "confRelated": [],
                            "journalRelated": []
                        }
                    },
                    "Paper": {
                        "semi": {
                            "doi": [],
                            "title": [],
                            "author": [],
                            "venue": [
                                "ICIP"
                            ],
                            "year": [
                                "2005年"
                            ],
                            "institution": [
                                "中国疾病预防控制中心国家病毒性疾病预防控制研究所"
                            ],
                            "abstract": [],
                            "pdf": [],
                            "blog": []
                        },
                        "download": {
                            "path": []
                        }
                    },
                    "Journal": {
                        "semi": {
                            "name": [],
                            "ISSN": [],
                            "E_ISSN": [],
                            "IF": [],
                            "h_index": [],
                            "self_citing": [],
                            "ccf": [],
                            "sci": [],
                            "website": [],
                            "submit": [],
                            "OA": [],
                            "category": [],
                            "speed": [],
                            "rate": []
                        }
                    },
                    "Author": {
                        "semi": {
                            "name": [],
                            "field": [],
                            "affiliation": [],
                            "position": [],
                            "citations": [],
                            "h_index": [],
                            "pubs": []
                        }
                    },
                    "Institution": {
                        "semi": {
                            "name": [],
                            "address": [],
                            "website": []
                        }
                    }
                },
                "dialog_act": {
                    "Paper-Recommend": [
                        [
                            "Choice",
                            "0"
                        ]
                    ]
                },
                "span_info": []
            },
            {
                "text": "介绍一下2011年的",
                "metadata": {},
                "dialog_act": {
                    "Paper-Inform": [
                        [
                            "year",
                            "2011年"
                        ]
                    ]
                },
                "span_info": [
                    [
                        "Paper-Update",
                        "year",
                        "2011年",
                        4,
                        8
                    ]
                ]
            },
            {
                "text": "找到0个相关的会议唉，你确定找的是2011年发表的论文嘛",
                "metadata": {
                    "Conference": {
                        "semi": {
                            "acronym": [],
                            "year": [],
                            "fullName": [],
                            "paperDue": [],
                            "noticeDue": [],
                            "heldDate": [],
                            "abstractDue": [],
                            "finalDue": [],
                            "location": [],
                            "category": [],
                            "ccf": [],
                            "website": [],
                            "bestPaper": [],
                            "confRelated": [],
                            "journalRelated": []
                        }
                    },
                    "Paper": {
                        "semi": {
                            "doi": [],
                            "title": [],
                            "author": [],
                            "venue": [
                                "ICIP"
                            ],
                            "year": [
                                "2011年"
                            ],
                            "institution": [
                                "中国疾病预防控制中心国家病毒性疾病预防控制研究所"
                            ],
                            "abstract": [],
                            "pdf": [],
                            "blog": []
                        },
                        "download": {
                            "path": []
                        }
                    },
                    "Journal": {
                        "semi": {
                            "name": [],
                            "ISSN": [],
                            "E_ISSN": [],
                            "IF": [],
                            "h_index": [],
                            "self_citing": [],
                            "ccf": [],
                            "sci": [],
                            "website": [],
                            "submit": [],
                            "OA": [],
                            "category": [],
                            "speed": [],
                            "rate": []
                        }
                    },
                    "Author": {
                        "semi": {
                            "name": [],
                            "field": [],
                            "affiliation": [],
                            "position": [],
                            "citations": [],
                            "h_index": [],
                            "pubs": []
                        }
                    },
                    "Institution": {
                        "semi": {
                            "name": [],
                            "address": [],
                            "website": []
                        }
                    }
                },
                "dialog_act": {
                    "Paper-Recommend": [
                        [
                            "Choice",
                            "0"
                        ]
                    ],
                    "Paper-Confirm": [
                        [
                            "year",
                            "2011年"
                        ]
                    ]
                },
                "span_info": [
                    [
                        "Paper-Confirm",
                        "year",
                        "2011年",
                        17,
                        21
                    ]
                ]
            },
            {
                "text": "嗯嗯是的呢，如果是中国地质科学院矿产资源研究所的呢",
                "metadata": {},
                "dialog_act": {
                    "Paper-Inform": [
                        [
                            "institution",
                            "中国地质科学院矿产资源研究所"
                        ]
                    ],
                    "General-Positive": [
                        [
                            null,
                            null
                        ]
                    ]
                },
                "span_info": [
                    [
                        "Paper-Update",
                        "institution",
                        "中国地质科学院矿产资源研究所",
                        9,
                        22
                    ]
                ]
            },
            {
                "text": "抱歉没有找到符合条件的论文唉",
                "metadata": {
                    "Conference": {
                        "semi": {
                            "acronym": [],
                            "year": [],
                            "fullName": [],
                            "paperDue": [],
                            "noticeDue": [],
                            "heldDate": [],
                            "abstractDue": [],
                            "finalDue": [],
                            "location": [],
                            "category": [],
                            "ccf": [],
                            "website": [],
                            "bestPaper": [],
                            "confRelated": [],
                            "journalRelated": []
                        }
                    },
                    "Paper": {
                        "semi": {
                            "doi": [],
                            "title": [],
                            "author": [],
                            "venue": [
                                "ICIP"
                            ],
                            "year": [
                                "2011年"
                            ],
                            "institution": [
                                "中国地质科学院矿产资源研究所"
                            ],
                            "abstract": [],
                            "pdf": [],
                            "blog": []
                        },
                        "download": {
                            "path": []
                        }
                    },
                    "Journal": {
                        "semi": {
                            "name": [],
                            "ISSN": [],
                            "E_ISSN": [],
                            "IF": [],
                            "h_index": [],
                            "self_citing": [],
                            "ccf": [],
                            "sci": [],
                            "website": [],
                            "submit": [],
                            "OA": [],
                            "category": [],
                            "speed": [],
                            "rate": []
                        }
                    },
                    "Author": {
                        "semi": {
                            "name": [],
                            "field": [],
                            "affiliation": [],
                            "position": [],
                            "citations": [],
                            "h_index": [],
                            "pubs": []
                        }
                    },
                    "Institution": {
                        "semi": {
                            "name": [],
                            "address": [],
                            "website": []
                        }
                    }
                },
                "dialog_act": {
                    "Paper-Recommend": [
                        [
                            "Choice",
                            "0"
                        ]
                    ]
                },
                "span_info": []
            },
            {
                "text": "告诉我PIMRC2008上的论文有哪些",
                "metadata": {},
                "dialog_act": {
                    "Paper-Inform": [
                        [
                            "venue",
                            "PIMRC"
                        ],
                        [
                            "year",
                            "2008"
                        ]
                    ]
                },
                "span_info": [
                    [
                        "Paper-Inform",
                        "venue",
                        "PIMRC",
                        3,
                        7
                    ],
                    [
                        "Paper-Inform",
                        "year",
                        "2008",
                        8,
                        11
                    ]
                ]
            },
            {
                "text": "你确定找的是PIMRC2008上发表的论文嘛",
                "metadata": {
                    "Conference": {
                        "semi": {
                            "acronym": [],
                            "year": [],
                            "fullName": [],
                            "paperDue": [],
                            "noticeDue": [],
                            "heldDate": [],
                            "abstractDue": [],
                            "finalDue": [],
                            "location": [],
                            "category": [],
                            "ccf": [],
                            "website": [],
                            "bestPaper": [],
                            "confRelated": [],
                            "journalRelated": []
                        }
                    },
                    "Paper": {
                        "semi": {
                            "doi": [],
                            "title": [],
                            "author": [],
                            "venue": [
                                "PIMRC"
                            ],
                            "year": [
                                "2008"
                            ],
                            "institution": [],
                            "abstract": [],
                            "pdf": [],
                            "blog": []
                        },
                        "download": {
                            "path": []
                        }
                    },
                    "Journal": {
                        "semi": {
                            "name": [],
                            "ISSN": [],
                            "E_ISSN": [],
                            "IF": [],
                            "h_index": [],
                            "self_citing": [],
                            "ccf": [],
                            "sci": [],
                            "website": [],
                            "submit": [],
                            "OA": [],
                            "category": [],
                            "speed": [],
                            "rate": []
                        }
                    },
                    "Author": {
                        "semi": {
                            "name": [],
                            "field": [],
                            "affiliation": [],
                            "position": [],
                            "citations": [],
                            "h_index": [],
                            "pubs": []
                        }
                    },
                    "Institution": {
                        "semi": {
                            "name": [],
                            "address": [],
                            "website": []
                        }
                    }
                },
                "dialog_act": {
                    "Paper-Confirm": [
                        [
                            "venue",
                            "PIMRC"
                        ],
                        [
                            "year",
                            "2008"
                        ]
                    ]
                },
                "span_info": [
                    [
                        "Paper-Confirm",
                        "venue",
                        "PIMRC",
                        6,
                        10
                    ],
                    [
                        "Paper-Confirm",
                        "year",
                        "2008",
                        11,
                        14
                    ]
                ]
            },
            {
                "text": "确定",
                "metadata": {},
                "dialog_act": {
                    "General-Positive": [
                        [
                            null,
                            null
                        ]
                    ]
                },
                "span_info": []
            },
            {
                "text": "共找到2篇符合条件的会议，它们是Power-distortion optimization and delay constraint scheme for layered video transmission和A layer 2 scheme for inter-RAT handover between UMTS and WiMAX in tight coupling architecture和Research on coexistence of WiMAX and WCDMA systems",
                "metadata": {
                    "Conference": {
                        "semi": {
                            "acronym": [],
                            "year": [],
                            "fullName": [],
                            "paperDue": [],
                            "noticeDue": [],
                            "heldDate": [],
                            "abstractDue": [],
                            "finalDue": [],
                            "location": [],
                            "category": [],
                            "ccf": [],
                            "website": [],
                            "bestPaper": [],
                            "confRelated": [],
                            "journalRelated": []
                        }
                    },
                    "Paper": {
                        "semi": {
                            "doi": [],
                            "title": [],
                            "author": [],
                            "venue": [
                                "PIMRC"
                            ],
                            "year": [
                                "2008"
                            ],
                            "institution": [],
                            "abstract": [],
                            "pdf": [],
                            "blog": []
                        },
                        "download": {
                            "path": []
                        }
                    },
                    "Journal": {
                        "semi": {
                            "name": [],
                            "ISSN": [],
                            "E_ISSN": [],
                            "IF": [],
                            "h_index": [],
                            "self_citing": [],
                            "ccf": [],
                            "sci": [],
                            "website": [],
                            "submit": [],
                            "OA": [],
                            "category": [],
                            "speed": [],
                            "rate": []
                        }
                    },
                    "Author": {
                        "semi": {
                            "name": [],
                            "field": [],
                            "affiliation": [],
                            "position": [],
                            "citations": [],
                            "h_index": [],
                            "pubs": []
                        }
                    },
                    "Institution": {
                        "semi": {
                            "name": [],
                            "address": [],
                            "website": []
                        }
                    }
                },
                "dialog_act": {
                    "Paper-Recommend": [
                        [
                            "Choice",
                            "3"
                        ],
                        [
                            "title",
                            "Power-distortion optimization and delay constraint scheme for layered video transmission"
                        ],
                        [
                            "title",
                            "A layer 2 scheme for inter-RAT handover between UMTS and WiMAX in tight coupling architecture"
                        ],
                        [
                            "title",
                            "Research on coexistence of WiMAX and WCDMA systems"
                        ]
                    ]
                },
                "span_info": [
                    [
                        "Paper-Recommend",
                        "title",
                        "Power-distortion optimization and delay constraint scheme for layered video transmission",
                        16,
                        103
                    ],
                    [
                        "Paper-Recommend",
                        "title",
                        "A layer 2 scheme for inter-RAT handover between UMTS and WiMAX in tight coupling architecture",
                        105,
                        197
                    ],
                    [
                        "Paper-Recommend",
                        "title",
                        "Research on coexistence of WiMAX and WCDMA systems",
                        199,
                        248
                    ]
                ]
            },
            {
                "text": "请问Power-distortion optimization and delay constraint scheme for layered video transmission是Satoshi小川写的嘛",
                "metadata": {},
                "dialog_act": {
                    "Paper-Inform": [
                        [
                            "title",
                            "Power-distortion optimization and delay constraint scheme for layered video transmission"
                        ]
                    ],
                    "Paper-Confirm": [
                        [
                            "author",
                            "Satoshi小川"
                        ]
                    ]
                },
                "span_info": [
                    [
                        "Paper-Inform",
                        "title",
                        "Power-distortion optimization and delay constraint scheme for layered video transmission",
                        2,
                        89
                    ],
                    [
                        "Paper-Confirm",
                        "author",
                        "Satoshi小川",
                        91,
                        99
                    ]
                ]
            },
            {
                "text": "是的",
                "metadata": {
                    "Conference": {
                        "semi": {
                            "acronym": [],
                            "year": [],
                            "fullName": [],
                            "paperDue": [],
                            "noticeDue": [],
                            "heldDate": [],
                            "abstractDue": [],
                            "finalDue": [],
                            "location": [],
                            "category": [],
                            "ccf": [],
                            "website": [],
                            "bestPaper": [],
                            "confRelated": [],
                            "journalRelated": []
                        }
                    },
                    "Paper": {
                        "semi": {
                            "doi": [],
                            "title": [
                                "Power-distortion optimization and delay constraint scheme for layered video transmission"
                            ],
                            "author": [
                                "Satoshi小川"
                            ],
                            "venue": [
                                "PIMRC"
                            ],
                            "year": [
                                "2008"
                            ],
                            "institution": [],
                            "abstract": [],
                            "pdf": [],
                            "blog": []
                        },
                        "download": {
                            "path": []
                        }
                    },
                    "Journal": {
                        "semi": {
                            "name": [],
                            "ISSN": [],
                            "E_ISSN": [],
                            "IF": [],
                            "h_index": [],
                            "self_citing": [],
                            "ccf": [],
                            "sci": [],
                            "website": [],
                            "submit": [],
                            "OA": [],
                            "category": [],
                            "speed": [],
                            "rate": []
                        }
                    },
                    "Author": {
                        "semi": {
                            "name": [],
                            "field": [],
                            "affiliation": [],
                            "position": [],
                            "citations": [],
                            "h_index": [],
                            "pubs": []
                        }
                    },
                    "Institution": {
                        "semi": {
                            "name": [],
                            "address": [],
                            "website": []
                        }
                    }
                },
                "dialog_act": {
                    "General-Positive": [
                        [
                            null,
                            null
                        ]
                    ]
                },
                "span_info": []
            },
            {
                "text": "你好Power-distortion optimization and delay constraint scheme for layered video transmission的doi是什么呢",
                "metadata": {},
                "dialog_act": {
                    "Paper-Inform": [
                        [
                            "title",
                            "Power-distortion optimization and delay constraint scheme for layered video transmission"
                        ]
                    ],
                    "Paper-Request": [
                        [
                            "doi",
                            "?"
                        ]
                    ]
                },
                "span_info": [
                    [
                        "Paper-Inform",
                        "title",
                        "Power-distortion optimization and delay constraint scheme for layered video transmission",
                        2,
                        89
                    ]
                ]
            },
            {
                "text": "Power-distortion optimization and delay constraint scheme for layered video transmission的doi是https://doi.org/10.1109/PIMRC.2008.4699601",
                "metadata": {
                    "Conference": {
                        "semi": {
                            "acronym": [],
                            "year": [],
                            "fullName": [],
                            "paperDue": [],
                            "noticeDue": [],
                            "heldDate": [],
                            "abstractDue": [],
                            "finalDue": [],
                            "location": [],
                            "category": [],
                            "ccf": [],
                            "website": [],
                            "bestPaper": [],
                            "confRelated": [],
                            "journalRelated": []
                        }
                    },
                    "Paper": {
                        "semi": {
                            "doi": [],
                            "title": [
                                "Power-distortion optimization and delay constraint scheme for layered video transmission"
                            ],
                            "author": [
                                "Satoshi小川"
                            ],
                            "venue": [
                                "PIMRC"
                            ],
                            "year": [
                                "2008"
                            ],
                            "institution": [],
                            "abstract": [],
                            "pdf": [],
                            "blog": []
                        },
                        "download": {
                            "path": []
                        }
                    },
                    "Journal": {
                        "semi": {
                            "name": [],
                            "ISSN": [],
                            "E_ISSN": [],
                            "IF": [],
                            "h_index": [],
                            "self_citing": [],
                            "ccf": [],
                            "sci": [],
                            "website": [],
                            "submit": [],
                            "OA": [],
                            "category": [],
                            "speed": [],
                            "rate": []
                        }
                    },
                    "Author": {
                        "semi": {
                            "name": [],
                            "field": [],
                            "affiliation": [],
                            "position": [],
                            "citations": [],
                            "h_index": [],
                            "pubs": []
                        }
                    },
                    "Institution": {
                        "semi": {
                            "name": [],
                            "address": [],
                            "website": []
                        }
                    }
                },
                "dialog_act": {
                    "Paper-Inform": [
                        [
                            "title",
                            "Power-distortion optimization and delay constraint scheme for layered video transmission"
                        ],
                        [
                            "doi",
                            "https://doi.org/10.1109/PIMRC.2008.4699601"
                        ]
                    ]
                },
                "span_info": [
                    [
                        "Paper-Inform",
                        "title",
                        "Power-distortion optimization and delay constraint scheme for layered video transmission",
                        0,
                        87
                    ],
                    [
                        "Paper-Inform",
                        "doi",
                        "https://doi.org/10.1109/PIMRC.2008.4699601",
                        93,
                        134
                    ]
                ]
            },
            {
                "text": "Power-distortion optimization and delay constraint scheme for layered video transmission讲解博客在哪里可以看到呢",
                "metadata": {},
                "dialog_act": {
                    "Paper-Inform": [
                        [
                            "title",
                            "Power-distortion optimization and delay constraint scheme for layered video transmission"
                        ]
                    ],
                    "Paper-Request": [
                        [
                            "blog",
                            "?"
                        ]
                    ]
                },
                "span_info": [
                    [
                        "Paper-Inform",
                        "title",
                        "Power-distortion optimization and delay constraint scheme for layered video transmission",
                        0,
                        87
                    ]
                ]
            },
            {
                "text": "目前数据库中没有找到Power-distortion optimization and delay constraint scheme for layered video transmission的讲解博客网址，之后我们会不断完善数据，感谢您的理解",
                "metadata": {
                    "Conference": {
                        "semi": {
                            "acronym": [],
                            "year": [],
                            "fullName": [],
                            "paperDue": [],
                            "noticeDue": [],
                            "heldDate": [],
                            "abstractDue": [],
                            "finalDue": [],
                            "location": [],
                            "category": [],
                            "ccf": [],
                            "website": [],
                            "bestPaper": [],
                            "confRelated": [],
                            "journalRelated": []
                        }
                    },
                    "Paper": {
                        "semi": {
                            "doi": [
                                "https://doi.org/10.1109/PIMRC.2008.4699601"
                            ],
                            "title": [
                                "Power-distortion optimization and delay constraint scheme for layered video transmission"
                            ],
                            "author": [
                                "Satoshi小川"
                            ],
                            "venue": [
                                "PIMRC"
                            ],
                            "year": [
                                "2008"
                            ],
                            "institution": [],
                            "abstract": [],
                            "pdf": [],
                            "blog": []
                        },
                        "download": {
                            "path": []
                        }
                    },
                    "Journal": {
                        "semi": {
                            "name": [],
                            "ISSN": [],
                            "E_ISSN": [],
                            "IF": [],
                            "h_index": [],
                            "self_citing": [],
                            "ccf": [],
                            "sci": [],
                            "website": [],
                            "submit": [],
                            "OA": [],
                            "category": [],
                            "speed": [],
                            "rate": []
                        }
                    },
                    "Author": {
                        "semi": {
                            "name": [],
                            "field": [],
                            "affiliation": [],
                            "position": [],
                            "citations": [],
                            "h_index": [],
                            "pubs": []
                        }
                    },
                    "Institution": {
                        "semi": {
                            "name": [],
                            "address": [],
                            "website": []
                        }
                    }
                },
                "dialog_act": {
                    "Paper-Inform": [
                        [
                            "title",
                            "Power-distortion optimization and delay constraint scheme for layered video transmission"
                        ]
                    ],
                    "Paper-NoInform": [
                        [
                            "blog",
                            null
                        ]
                    ]
                },
                "span_info": [
                    [
                        "Paper-Inform",
                        "title",
                        "Power-distortion optimization and delay constraint scheme for layered video transmission",
                        10,
                        97
                    ]
                ]
            },
            {
                "text": "Power-distortion optimization and delay constraint scheme for layered video transmission的具体摘要是什么",
                "metadata": {},
                "dialog_act": {
                    "Paper-Inform": [
                        [
                            "title",
                            "Power-distortion optimization and delay constraint scheme for layered video transmission"
                        ]
                    ],
                    "Paper-Request": [
                        [
                            "abstract",
                            "?"
                        ]
                    ]
                },
                "span_info": [
                    [
                        "Paper-Inform",
                        "title",
                        "Power-distortion optimization and delay constraint scheme for layered video transmission",
                        0,
                        87
                    ]
                ]
            },
            {
                "text": "Power-distortion optimization and delay constraint scheme for layered video transmission的摘要是In this paper, by jointly considering power and delay constraints, we present an unequal error protection (UEP) approach for minimization of the receiver power consumption subject to a given quality of service, by exploiting data partition and selective hybrid automatic repeat request (HARQ). The proposed scheme assigns different error resilient tools to different priority data partitions with UEP and delay-constrained ARQ. Simulations are conducted to H.264 video over fading channels, and achieve excellent tradeoff between video delivery quality and power consumption. Simulation results demonstrate that the proposed scheme yields obvious better video quality compared with the classical unequal error protection approach and significant power saving compared with hybrid UEP (HUEP) scheme which adopts different HARQ mechanisms to different priority data in wireless video transmission.",
                "metadata": {
                    "Conference": {
                        "semi": {
                            "acronym": [],
                            "year": [],
                            "fullName": [],
                            "paperDue": [],
                            "noticeDue": [],
                            "heldDate": [],
                            "abstractDue": [],
                            "finalDue": [],
                            "location": [],
                            "category": [],
                            "ccf": [],
                            "website": [],
                            "bestPaper": [],
                            "confRelated": [],
                            "journalRelated": []
                        }
                    },
                    "Paper": {
                        "semi": {
                            "doi": [
                                "https://doi.org/10.1109/PIMRC.2008.4699601"
                            ],
                            "title": [
                                "Power-distortion optimization and delay constraint scheme for layered video transmission"
                            ],
                            "author": [
                                "Satoshi小川"
                            ],
                            "venue": [
                                "PIMRC"
                            ],
                            "year": [
                                "2008"
                            ],
                            "institution": [],
                            "abstract": [],
                            "pdf": [],
                            "blog": []
                        },
                        "download": {
                            "path": []
                        }
                    },
                    "Journal": {
                        "semi": {
                            "name": [],
                            "ISSN": [],
                            "E_ISSN": [],
                            "IF": [],
                            "h_index": [],
                            "self_citing": [],
                            "ccf": [],
                            "sci": [],
                            "website": [],
                            "submit": [],
                            "OA": [],
                            "category": [],
                            "speed": [],
                            "rate": []
                        }
                    },
                    "Author": {
                        "semi": {
                            "name": [],
                            "field": [],
                            "affiliation": [],
                            "position": [],
                            "citations": [],
                            "h_index": [],
                            "pubs": []
                        }
                    },
                    "Institution": {
                        "semi": {
                            "name": [],
                            "address": [],
                            "website": []
                        }
                    }
                },
                "dialog_act": {
                    "Paper-Inform": [
                        [
                            "title",
                            "Power-distortion optimization and delay constraint scheme for layered video transmission"
                        ],
                        [
                            "abstract",
                            "In this paper, by jointly considering power and delay constraints, we present an unequal error protection (UEP) approach for minimization of the receiver power consumption subject to a given quality of service, by exploiting data partition and selective hybrid automatic repeat request (HARQ). The proposed scheme assigns different error resilient tools to different priority data partitions with UEP and delay-constrained ARQ. Simulations are conducted to H.264 video over fading channels, and achieve excellent tradeoff between video delivery quality and power consumption. Simulation results demonstrate that the proposed scheme yields obvious better video quality compared with the classical unequal error protection approach and significant power saving compared with hybrid UEP (HUEP) scheme which adopts different HARQ mechanisms to different priority data in wireless video transmission."
                        ]
                    ]
                },
                "span_info": [
                    [
                        "Paper-Inform",
                        "title",
                        "Power-distortion optimization and delay constraint scheme for layered video transmission",
                        0,
                        87
                    ],
                    [
                        "Paper-Inform",
                        "abstract",
                        "In this paper, by jointly considering power and delay constraints, we present an unequal error protection (UEP) approach for minimization of the receiver power consumption subject to a given quality of service, by exploiting data partition and selective hybrid automatic repeat request (HARQ). The proposed scheme assigns different error resilient tools to different priority data partitions with UEP and delay-constrained ARQ. Simulations are conducted to H.264 video over fading channels, and achieve excellent tradeoff between video delivery quality and power consumption. Simulation results demonstrate that the proposed scheme yields obvious better video quality compared with the classical unequal error protection approach and significant power saving compared with hybrid UEP (HUEP) scheme which adopts different HARQ mechanisms to different priority data in wireless video transmission.",
                        92,
                        986
                    ]
                ]
            },
            {
                "text": "Power-distortion optimization and delay constraint scheme for layered video transmission发表机构是什么呢",
                "metadata": {},
                "dialog_act": {
                    "Paper-Inform": [
                        [
                            "title",
                            "Power-distortion optimization and delay constraint scheme for layered video transmission"
                        ]
                    ],
                    "Paper-Request": [
                        [
                            "institution",
                            "?"
                        ]
                    ]
                },
                "span_info": [
                    [
                        "Paper-Inform",
                        "title",
                        "Power-distortion optimization and delay constraint scheme for layered video transmission",
                        0,
                        87
                    ]
                ]
            },
            {
                "text": "Power-distortion optimization and delay constraint scheme for layered video transmission的发表机构是XXX",
                "metadata": {
                    "Conference": {
                        "semi": {
                            "acronym": [],
                            "year": [],
                            "fullName": [],
                            "paperDue": [],
                            "noticeDue": [],
                            "heldDate": [],
                            "abstractDue": [],
                            "finalDue": [],
                            "location": [],
                            "category": [],
                            "ccf": [],
                            "website": [],
                            "bestPaper": [],
                            "confRelated": [],
                            "journalRelated": []
                        }
                    },
                    "Paper": {
                        "semi": {
                            "doi": [
                                "https://doi.org/10.1109/PIMRC.2008.4699601"
                            ],
                            "title": [
                                "Power-distortion optimization and delay constraint scheme for layered video transmission"
                            ],
                            "author": [
                                "Satoshi小川"
                            ],
                            "venue": [
                                "PIMRC"
                            ],
                            "year": [
                                "2008"
                            ],
                            "institution": [],
                            "abstract": [
                                "In this paper, by jointly considering power and delay constraints, we present an unequal error protection (UEP) approach for minimization of the receiver power consumption subject to a given quality of service, by exploiting data partition and selective hybrid automatic repeat request (HARQ). The proposed scheme assigns different error resilient tools to different priority data partitions with UEP and delay-constrained ARQ. Simulations are conducted to H.264 video over fading channels, and achieve excellent tradeoff between video delivery quality and power consumption. Simulation results demonstrate that the proposed scheme yields obvious better video quality compared with the classical unequal error protection approach and significant power saving compared with hybrid UEP (HUEP) scheme which adopts different HARQ mechanisms to different priority data in wireless video transmission."
                            ],
                            "pdf": [],
                            "blog": []
                        },
                        "download": {
                            "path": []
                        }
                    },
                    "Journal": {
                        "semi": {
                            "name": [],
                            "ISSN": [],
                            "E_ISSN": [],
                            "IF": [],
                            "h_index": [],
                            "self_citing": [],
                            "ccf": [],
                            "sci": [],
                            "website": [],
                            "submit": [],
                            "OA": [],
                            "category": [],
                            "speed": [],
                            "rate": []
                        }
                    },
                    "Author": {
                        "semi": {
                            "name": [],
                            "field": [],
                            "affiliation": [],
                            "position": [],
                            "citations": [],
                            "h_index": [],
                            "pubs": []
                        }
                    },
                    "Institution": {
                        "semi": {
                            "name": [],
                            "address": [],
                            "website": []
                        }
                    }
                },
                "dialog_act": {
                    "Paper-Inform": [
                        [
                            "title",
                            "Power-distortion optimization and delay constraint scheme for layered video transmission"
                        ],
                        [
                            "institution",
                            "中国北京出入境检验检疫局"
                        ]
                    ]
                },
                "span_info": [
                    [
                        "Paper-Inform",
                        "title",
                        "Power-distortion optimization and delay constraint scheme for layered video transmission",
                        0,
                        87
                    ],
                    [
                        "Paper-Inform",
                        "institution",
                        "中国北京出入境检验检疫局",
                        -1,
                        10
                    ]
                ]
            }
        ]
    }
}