{
    "SFTF_035265": {
        "goal": {
            "Conference": {
                "semi": {
                    "acronym": [],
                    "year": [],
                    "fullName": [],
                    "paperDue": [],
                    "noticeDue": [],
                    "heldDate": [],
                    "abstractDue": [],
                    "finalDue": [],
                    "location": [],
                    "category": [],
                    "ccf": [],
                    "website": [],
                    "bestPaper": [],
                    "confRelated": [],
                    "journalRelated": []
                }
            },
            "Paper": {
                "semi": {
                    "doi": [],
                    "title": [],
                    "author": [],
                    "venue": [],
                    "year": [],
                    "institution": [],
                    "abstract": [],
                    "pdf": [],
                    "blog": []
                },
                "download": {
                    "path": []
                }
            },
            "Journal": {
                "semi": {
                    "name": [],
                    "ISSN": [],
                    "E_ISSN": [],
                    "IF": [],
                    "h_index": [],
                    "self_citing": [],
                    "ccf": [],
                    "sci": [],
                    "website": [],
                    "submit": [],
                    "OA": [],
                    "category": [],
                    "speed": [],
                    "rate": []
                }
            },
            "Author": {
                "semi": {
                    "name": [],
                    "field": [
                        "糖尿病"
                    ],
                    "affiliation": [],
                    "position": [
                        "其他"
                    ],
                    "citations": [],
                    "h_index": [],
                    "pubs": []
                }
            },
            "Institution": {
                "semi": {
                    "name": [],
                    "address": [],
                    "website": []
                }
            },
            "description": [
                "Given institution,position; Recommend Author",
                "When choice=0 and system confirms, give positive answer then update a constraint to continue searching",
                "Given position; Recommend Author",
                "Add field; Recommend Author"
            ]
        },
        "log": [
            {
                "text": "山西大学生物技术研究所教育部化学生物学与分子工程重点实验室的博导有哪些呢",
                "metadata": {},
                "dialog_act": {
                    "Author-Inform": [
                        [
                            "institution",
                            "山西大学生物技术研究所教育部化学生物学与分子工程重点实验室"
                        ],
                        [
                            "position",
                            "博导"
                        ]
                    ]
                },
                "span_info": [
                    [
                        "Author-Inform",
                        "institution",
                        "山西大学生物技术研究所教育部化学生物学与分子工程重点实验室",
                        0,
                        28
                    ],
                    [
                        "Author-Inform",
                        "position",
                        "博导",
                        30,
                        31
                    ]
                ]
            },
            {
                "text": "抱歉没有找到符合条件的会议唉，你确定找的是山西大学生物技术研究所教育部化学生物学与分子工程重点实验室的博导嘛",
                "metadata": {
                    "Conference": {
                        "semi": {
                            "acronym": [],
                            "year": [],
                            "fullName": [],
                            "paperDue": [],
                            "noticeDue": [],
                            "heldDate": [],
                            "abstractDue": [],
                            "finalDue": [],
                            "location": [],
                            "category": [],
                            "ccf": [],
                            "website": [],
                            "bestPaper": [],
                            "confRelated": [],
                            "journalRelated": []
                        }
                    },
                    "Paper": {
                        "semi": {
                            "doi": [],
                            "title": [],
                            "author": [],
                            "venue": [],
                            "year": [],
                            "institution": [],
                            "abstract": [],
                            "pdf": [],
                            "blog": []
                        },
                        "download": {
                            "path": []
                        }
                    },
                    "Journal": {
                        "semi": {
                            "name": [],
                            "ISSN": [],
                            "E_ISSN": [],
                            "IF": [],
                            "h_index": [],
                            "self_citing": [],
                            "ccf": [],
                            "sci": [],
                            "website": [],
                            "submit": [],
                            "OA": [],
                            "category": [],
                            "speed": [],
                            "rate": []
                        }
                    },
                    "Author": {
                        "semi": {
                            "name": [],
                            "field": [],
                            "affiliation": [],
                            "position": [
                                "博导"
                            ],
                            "citations": [],
                            "h_index": [],
                            "pubs": [],
                            "institution": [
                                "山西大学生物技术研究所教育部化学生物学与分子工程重点实验室"
                            ]
                        }
                    },
                    "Institution": {
                        "semi": {
                            "name": [],
                            "address": [],
                            "website": []
                        }
                    }
                },
                "dialog_act": {
                    "Author-Recommend": [
                        [
                            "Choice",
                            "0"
                        ]
                    ],
                    "Author-Confirm": [
                        [
                            "institution",
                            "山西大学生物技术研究所教育部化学生物学与分子工程重点实验室"
                        ],
                        [
                            "position",
                            "博导"
                        ]
                    ]
                },
                "span_info": [
                    [
                        "Author-Confirm",
                        "institution",
                        "山西大学生物技术研究所教育部化学生物学与分子工程重点实验室",
                        21,
                        49
                    ],
                    [
                        "Author-Confirm",
                        "position",
                        "博导",
                        51,
                        52
                    ]
                ]
            },
            {
                "text": "你说的没错，就是这个问题，其中作为主任的人有哪些呢",
                "metadata": {},
                "dialog_act": {
                    "Author-Inform": [
                        [
                            "position",
                            "主任"
                        ]
                    ],
                    "General-Positive": [
                        [
                            null,
                            null
                        ]
                    ]
                },
                "span_info": [
                    [
                        "Author-Update",
                        "position",
                        "主任",
                        17,
                        18
                    ]
                ]
            },
            {
                "text": "找到0个相关的作者唉",
                "metadata": {
                    "Conference": {
                        "semi": {
                            "acronym": [],
                            "year": [],
                            "fullName": [],
                            "paperDue": [],
                            "noticeDue": [],
                            "heldDate": [],
                            "abstractDue": [],
                            "finalDue": [],
                            "location": [],
                            "category": [],
                            "ccf": [],
                            "website": [],
                            "bestPaper": [],
                            "confRelated": [],
                            "journalRelated": []
                        }
                    },
                    "Paper": {
                        "semi": {
                            "doi": [],
                            "title": [],
                            "author": [],
                            "venue": [],
                            "year": [],
                            "institution": [],
                            "abstract": [],
                            "pdf": [],
                            "blog": []
                        },
                        "download": {
                            "path": []
                        }
                    },
                    "Journal": {
                        "semi": {
                            "name": [],
                            "ISSN": [],
                            "E_ISSN": [],
                            "IF": [],
                            "h_index": [],
                            "self_citing": [],
                            "ccf": [],
                            "sci": [],
                            "website": [],
                            "submit": [],
                            "OA": [],
                            "category": [],
                            "speed": [],
                            "rate": []
                        }
                    },
                    "Author": {
                        "semi": {
                            "name": [],
                            "field": [],
                            "affiliation": [],
                            "position": [
                                "主任"
                            ],
                            "citations": [],
                            "h_index": [],
                            "pubs": [],
                            "institution": [
                                "山西大学生物技术研究所教育部化学生物学与分子工程重点实验室"
                            ]
                        }
                    },
                    "Institution": {
                        "semi": {
                            "name": [],
                            "address": [],
                            "website": []
                        }
                    }
                },
                "dialog_act": {
                    "Author-Recommend": [
                        [
                            "Choice",
                            "0"
                        ]
                    ]
                },
                "span_info": []
            },
            {
                "text": "有不错的其他就推荐给我",
                "metadata": {},
                "dialog_act": {
                    "Author-Inform": [
                        [
                            "position",
                            "其他"
                        ]
                    ]
                },
                "span_info": [
                    [
                        "Author-Inform",
                        "position",
                        "其他",
                        4,
                        5
                    ]
                ]
            },
            {
                "text": "满足条件的作者共有50个，您还有什么其他的要求嘛",
                "metadata": {
                    "Conference": {
                        "semi": {
                            "acronym": [],
                            "year": [],
                            "fullName": [],
                            "paperDue": [],
                            "noticeDue": [],
                            "heldDate": [],
                            "abstractDue": [],
                            "finalDue": [],
                            "location": [],
                            "category": [],
                            "ccf": [],
                            "website": [],
                            "bestPaper": [],
                            "confRelated": [],
                            "journalRelated": []
                        }
                    },
                    "Paper": {
                        "semi": {
                            "doi": [],
                            "title": [],
                            "author": [],
                            "venue": [],
                            "year": [],
                            "institution": [],
                            "abstract": [],
                            "pdf": [],
                            "blog": []
                        },
                        "download": {
                            "path": []
                        }
                    },
                    "Journal": {
                        "semi": {
                            "name": [],
                            "ISSN": [],
                            "E_ISSN": [],
                            "IF": [],
                            "h_index": [],
                            "self_citing": [],
                            "ccf": [],
                            "sci": [],
                            "website": [],
                            "submit": [],
                            "OA": [],
                            "category": [],
                            "speed": [],
                            "rate": []
                        }
                    },
                    "Author": {
                        "semi": {
                            "name": [],
                            "field": [],
                            "affiliation": [],
                            "position": [
                                "其他"
                            ],
                            "citations": [],
                            "h_index": [],
                            "pubs": []
                        }
                    },
                    "Institution": {
                        "semi": {
                            "name": [],
                            "address": [],
                            "website": []
                        }
                    }
                },
                "dialog_act": {
                    "Author-Recommend": [
                        [
                            "Choice",
                            "15"
                        ]
                    ],
                    "Author-Reqmore": [
                        [
                            "?",
                            "?"
                        ]
                    ]
                },
                "span_info": []
            },
            {
                "text": "其中关于糖尿病领域的呢",
                "metadata": {},
                "dialog_act": {
                    "Author-Inform": [
                        [
                            "field",
                            "糖尿病"
                        ]
                    ]
                },
                "span_info": [
                    [
                        "Author-Add",
                        "field",
                        "糖尿病",
                        4,
                        6
                    ]
                ]
            },
            {
                "text": "只有Satoshi小川老师是满足条件的",
                "metadata": {
                    "Conference": {
                        "semi": {
                            "acronym": [],
                            "year": [],
                            "fullName": [],
                            "paperDue": [],
                            "noticeDue": [],
                            "heldDate": [],
                            "abstractDue": [],
                            "finalDue": [],
                            "location": [],
                            "category": [],
                            "ccf": [],
                            "website": [],
                            "bestPaper": [],
                            "confRelated": [],
                            "journalRelated": []
                        }
                    },
                    "Paper": {
                        "semi": {
                            "doi": [],
                            "title": [],
                            "author": [],
                            "venue": [],
                            "year": [],
                            "institution": [],
                            "abstract": [],
                            "pdf": [],
                            "blog": []
                        },
                        "download": {
                            "path": []
                        }
                    },
                    "Journal": {
                        "semi": {
                            "name": [],
                            "ISSN": [],
                            "E_ISSN": [],
                            "IF": [],
                            "h_index": [],
                            "self_citing": [],
                            "ccf": [],
                            "sci": [],
                            "website": [],
                            "submit": [],
                            "OA": [],
                            "category": [],
                            "speed": [],
                            "rate": []
                        }
                    },
                    "Author": {
                        "semi": {
                            "name": [],
                            "field": [
                                "糖尿病"
                            ],
                            "affiliation": [],
                            "position": [
                                "其他"
                            ],
                            "citations": [],
                            "h_index": [],
                            "pubs": []
                        }
                    },
                    "Institution": {
                        "semi": {
                            "name": [],
                            "address": [],
                            "website": []
                        }
                    }
                },
                "dialog_act": {
                    "Author-Recommend": [
                        [
                            "Choice",
                            "1"
                        ],
                        [
                            "name",
                            "Satoshi小川"
                        ]
                    ]
                },
                "span_info": [
                    [
                        "Author-Recommend",
                        "name",
                        "Satoshi小川",
                        2,
                        10
                    ]
                ]
            }
        ]
    }
}