{
    "SFTF_040608": {
        "goal": {
            "Conference": {
                "semi": {
                    "acronym": [],
                    "year": [],
                    "fullName": [],
                    "paperDue": [],
                    "noticeDue": [],
                    "heldDate": [],
                    "abstractDue": [],
                    "finalDue": [],
                    "location": [],
                    "category": [],
                    "ccf": [],
                    "website": [],
                    "bestPaper": [],
                    "confRelated": [],
                    "journalRelated": []
                }
            },
            "Paper": {
                "semi": {
                    "doi": [
                        "https://doi.org/10.1109/LCOMM.2009.091383"
                    ],
                    "title": [
                        "Low-complexity hierarchical spectrum sharing scheme in cognitive radio networks"
                    ],
                    "author": [],
                    "venue": [
                        "IEEE Commun. Lett."
                    ],
                    "year": [
                        "2009"
                    ],
                    "institution": [],
                    "abstract": [
                        "Fair and efficient spectrum sharing is an important problem in cognitive radios. In view of the clustering cognitive radio network with capacity-limited common channels, this letter proposes a low-complexity hierarchical spectrum sharing method, which is carried out in two steps. First, the spectrum holes are allocated to clusters in a fair and distributed way by using the list-coloring method. Then, all the channels in every spectrum hole are allocated by cluster head to minimize the outage probability by using the maximum matching method. Such a scheme not only takes a great advantage of the low signaling overhead and computation complexity, but also achieves the suboptimal outage performance which is close to that of the exhaustive search."
                    ],
                    "pdf": [
                        "https://doi.org/10.1109/LCOMM.2009.091383"
                    ],
                    "blog": []
                },
                "download": {
                    "path": []
                }
            },
            "Journal": {
                "semi": {
                    "name": [],
                    "ISSN": [],
                    "E_ISSN": [],
                    "IF": [],
                    "h_index": [],
                    "self_citing": [],
                    "ccf": [],
                    "sci": [],
                    "website": [],
                    "submit": [],
                    "OA": [],
                    "category": [],
                    "speed": [],
                    "rate": []
                }
            },
            "Author": {
                "semi": {
                    "name": [],
                    "field": [],
                    "affiliation": [],
                    "position": [],
                    "citations": [],
                    "h_index": [],
                    "pubs": []
                }
            },
            "Institution": {
                "semi": {
                    "name": [],
                    "address": [],
                    "website": []
                }
            },
            "description": [
                "Given author,venue,year; Recommend Paper",
                "When system confirms, give positive answer",
                "Update venue; Recommend Paper",
                "Update year; Recommend Paper",
                "Update venue; Recommend Paper",
                "Update year; Recommend Paper",
                "Given year; Recommend Paper",
                "When system confirms, give positive answer",
                "When choice>=4 and system confirms whether output, give negative answer and add constraints",
                "Request detail of pdf",
                "Request detail of doi",
                "Request detail of abstract",
                "Request detail of institution",
                "Request detail of author"
            ]
        },
        "log": [
            {
                "text": "告诉我李川老师2021年在GLOBECOM上有哪些论文发表呢",
                "metadata": {},
                "dialog_act": {
                    "Paper-Inform": [
                        [
                            "author",
                            "李川"
                        ],
                        [
                            "venue",
                            "GLOBECOM"
                        ],
                        [
                            "year",
                            "2021年"
                        ]
                    ]
                },
                "span_info": [
                    [
                        "Paper-Inform",
                        "author",
                        "李川",
                        3,
                        4
                    ],
                    [
                        "Paper-Inform",
                        "venue",
                        "GLOBECOM",
                        13,
                        20
                    ],
                    [
                        "Paper-Inform",
                        "year",
                        "2021年",
                        7,
                        11
                    ]
                ]
            },
            {
                "text": "你确定找的是李川在GLOBECOM2021年上发表的论文嘛",
                "metadata": {
                    "Conference": {
                        "semi": {
                            "acronym": [],
                            "year": [],
                            "fullName": [],
                            "paperDue": [],
                            "noticeDue": [],
                            "heldDate": [],
                            "abstractDue": [],
                            "finalDue": [],
                            "location": [],
                            "category": [],
                            "ccf": [],
                            "website": [],
                            "bestPaper": [],
                            "confRelated": [],
                            "journalRelated": []
                        }
                    },
                    "Paper": {
                        "semi": {
                            "doi": [],
                            "title": [],
                            "author": [
                                "李川"
                            ],
                            "venue": [
                                "GLOBECOM"
                            ],
                            "year": [
                                "2021年"
                            ],
                            "institution": [],
                            "abstract": [],
                            "pdf": [],
                            "blog": []
                        },
                        "download": {
                            "path": []
                        }
                    },
                    "Journal": {
                        "semi": {
                            "name": [],
                            "ISSN": [],
                            "E_ISSN": [],
                            "IF": [],
                            "h_index": [],
                            "self_citing": [],
                            "ccf": [],
                            "sci": [],
                            "website": [],
                            "submit": [],
                            "OA": [],
                            "category": [],
                            "speed": [],
                            "rate": []
                        }
                    },
                    "Author": {
                        "semi": {
                            "name": [],
                            "field": [],
                            "affiliation": [],
                            "position": [],
                            "citations": [],
                            "h_index": [],
                            "pubs": []
                        }
                    },
                    "Institution": {
                        "semi": {
                            "name": [],
                            "address": [],
                            "website": []
                        }
                    }
                },
                "dialog_act": {
                    "Paper-Confirm": [
                        [
                            "author",
                            "李川"
                        ],
                        [
                            "venue",
                            "GLOBECOM"
                        ],
                        [
                            "year",
                            "2021年"
                        ]
                    ]
                },
                "span_info": [
                    [
                        "Paper-Confirm",
                        "author",
                        "李川",
                        6,
                        7
                    ],
                    [
                        "Paper-Confirm",
                        "venue",
                        "GLOBECOM",
                        9,
                        16
                    ],
                    [
                        "Paper-Confirm",
                        "year",
                        "2021年",
                        17,
                        21
                    ]
                ]
            },
            {
                "text": "对的",
                "metadata": {},
                "dialog_act": {
                    "General-Positive": [
                        [
                            null,
                            null
                        ]
                    ]
                },
                "span_info": []
            },
            {
                "text": "找到0个相关的会议唉，你要不问问WWW上发表的论文",
                "metadata": {
                    "Conference": {
                        "semi": {
                            "acronym": [],
                            "year": [],
                            "fullName": [],
                            "paperDue": [],
                            "noticeDue": [],
                            "heldDate": [],
                            "abstractDue": [],
                            "finalDue": [],
                            "location": [],
                            "category": [],
                            "ccf": [],
                            "website": [],
                            "bestPaper": [],
                            "confRelated": [],
                            "journalRelated": []
                        }
                    },
                    "Paper": {
                        "semi": {
                            "doi": [],
                            "title": [],
                            "author": [
                                "李川"
                            ],
                            "venue": [
                                "GLOBECOM"
                            ],
                            "year": [
                                "2021年"
                            ],
                            "institution": [],
                            "abstract": [],
                            "pdf": [],
                            "blog": []
                        },
                        "download": {
                            "path": []
                        }
                    },
                    "Journal": {
                        "semi": {
                            "name": [],
                            "ISSN": [],
                            "E_ISSN": [],
                            "IF": [],
                            "h_index": [],
                            "self_citing": [],
                            "ccf": [],
                            "sci": [],
                            "website": [],
                            "submit": [],
                            "OA": [],
                            "category": [],
                            "speed": [],
                            "rate": []
                        }
                    },
                    "Author": {
                        "semi": {
                            "name": [],
                            "field": [],
                            "affiliation": [],
                            "position": [],
                            "citations": [],
                            "h_index": [],
                            "pubs": []
                        }
                    },
                    "Institution": {
                        "semi": {
                            "name": [],
                            "address": [],
                            "website": []
                        }
                    }
                },
                "dialog_act": {
                    "Paper-Recommend": [
                        [
                            "Choice",
                            "0"
                        ],
                        [
                            "venue",
                            "WWW"
                        ]
                    ]
                },
                "span_info": [
                    [
                        "Paper-Recommend",
                        "venue",
                        "WWW",
                        16,
                        18
                    ]
                ]
            },
            {
                "text": "那发表在WWW上的呢",
                "metadata": {},
                "dialog_act": {
                    "Paper-Inform": [
                        [
                            "venue",
                            "WWW"
                        ]
                    ]
                },
                "span_info": [
                    [
                        "Paper-Update",
                        "venue",
                        "WWW",
                        4,
                        6
                    ]
                ]
            },
            {
                "text": "符合条件的会议有0个，你要不问问2019年发表的论文",
                "metadata": {
                    "Conference": {
                        "semi": {
                            "acronym": [],
                            "year": [],
                            "fullName": [],
                            "paperDue": [],
                            "noticeDue": [],
                            "heldDate": [],
                            "abstractDue": [],
                            "finalDue": [],
                            "location": [],
                            "category": [],
                            "ccf": [],
                            "website": [],
                            "bestPaper": [],
                            "confRelated": [],
                            "journalRelated": []
                        }
                    },
                    "Paper": {
                        "semi": {
                            "doi": [],
                            "title": [],
                            "author": [
                                "李川"
                            ],
                            "venue": [
                                "WWW"
                            ],
                            "year": [
                                "2021年"
                            ],
                            "institution": [],
                            "abstract": [],
                            "pdf": [],
                            "blog": []
                        },
                        "download": {
                            "path": []
                        }
                    },
                    "Journal": {
                        "semi": {
                            "name": [],
                            "ISSN": [],
                            "E_ISSN": [],
                            "IF": [],
                            "h_index": [],
                            "self_citing": [],
                            "ccf": [],
                            "sci": [],
                            "website": [],
                            "submit": [],
                            "OA": [],
                            "category": [],
                            "speed": [],
                            "rate": []
                        }
                    },
                    "Author": {
                        "semi": {
                            "name": [],
                            "field": [],
                            "affiliation": [],
                            "position": [],
                            "citations": [],
                            "h_index": [],
                            "pubs": []
                        }
                    },
                    "Institution": {
                        "semi": {
                            "name": [],
                            "address": [],
                            "website": []
                        }
                    }
                },
                "dialog_act": {
                    "Paper-Recommend": [
                        [
                            "Choice",
                            "0"
                        ],
                        [
                            "year",
                            "2019年"
                        ]
                    ]
                },
                "span_info": [
                    [
                        "Paper-Recommend",
                        "year",
                        "2019年",
                        16,
                        20
                    ]
                ]
            },
            {
                "text": "你知道如果是2019年的呢",
                "metadata": {},
                "dialog_act": {
                    "Paper-Inform": [
                        [
                            "year",
                            "2019年"
                        ]
                    ]
                },
                "span_info": [
                    [
                        "Paper-Update",
                        "year",
                        "2019年",
                        6,
                        10
                    ]
                ]
            },
            {
                "text": "没找到相应的会议，你要不问问ICIP上发表的论文",
                "metadata": {
                    "Conference": {
                        "semi": {
                            "acronym": [],
                            "year": [],
                            "fullName": [],
                            "paperDue": [],
                            "noticeDue": [],
                            "heldDate": [],
                            "abstractDue": [],
                            "finalDue": [],
                            "location": [],
                            "category": [],
                            "ccf": [],
                            "website": [],
                            "bestPaper": [],
                            "confRelated": [],
                            "journalRelated": []
                        }
                    },
                    "Paper": {
                        "semi": {
                            "doi": [],
                            "title": [],
                            "author": [
                                "李川"
                            ],
                            "venue": [
                                "WWW"
                            ],
                            "year": [
                                "2019年"
                            ],
                            "institution": [],
                            "abstract": [],
                            "pdf": [],
                            "blog": []
                        },
                        "download": {
                            "path": []
                        }
                    },
                    "Journal": {
                        "semi": {
                            "name": [],
                            "ISSN": [],
                            "E_ISSN": [],
                            "IF": [],
                            "h_index": [],
                            "self_citing": [],
                            "ccf": [],
                            "sci": [],
                            "website": [],
                            "submit": [],
                            "OA": [],
                            "category": [],
                            "speed": [],
                            "rate": []
                        }
                    },
                    "Author": {
                        "semi": {
                            "name": [],
                            "field": [],
                            "affiliation": [],
                            "position": [],
                            "citations": [],
                            "h_index": [],
                            "pubs": []
                        }
                    },
                    "Institution": {
                        "semi": {
                            "name": [],
                            "address": [],
                            "website": []
                        }
                    }
                },
                "dialog_act": {
                    "Paper-Recommend": [
                        [
                            "Choice",
                            "0"
                        ],
                        [
                            "venue",
                            "ICIP"
                        ]
                    ]
                },
                "span_info": [
                    [
                        "Paper-Recommend",
                        "venue",
                        "ICIP",
                        14,
                        17
                    ]
                ]
            },
            {
                "text": "发表在ICIP上的呢",
                "metadata": {},
                "dialog_act": {
                    "Paper-Inform": [
                        [
                            "venue",
                            "ICIP"
                        ]
                    ]
                },
                "span_info": [
                    [
                        "Paper-Update",
                        "venue",
                        "ICIP",
                        3,
                        6
                    ]
                ]
            },
            {
                "text": "没有相关的会议，你要不问问2008发表的论文",
                "metadata": {
                    "Conference": {
                        "semi": {
                            "acronym": [],
                            "year": [],
                            "fullName": [],
                            "paperDue": [],
                            "noticeDue": [],
                            "heldDate": [],
                            "abstractDue": [],
                            "finalDue": [],
                            "location": [],
                            "category": [],
                            "ccf": [],
                            "website": [],
                            "bestPaper": [],
                            "confRelated": [],
                            "journalRelated": []
                        }
                    },
                    "Paper": {
                        "semi": {
                            "doi": [],
                            "title": [],
                            "author": [
                                "李川"
                            ],
                            "venue": [
                                "ICIP"
                            ],
                            "year": [
                                "2019年"
                            ],
                            "institution": [],
                            "abstract": [],
                            "pdf": [],
                            "blog": []
                        },
                        "download": {
                            "path": []
                        }
                    },
                    "Journal": {
                        "semi": {
                            "name": [],
                            "ISSN": [],
                            "E_ISSN": [],
                            "IF": [],
                            "h_index": [],
                            "self_citing": [],
                            "ccf": [],
                            "sci": [],
                            "website": [],
                            "submit": [],
                            "OA": [],
                            "category": [],
                            "speed": [],
                            "rate": []
                        }
                    },
                    "Author": {
                        "semi": {
                            "name": [],
                            "field": [],
                            "affiliation": [],
                            "position": [],
                            "citations": [],
                            "h_index": [],
                            "pubs": []
                        }
                    },
                    "Institution": {
                        "semi": {
                            "name": [],
                            "address": [],
                            "website": []
                        }
                    }
                },
                "dialog_act": {
                    "Paper-Recommend": [
                        [
                            "Choice",
                            "0"
                        ],
                        [
                            "year",
                            "2008"
                        ]
                    ]
                },
                "span_info": [
                    [
                        "Paper-Recommend",
                        "year",
                        "2008",
                        13,
                        16
                    ]
                ]
            },
            {
                "text": "请问关于2008的呢",
                "metadata": {},
                "dialog_act": {
                    "Paper-Inform": [
                        [
                            "year",
                            "2008"
                        ]
                    ]
                },
                "span_info": [
                    [
                        "Paper-Update",
                        "year",
                        "2008",
                        4,
                        7
                    ]
                ]
            },
            {
                "text": "抱歉没有找到符合条件的论文唉",
                "metadata": {
                    "Conference": {
                        "semi": {
                            "acronym": [],
                            "year": [],
                            "fullName": [],
                            "paperDue": [],
                            "noticeDue": [],
                            "heldDate": [],
                            "abstractDue": [],
                            "finalDue": [],
                            "location": [],
                            "category": [],
                            "ccf": [],
                            "website": [],
                            "bestPaper": [],
                            "confRelated": [],
                            "journalRelated": []
                        }
                    },
                    "Paper": {
                        "semi": {
                            "doi": [],
                            "title": [],
                            "author": [
                                "李川"
                            ],
                            "venue": [
                                "ICIP"
                            ],
                            "year": [
                                "2008"
                            ],
                            "institution": [],
                            "abstract": [],
                            "pdf": [],
                            "blog": []
                        },
                        "download": {
                            "path": []
                        }
                    },
                    "Journal": {
                        "semi": {
                            "name": [],
                            "ISSN": [],
                            "E_ISSN": [],
                            "IF": [],
                            "h_index": [],
                            "self_citing": [],
                            "ccf": [],
                            "sci": [],
                            "website": [],
                            "submit": [],
                            "OA": [],
                            "category": [],
                            "speed": [],
                            "rate": []
                        }
                    },
                    "Author": {
                        "semi": {
                            "name": [],
                            "field": [],
                            "affiliation": [],
                            "position": [],
                            "citations": [],
                            "h_index": [],
                            "pubs": []
                        }
                    },
                    "Institution": {
                        "semi": {
                            "name": [],
                            "address": [],
                            "website": []
                        }
                    }
                },
                "dialog_act": {
                    "Paper-Recommend": [
                        [
                            "Choice",
                            "0"
                        ]
                    ]
                },
                "span_info": []
            },
            {
                "text": "2009论文有哪些呢",
                "metadata": {},
                "dialog_act": {
                    "Paper-Inform": [
                        [
                            "year",
                            "2009"
                        ]
                    ]
                },
                "span_info": [
                    [
                        "Paper-Inform",
                        "year",
                        "2009",
                        0,
                        3
                    ]
                ]
            },
            {
                "text": "你确定找的是2009发表的论文嘛",
                "metadata": {
                    "Conference": {
                        "semi": {
                            "acronym": [],
                            "year": [],
                            "fullName": [],
                            "paperDue": [],
                            "noticeDue": [],
                            "heldDate": [],
                            "abstractDue": [],
                            "finalDue": [],
                            "location": [],
                            "category": [],
                            "ccf": [],
                            "website": [],
                            "bestPaper": [],
                            "confRelated": [],
                            "journalRelated": []
                        }
                    },
                    "Paper": {
                        "semi": {
                            "doi": [],
                            "title": [],
                            "author": [],
                            "venue": [],
                            "year": [
                                "2009"
                            ],
                            "institution": [],
                            "abstract": [],
                            "pdf": [],
                            "blog": []
                        },
                        "download": {
                            "path": []
                        }
                    },
                    "Journal": {
                        "semi": {
                            "name": [],
                            "ISSN": [],
                            "E_ISSN": [],
                            "IF": [],
                            "h_index": [],
                            "self_citing": [],
                            "ccf": [],
                            "sci": [],
                            "website": [],
                            "submit": [],
                            "OA": [],
                            "category": [],
                            "speed": [],
                            "rate": []
                        }
                    },
                    "Author": {
                        "semi": {
                            "name": [],
                            "field": [],
                            "affiliation": [],
                            "position": [],
                            "citations": [],
                            "h_index": [],
                            "pubs": []
                        }
                    },
                    "Institution": {
                        "semi": {
                            "name": [],
                            "address": [],
                            "website": []
                        }
                    }
                },
                "dialog_act": {
                    "Paper-Confirm": [
                        [
                            "year",
                            "2009"
                        ]
                    ]
                },
                "span_info": [
                    [
                        "Paper-Confirm",
                        "year",
                        "2009",
                        6,
                        9
                    ]
                ]
            },
            {
                "text": "没错，就是这个问题",
                "metadata": {},
                "dialog_act": {
                    "General-Positive": [
                        [
                            null,
                            null
                        ]
                    ]
                },
                "span_info": []
            },
            {
                "text": "满足条件的论文共有50篇，你确定要返回结果嘛",
                "metadata": {
                    "Conference": {
                        "semi": {
                            "acronym": [],
                            "year": [],
                            "fullName": [],
                            "paperDue": [],
                            "noticeDue": [],
                            "heldDate": [],
                            "abstractDue": [],
                            "finalDue": [],
                            "location": [],
                            "category": [],
                            "ccf": [],
                            "website": [],
                            "bestPaper": [],
                            "confRelated": [],
                            "journalRelated": []
                        }
                    },
                    "Paper": {
                        "semi": {
                            "doi": [],
                            "title": [],
                            "author": [],
                            "venue": [],
                            "year": [
                                "2009"
                            ],
                            "institution": [],
                            "abstract": [],
                            "pdf": [],
                            "blog": []
                        },
                        "download": {
                            "path": []
                        }
                    },
                    "Journal": {
                        "semi": {
                            "name": [],
                            "ISSN": [],
                            "E_ISSN": [],
                            "IF": [],
                            "h_index": [],
                            "self_citing": [],
                            "ccf": [],
                            "sci": [],
                            "website": [],
                            "submit": [],
                            "OA": [],
                            "category": [],
                            "speed": [],
                            "rate": []
                        }
                    },
                    "Author": {
                        "semi": {
                            "name": [],
                            "field": [],
                            "affiliation": [],
                            "position": [],
                            "citations": [],
                            "h_index": [],
                            "pubs": []
                        }
                    },
                    "Institution": {
                        "semi": {
                            "name": [],
                            "address": [],
                            "website": []
                        }
                    }
                },
                "dialog_act": {
                    "Paper-Recommend": [
                        [
                            "Choice",
                            "1519"
                        ]
                    ],
                    "Paper-Confirm": [
                        [
                            null,
                            null
                        ]
                    ]
                },
                "span_info": []
            },
            {
                "text": "错的吧，其中有发表在IEEE Commun. Lett.上的嘛",
                "metadata": {},
                "dialog_act": {
                    "Paper-Inform": [
                        [
                            "venue",
                            "IEEE Commun. Lett."
                        ]
                    ],
                    "General-Negative": [
                        [
                            null,
                            null
                        ]
                    ]
                },
                "span_info": [
                    [
                        "Paper-Add",
                        "venue",
                        "IEEE Commun. Lett.",
                        10,
                        27
                    ]
                ]
            },
            {
                "text": "满足条件的会议共有2篇，它们是Low-complexity hierarchical spectrum sharing scheme in cognitive radio networks和A simplified fixed-complexity sphere decoder for V-BLAST systems和Capacity region of the linear four-node half-duplex wireless relay network和Hybrid zero-forcing beamforming/orthogonal beamforming with user selection for MIMO broadcast channels",
                "metadata": {
                    "Conference": {
                        "semi": {
                            "acronym": [],
                            "year": [],
                            "fullName": [],
                            "paperDue": [],
                            "noticeDue": [],
                            "heldDate": [],
                            "abstractDue": [],
                            "finalDue": [],
                            "location": [],
                            "category": [],
                            "ccf": [],
                            "website": [],
                            "bestPaper": [],
                            "confRelated": [],
                            "journalRelated": []
                        }
                    },
                    "Paper": {
                        "semi": {
                            "doi": [],
                            "title": [],
                            "author": [],
                            "venue": [
                                "IEEE Commun. Lett."
                            ],
                            "year": [
                                "2009"
                            ],
                            "institution": [],
                            "abstract": [],
                            "pdf": [],
                            "blog": []
                        },
                        "download": {
                            "path": []
                        }
                    },
                    "Journal": {
                        "semi": {
                            "name": [],
                            "ISSN": [],
                            "E_ISSN": [],
                            "IF": [],
                            "h_index": [],
                            "self_citing": [],
                            "ccf": [],
                            "sci": [],
                            "website": [],
                            "submit": [],
                            "OA": [],
                            "category": [],
                            "speed": [],
                            "rate": []
                        }
                    },
                    "Author": {
                        "semi": {
                            "name": [],
                            "field": [],
                            "affiliation": [],
                            "position": [],
                            "citations": [],
                            "h_index": [],
                            "pubs": []
                        }
                    },
                    "Institution": {
                        "semi": {
                            "name": [],
                            "address": [],
                            "website": []
                        }
                    }
                },
                "dialog_act": {
                    "Paper-Recommend": [
                        [
                            "Choice",
                            "4"
                        ],
                        [
                            "title",
                            "Low-complexity hierarchical spectrum sharing scheme in cognitive radio networks"
                        ],
                        [
                            "title",
                            "A simplified fixed-complexity sphere decoder for V-BLAST systems"
                        ],
                        [
                            "title",
                            "Capacity region of the linear four-node half-duplex wireless relay network"
                        ],
                        [
                            "title",
                            "Hybrid zero-forcing beamforming/orthogonal beamforming with user selection for MIMO broadcast channels"
                        ]
                    ]
                },
                "span_info": [
                    [
                        "Paper-Recommend",
                        "title",
                        "Low-complexity hierarchical spectrum sharing scheme in cognitive radio networks",
                        15,
                        93
                    ],
                    [
                        "Paper-Recommend",
                        "title",
                        "A simplified fixed-complexity sphere decoder for V-BLAST systems",
                        95,
                        158
                    ],
                    [
                        "Paper-Recommend",
                        "title",
                        "Capacity region of the linear four-node half-duplex wireless relay network",
                        160,
                        233
                    ],
                    [
                        "Paper-Recommend",
                        "title",
                        "Hybrid zero-forcing beamforming/orthogonal beamforming with user selection for MIMO broadcast channels",
                        235,
                        336
                    ]
                ]
            },
            {
                "text": "Low-complexity hierarchical spectrum sharing scheme in cognitive radio networks发表地址在哪里呢",
                "metadata": {},
                "dialog_act": {
                    "Paper-Inform": [
                        [
                            "title",
                            "Low-complexity hierarchical spectrum sharing scheme in cognitive radio networks"
                        ]
                    ],
                    "Paper-Request": [
                        [
                            "pdf",
                            "?"
                        ]
                    ]
                },
                "span_info": [
                    [
                        "Paper-Inform",
                        "title",
                        "Low-complexity hierarchical spectrum sharing scheme in cognitive radio networks",
                        0,
                        78
                    ]
                ]
            },
            {
                "text": "Low-complexity hierarchical spectrum sharing scheme in cognitive radio networks的pdf网址是https://doi.org/10.1109/LCOMM.2009.091383",
                "metadata": {
                    "Conference": {
                        "semi": {
                            "acronym": [],
                            "year": [],
                            "fullName": [],
                            "paperDue": [],
                            "noticeDue": [],
                            "heldDate": [],
                            "abstractDue": [],
                            "finalDue": [],
                            "location": [],
                            "category": [],
                            "ccf": [],
                            "website": [],
                            "bestPaper": [],
                            "confRelated": [],
                            "journalRelated": []
                        }
                    },
                    "Paper": {
                        "semi": {
                            "doi": [],
                            "title": [
                                "Low-complexity hierarchical spectrum sharing scheme in cognitive radio networks"
                            ],
                            "author": [],
                            "venue": [
                                "IEEE Commun. Lett."
                            ],
                            "year": [
                                "2009"
                            ],
                            "institution": [],
                            "abstract": [],
                            "pdf": [],
                            "blog": []
                        },
                        "download": {
                            "path": []
                        }
                    },
                    "Journal": {
                        "semi": {
                            "name": [],
                            "ISSN": [],
                            "E_ISSN": [],
                            "IF": [],
                            "h_index": [],
                            "self_citing": [],
                            "ccf": [],
                            "sci": [],
                            "website": [],
                            "submit": [],
                            "OA": [],
                            "category": [],
                            "speed": [],
                            "rate": []
                        }
                    },
                    "Author": {
                        "semi": {
                            "name": [],
                            "field": [],
                            "affiliation": [],
                            "position": [],
                            "citations": [],
                            "h_index": [],
                            "pubs": []
                        }
                    },
                    "Institution": {
                        "semi": {
                            "name": [],
                            "address": [],
                            "website": []
                        }
                    }
                },
                "dialog_act": {
                    "Paper-Inform": [
                        [
                            "title",
                            "Low-complexity hierarchical spectrum sharing scheme in cognitive radio networks"
                        ],
                        [
                            "pdf",
                            "https://doi.org/10.1109/LCOMM.2009.091383"
                        ]
                    ]
                },
                "span_info": [
                    [
                        "Paper-Inform",
                        "title",
                        "Low-complexity hierarchical spectrum sharing scheme in cognitive radio networks",
                        0,
                        78
                    ],
                    [
                        "Paper-Inform",
                        "pdf",
                        "https://doi.org/10.1109/LCOMM.2009.091383",
                        86,
                        126
                    ]
                ]
            },
            {
                "text": "你知道Low-complexity hierarchical spectrum sharing scheme in cognitive radio networks的doi是什么吗",
                "metadata": {},
                "dialog_act": {
                    "Paper-Inform": [
                        [
                            "title",
                            "Low-complexity hierarchical spectrum sharing scheme in cognitive radio networks"
                        ]
                    ],
                    "Paper-Request": [
                        [
                            "doi",
                            "?"
                        ]
                    ]
                },
                "span_info": [
                    [
                        "Paper-Inform",
                        "title",
                        "Low-complexity hierarchical spectrum sharing scheme in cognitive radio networks",
                        3,
                        81
                    ]
                ]
            },
            {
                "text": "Low-complexity hierarchical spectrum sharing scheme in cognitive radio networks的doi是https://doi.org/10.1109/LCOMM.2009.091383",
                "metadata": {
                    "Conference": {
                        "semi": {
                            "acronym": [],
                            "year": [],
                            "fullName": [],
                            "paperDue": [],
                            "noticeDue": [],
                            "heldDate": [],
                            "abstractDue": [],
                            "finalDue": [],
                            "location": [],
                            "category": [],
                            "ccf": [],
                            "website": [],
                            "bestPaper": [],
                            "confRelated": [],
                            "journalRelated": []
                        }
                    },
                    "Paper": {
                        "semi": {
                            "doi": [],
                            "title": [
                                "Low-complexity hierarchical spectrum sharing scheme in cognitive radio networks"
                            ],
                            "author": [],
                            "venue": [
                                "IEEE Commun. Lett."
                            ],
                            "year": [
                                "2009"
                            ],
                            "institution": [],
                            "abstract": [],
                            "pdf": [
                                "https://doi.org/10.1109/LCOMM.2009.091383"
                            ],
                            "blog": []
                        },
                        "download": {
                            "path": []
                        }
                    },
                    "Journal": {
                        "semi": {
                            "name": [],
                            "ISSN": [],
                            "E_ISSN": [],
                            "IF": [],
                            "h_index": [],
                            "self_citing": [],
                            "ccf": [],
                            "sci": [],
                            "website": [],
                            "submit": [],
                            "OA": [],
                            "category": [],
                            "speed": [],
                            "rate": []
                        }
                    },
                    "Author": {
                        "semi": {
                            "name": [],
                            "field": [],
                            "affiliation": [],
                            "position": [],
                            "citations": [],
                            "h_index": [],
                            "pubs": []
                        }
                    },
                    "Institution": {
                        "semi": {
                            "name": [],
                            "address": [],
                            "website": []
                        }
                    }
                },
                "dialog_act": {
                    "Paper-Inform": [
                        [
                            "title",
                            "Low-complexity hierarchical spectrum sharing scheme in cognitive radio networks"
                        ],
                        [
                            "doi",
                            "https://doi.org/10.1109/LCOMM.2009.091383"
                        ]
                    ]
                },
                "span_info": [
                    [
                        "Paper-Inform",
                        "title",
                        "Low-complexity hierarchical spectrum sharing scheme in cognitive radio networks",
                        0,
                        78
                    ],
                    [
                        "Paper-Inform",
                        "doi",
                        "https://doi.org/10.1109/LCOMM.2009.091383",
                        84,
                        124
                    ]
                ]
            },
            {
                "text": "那么Low-complexity hierarchical spectrum sharing scheme in cognitive radio networks的摘要是什么呢",
                "metadata": {},
                "dialog_act": {
                    "Paper-Inform": [
                        [
                            "title",
                            "Low-complexity hierarchical spectrum sharing scheme in cognitive radio networks"
                        ]
                    ],
                    "Paper-Request": [
                        [
                            "abstract",
                            "?"
                        ]
                    ]
                },
                "span_info": [
                    [
                        "Paper-Inform",
                        "title",
                        "Low-complexity hierarchical spectrum sharing scheme in cognitive radio networks",
                        2,
                        80
                    ]
                ]
            },
            {
                "text": "Low-complexity hierarchical spectrum sharing scheme in cognitive radio networks的摘要是Fair and efficient spectrum sharing is an important problem in cognitive radios. In view of the clustering cognitive radio network with capacity-limited common channels, this letter proposes a low-complexity hierarchical spectrum sharing method, which is carried out in two steps. First, the spectrum holes are allocated to clusters in a fair and distributed way by using the list-coloring method. Then, all the channels in every spectrum hole are allocated by cluster head to minimize the outage probability by using the maximum matching method. Such a scheme not only takes a great advantage of the low signaling overhead and computation complexity, but also achieves the suboptimal outage performance which is close to that of the exhaustive search.",
                "metadata": {
                    "Conference": {
                        "semi": {
                            "acronym": [],
                            "year": [],
                            "fullName": [],
                            "paperDue": [],
                            "noticeDue": [],
                            "heldDate": [],
                            "abstractDue": [],
                            "finalDue": [],
                            "location": [],
                            "category": [],
                            "ccf": [],
                            "website": [],
                            "bestPaper": [],
                            "confRelated": [],
                            "journalRelated": []
                        }
                    },
                    "Paper": {
                        "semi": {
                            "doi": [
                                "https://doi.org/10.1109/LCOMM.2009.091383"
                            ],
                            "title": [
                                "Low-complexity hierarchical spectrum sharing scheme in cognitive radio networks"
                            ],
                            "author": [],
                            "venue": [
                                "IEEE Commun. Lett."
                            ],
                            "year": [
                                "2009"
                            ],
                            "institution": [],
                            "abstract": [],
                            "pdf": [
                                "https://doi.org/10.1109/LCOMM.2009.091383"
                            ],
                            "blog": []
                        },
                        "download": {
                            "path": []
                        }
                    },
                    "Journal": {
                        "semi": {
                            "name": [],
                            "ISSN": [],
                            "E_ISSN": [],
                            "IF": [],
                            "h_index": [],
                            "self_citing": [],
                            "ccf": [],
                            "sci": [],
                            "website": [],
                            "submit": [],
                            "OA": [],
                            "category": [],
                            "speed": [],
                            "rate": []
                        }
                    },
                    "Author": {
                        "semi": {
                            "name": [],
                            "field": [],
                            "affiliation": [],
                            "position": [],
                            "citations": [],
                            "h_index": [],
                            "pubs": []
                        }
                    },
                    "Institution": {
                        "semi": {
                            "name": [],
                            "address": [],
                            "website": []
                        }
                    }
                },
                "dialog_act": {
                    "Paper-Inform": [
                        [
                            "title",
                            "Low-complexity hierarchical spectrum sharing scheme in cognitive radio networks"
                        ],
                        [
                            "abstract",
                            "Fair and efficient spectrum sharing is an important problem in cognitive radios. In view of the clustering cognitive radio network with capacity-limited common channels, this letter proposes a low-complexity hierarchical spectrum sharing method, which is carried out in two steps. First, the spectrum holes are allocated to clusters in a fair and distributed way by using the list-coloring method. Then, all the channels in every spectrum hole are allocated by cluster head to minimize the outage probability by using the maximum matching method. Such a scheme not only takes a great advantage of the low signaling overhead and computation complexity, but also achieves the suboptimal outage performance which is close to that of the exhaustive search."
                        ]
                    ]
                },
                "span_info": [
                    [
                        "Paper-Inform",
                        "title",
                        "Low-complexity hierarchical spectrum sharing scheme in cognitive radio networks",
                        0,
                        78
                    ],
                    [
                        "Paper-Inform",
                        "abstract",
                        "Fair and efficient spectrum sharing is an important problem in cognitive radios. In view of the clustering cognitive radio network with capacity-limited common channels, this letter proposes a low-complexity hierarchical spectrum sharing method, which is carried out in two steps. First, the spectrum holes are allocated to clusters in a fair and distributed way by using the list-coloring method. Then, all the channels in every spectrum hole are allocated by cluster head to minimize the outage probability by using the maximum matching method. Such a scheme not only takes a great advantage of the low signaling overhead and computation complexity, but also achieves the suboptimal outage performance which is close to that of the exhaustive search.",
                        83,
                        834
                    ]
                ]
            },
            {
                "text": "你好Low-complexity hierarchical spectrum sharing scheme in cognitive radio networks发表机构在哪呢",
                "metadata": {},
                "dialog_act": {
                    "Paper-Inform": [
                        [
                            "title",
                            "Low-complexity hierarchical spectrum sharing scheme in cognitive radio networks"
                        ]
                    ],
                    "Paper-Request": [
                        [
                            "institution",
                            "?"
                        ]
                    ]
                },
                "span_info": [
                    [
                        "Paper-Inform",
                        "title",
                        "Low-complexity hierarchical spectrum sharing scheme in cognitive radio networks",
                        2,
                        80
                    ]
                ]
            },
            {
                "text": "目前数据库中没有找到Low-complexity hierarchical spectrum sharing scheme in cognitive radio networks的发表机构，之后我们会不断完善数据，感谢您的理解",
                "metadata": {
                    "Conference": {
                        "semi": {
                            "acronym": [],
                            "year": [],
                            "fullName": [],
                            "paperDue": [],
                            "noticeDue": [],
                            "heldDate": [],
                            "abstractDue": [],
                            "finalDue": [],
                            "location": [],
                            "category": [],
                            "ccf": [],
                            "website": [],
                            "bestPaper": [],
                            "confRelated": [],
                            "journalRelated": []
                        }
                    },
                    "Paper": {
                        "semi": {
                            "doi": [
                                "https://doi.org/10.1109/LCOMM.2009.091383"
                            ],
                            "title": [
                                "Low-complexity hierarchical spectrum sharing scheme in cognitive radio networks"
                            ],
                            "author": [],
                            "venue": [
                                "IEEE Commun. Lett."
                            ],
                            "year": [
                                "2009"
                            ],
                            "institution": [],
                            "abstract": [
                                "Fair and efficient spectrum sharing is an important problem in cognitive radios. In view of the clustering cognitive radio network with capacity-limited common channels, this letter proposes a low-complexity hierarchical spectrum sharing method, which is carried out in two steps. First, the spectrum holes are allocated to clusters in a fair and distributed way by using the list-coloring method. Then, all the channels in every spectrum hole are allocated by cluster head to minimize the outage probability by using the maximum matching method. Such a scheme not only takes a great advantage of the low signaling overhead and computation complexity, but also achieves the suboptimal outage performance which is close to that of the exhaustive search."
                            ],
                            "pdf": [
                                "https://doi.org/10.1109/LCOMM.2009.091383"
                            ],
                            "blog": []
                        },
                        "download": {
                            "path": []
                        }
                    },
                    "Journal": {
                        "semi": {
                            "name": [],
                            "ISSN": [],
                            "E_ISSN": [],
                            "IF": [],
                            "h_index": [],
                            "self_citing": [],
                            "ccf": [],
                            "sci": [],
                            "website": [],
                            "submit": [],
                            "OA": [],
                            "category": [],
                            "speed": [],
                            "rate": []
                        }
                    },
                    "Author": {
                        "semi": {
                            "name": [],
                            "field": [],
                            "affiliation": [],
                            "position": [],
                            "citations": [],
                            "h_index": [],
                            "pubs": []
                        }
                    },
                    "Institution": {
                        "semi": {
                            "name": [],
                            "address": [],
                            "website": []
                        }
                    }
                },
                "dialog_act": {
                    "Paper-Inform": [
                        [
                            "title",
                            "Low-complexity hierarchical spectrum sharing scheme in cognitive radio networks"
                        ]
                    ],
                    "Paper-NoInform": [
                        [
                            "institution",
                            null
                        ]
                    ]
                },
                "span_info": [
                    [
                        "Paper-Inform",
                        "title",
                        "Low-complexity hierarchical spectrum sharing scheme in cognitive radio networks",
                        10,
                        88
                    ]
                ]
            },
            {
                "text": "那么Low-complexity hierarchical spectrum sharing scheme in cognitive radio networks的作者是谁呢",
                "metadata": {},
                "dialog_act": {
                    "Paper-Inform": [
                        [
                            "title",
                            "Low-complexity hierarchical spectrum sharing scheme in cognitive radio networks"
                        ]
                    ],
                    "Paper-Request": [
                        [
                            "author",
                            "?"
                        ]
                    ]
                },
                "span_info": [
                    [
                        "Paper-Inform",
                        "title",
                        "Low-complexity hierarchical spectrum sharing scheme in cognitive radio networks",
                        2,
                        80
                    ]
                ]
            },
            {
                "text": "Low-complexity hierarchical spectrum sharing scheme in cognitive radio networks的作者有XXX",
                "metadata": {
                    "Conference": {
                        "semi": {
                            "acronym": [],
                            "year": [],
                            "fullName": [],
                            "paperDue": [],
                            "noticeDue": [],
                            "heldDate": [],
                            "abstractDue": [],
                            "finalDue": [],
                            "location": [],
                            "category": [],
                            "ccf": [],
                            "website": [],
                            "bestPaper": [],
                            "confRelated": [],
                            "journalRelated": []
                        }
                    },
                    "Paper": {
                        "semi": {
                            "doi": [
                                "https://doi.org/10.1109/LCOMM.2009.091383"
                            ],
                            "title": [
                                "Low-complexity hierarchical spectrum sharing scheme in cognitive radio networks"
                            ],
                            "author": [],
                            "venue": [
                                "IEEE Commun. Lett."
                            ],
                            "year": [
                                "2009"
                            ],
                            "institution": [],
                            "abstract": [
                                "Fair and efficient spectrum sharing is an important problem in cognitive radios. In view of the clustering cognitive radio network with capacity-limited common channels, this letter proposes a low-complexity hierarchical spectrum sharing method, which is carried out in two steps. First, the spectrum holes are allocated to clusters in a fair and distributed way by using the list-coloring method. Then, all the channels in every spectrum hole are allocated by cluster head to minimize the outage probability by using the maximum matching method. Such a scheme not only takes a great advantage of the low signaling overhead and computation complexity, but also achieves the suboptimal outage performance which is close to that of the exhaustive search."
                            ],
                            "pdf": [
                                "https://doi.org/10.1109/LCOMM.2009.091383"
                            ],
                            "blog": []
                        },
                        "download": {
                            "path": []
                        }
                    },
                    "Journal": {
                        "semi": {
                            "name": [],
                            "ISSN": [],
                            "E_ISSN": [],
                            "IF": [],
                            "h_index": [],
                            "self_citing": [],
                            "ccf": [],
                            "sci": [],
                            "website": [],
                            "submit": [],
                            "OA": [],
                            "category": [],
                            "speed": [],
                            "rate": []
                        }
                    },
                    "Author": {
                        "semi": {
                            "name": [],
                            "field": [],
                            "affiliation": [],
                            "position": [],
                            "citations": [],
                            "h_index": [],
                            "pubs": []
                        }
                    },
                    "Institution": {
                        "semi": {
                            "name": [],
                            "address": [],
                            "website": []
                        }
                    }
                },
                "dialog_act": {
                    "Paper-Inform": [
                        [
                            "title",
                            "Low-complexity hierarchical spectrum sharing scheme in cognitive radio networks"
                        ],
                        [
                            "author",
                            "陈伟"
                        ]
                    ]
                },
                "span_info": [
                    [
                        "Paper-Inform",
                        "title",
                        "Low-complexity hierarchical spectrum sharing scheme in cognitive radio networks",
                        0,
                        78
                    ],
                    [
                        "Paper-Inform",
                        "author",
                        "陈伟",
                        -1,
                        0
                    ]
                ]
            }
        ]
    }
}