{
    "SFTF_038817": {
        "goal": {
            "Conference": {
                "semi": {
                    "acronym": [],
                    "year": [],
                    "fullName": [],
                    "paperDue": [],
                    "noticeDue": [],
                    "heldDate": [],
                    "abstractDue": [],
                    "finalDue": [],
                    "location": [],
                    "category": [],
                    "ccf": [],
                    "website": [],
                    "bestPaper": [],
                    "confRelated": [],
                    "journalRelated": []
                }
            },
            "Paper": {
                "semi": {
                    "doi": [],
                    "title": [],
                    "author": [],
                    "venue": [],
                    "year": [],
                    "institution": [],
                    "abstract": [],
                    "pdf": [],
                    "blog": []
                },
                "download": {
                    "path": []
                }
            },
            "Journal": {
                "semi": {
                    "name": [],
                    "ISSN": [],
                    "E_ISSN": [],
                    "IF": [],
                    "h_index": [],
                    "self_citing": [],
                    "ccf": [],
                    "sci": [],
                    "website": [],
                    "submit": [],
                    "OA": [],
                    "category": [],
                    "speed": [],
                    "rate": []
                }
            },
            "Author": {
                "semi": {
                    "name": [
                        "万莉"
                    ],
                    "field": [
                        "肝细胞癌"
                    ],
                    "affiliation": [],
                    "position": [
                        "教授、博导"
                    ],
                    "citations": [],
                    "h_index": [],
                    "pubs": [],
                    "institution": [
                        "华东理工大学功能材料化学上海重点实验室"
                    ]
                }
            },
            "Institution": {
                "semi": {
                    "name": [],
                    "address": [],
                    "website": []
                }
            },
            "description": [
                "Given institution,position; Recommend Author",
                "Update position; Recommend Author",
                "When system confirms, find error and update the wrong constraints",
                "Update institution; Recommend Author",
                "When system confirms, give positive answer",
                "Update institution; Recommend Author",
                "Update institution; Recommend Author",
                "Update institution; Recommend Author",
                "When choice=0 and system confirms, give positive answer then update a constraint to continue searching",
                "Given institution,position; Recommend Author",
                "When system confirms, give positive answer",
                "Update position; Recommend Author",
                "When system confirms, give positive answer",
                "Update institution; Recommend Author",
                "Update institution; Recommend Author",
                "Update institution; Recommend Author",
                "Given field,institution,position; Recommend Author",
                "Given field,institution,position; Recommend Author",
                "When choice=0 and system confirms, give positive answer then inform again",
                "Request detail of h_index"
            ]
        },
        "log": [
            {
                "text": "你好，给我推荐一些你知道的华东理工大学化学与分子工程学院的高级工程师",
                "metadata": {},
                "dialog_act": {
                    "Author-Inform": [
                        [
                            "institution",
                            "华东理工大学化学与分子工程学院"
                        ],
                        [
                            "position",
                            "高级工程师"
                        ]
                    ]
                },
                "span_info": [
                    [
                        "Author-Inform",
                        "institution",
                        "华东理工大学化学与分子工程学院",
                        13,
                        27
                    ],
                    [
                        "Author-Inform",
                        "position",
                        "高级工程师",
                        29,
                        33
                    ]
                ]
            },
            {
                "text": "找到0个相关的会议唉，你要不问一下杰出教授职称的学者",
                "metadata": {
                    "Conference": {
                        "semi": {
                            "acronym": [],
                            "year": [],
                            "fullName": [],
                            "paperDue": [],
                            "noticeDue": [],
                            "heldDate": [],
                            "abstractDue": [],
                            "finalDue": [],
                            "location": [],
                            "category": [],
                            "ccf": [],
                            "website": [],
                            "bestPaper": [],
                            "confRelated": [],
                            "journalRelated": []
                        }
                    },
                    "Paper": {
                        "semi": {
                            "doi": [],
                            "title": [],
                            "author": [],
                            "venue": [],
                            "year": [],
                            "institution": [],
                            "abstract": [],
                            "pdf": [],
                            "blog": []
                        },
                        "download": {
                            "path": []
                        }
                    },
                    "Journal": {
                        "semi": {
                            "name": [],
                            "ISSN": [],
                            "E_ISSN": [],
                            "IF": [],
                            "h_index": [],
                            "self_citing": [],
                            "ccf": [],
                            "sci": [],
                            "website": [],
                            "submit": [],
                            "OA": [],
                            "category": [],
                            "speed": [],
                            "rate": []
                        }
                    },
                    "Author": {
                        "semi": {
                            "name": [],
                            "field": [],
                            "affiliation": [],
                            "position": [
                                "高级工程师"
                            ],
                            "citations": [],
                            "h_index": [],
                            "pubs": [],
                            "institution": [
                                "华东理工大学化学与分子工程学院"
                            ]
                        }
                    },
                    "Institution": {
                        "semi": {
                            "name": [],
                            "address": [],
                            "website": []
                        }
                    }
                },
                "dialog_act": {
                    "Author-Recommend": [
                        [
                            "Choice",
                            "0"
                        ],
                        [
                            "position",
                            "杰出教授"
                        ]
                    ]
                },
                "span_info": [
                    [
                        "Author-Recommend",
                        "position",
                        "杰出教授",
                        17,
                        20
                    ]
                ]
            },
            {
                "text": "关于职称是杰出教授的人有哪些",
                "metadata": {},
                "dialog_act": {
                    "Author-Inform": [
                        [
                            "position",
                            "杰出教授"
                        ]
                    ]
                },
                "span_info": [
                    [
                        "Author-Update",
                        "position",
                        "杰出教授",
                        5,
                        8
                    ]
                ]
            },
            {
                "text": "找到0个相关的会议唉，你确定找的是北京大学的教授、博士生导师嘛",
                "metadata": {
                    "Conference": {
                        "semi": {
                            "acronym": [],
                            "year": [],
                            "fullName": [],
                            "paperDue": [],
                            "noticeDue": [],
                            "heldDate": [],
                            "abstractDue": [],
                            "finalDue": [],
                            "location": [],
                            "category": [],
                            "ccf": [],
                            "website": [],
                            "bestPaper": [],
                            "confRelated": [],
                            "journalRelated": []
                        }
                    },
                    "Paper": {
                        "semi": {
                            "doi": [],
                            "title": [],
                            "author": [],
                            "venue": [],
                            "year": [],
                            "institution": [],
                            "abstract": [],
                            "pdf": [],
                            "blog": []
                        },
                        "download": {
                            "path": []
                        }
                    },
                    "Journal": {
                        "semi": {
                            "name": [],
                            "ISSN": [],
                            "E_ISSN": [],
                            "IF": [],
                            "h_index": [],
                            "self_citing": [],
                            "ccf": [],
                            "sci": [],
                            "website": [],
                            "submit": [],
                            "OA": [],
                            "category": [],
                            "speed": [],
                            "rate": []
                        }
                    },
                    "Author": {
                        "semi": {
                            "name": [],
                            "field": [],
                            "affiliation": [],
                            "position": [
                                "杰出教授"
                            ],
                            "citations": [],
                            "h_index": [],
                            "pubs": [],
                            "institution": [
                                "华东理工大学化学与分子工程学院"
                            ]
                        }
                    },
                    "Institution": {
                        "semi": {
                            "name": [],
                            "address": [],
                            "website": []
                        }
                    }
                },
                "dialog_act": {
                    "Author-Recommend": [
                        [
                            "Choice",
                            "0"
                        ]
                    ],
                    "Author-Confirm": [
                        [
                            "position",
                            "教授、博士生导师"
                        ]
                    ]
                },
                "span_info": [
                    [
                        "Author-Confirm",
                        "position",
                        "教授、博士生导师",
                        22,
                        29
                    ]
                ]
            },
            {
                "text": "错的吧，关于职称是副主任医师的人有哪些",
                "metadata": {},
                "dialog_act": {
                    "Author-Inform": [
                        [
                            "position",
                            "副主任医师"
                        ]
                    ],
                    "General-Negative": [
                        [
                            null,
                            null
                        ]
                    ]
                },
                "span_info": [
                    [
                        "Author-Update",
                        "position",
                        "副主任医师",
                        9,
                        13
                    ]
                ]
            },
            {
                "text": "没有符合条件的会议，你要不问一下山西大学生物技术研究所化学生物学与分子工程教育部重点实验室的学者",
                "metadata": {
                    "Conference": {
                        "semi": {
                            "acronym": [],
                            "year": [],
                            "fullName": [],
                            "paperDue": [],
                            "noticeDue": [],
                            "heldDate": [],
                            "abstractDue": [],
                            "finalDue": [],
                            "location": [],
                            "category": [],
                            "ccf": [],
                            "website": [],
                            "bestPaper": [],
                            "confRelated": [],
                            "journalRelated": []
                        }
                    },
                    "Paper": {
                        "semi": {
                            "doi": [],
                            "title": [],
                            "author": [],
                            "venue": [],
                            "year": [],
                            "institution": [],
                            "abstract": [],
                            "pdf": [],
                            "blog": []
                        },
                        "download": {
                            "path": []
                        }
                    },
                    "Journal": {
                        "semi": {
                            "name": [],
                            "ISSN": [],
                            "E_ISSN": [],
                            "IF": [],
                            "h_index": [],
                            "self_citing": [],
                            "ccf": [],
                            "sci": [],
                            "website": [],
                            "submit": [],
                            "OA": [],
                            "category": [],
                            "speed": [],
                            "rate": []
                        }
                    },
                    "Author": {
                        "semi": {
                            "name": [],
                            "field": [],
                            "affiliation": [],
                            "position": [
                                "副主任医师"
                            ],
                            "citations": [],
                            "h_index": [],
                            "pubs": [],
                            "institution": [
                                "华东理工大学化学与分子工程学院"
                            ]
                        }
                    },
                    "Institution": {
                        "semi": {
                            "name": [],
                            "address": [],
                            "website": []
                        }
                    }
                },
                "dialog_act": {
                    "Author-Recommend": [
                        [
                            "Choice",
                            "0"
                        ],
                        [
                            "institution",
                            "山西大学生物技术研究所化学生物学与分子工程教育部重点实验室"
                        ]
                    ]
                },
                "span_info": [
                    [
                        "Author-Recommend",
                        "institution",
                        "山西大学生物技术研究所化学生物学与分子工程教育部重点实验室",
                        16,
                        44
                    ]
                ]
            },
            {
                "text": "那山西大学生物技术研究所化学生物学与分子工程教育部重点实验室的是怎样的呢",
                "metadata": {},
                "dialog_act": {
                    "Author-Inform": [
                        [
                            "institution",
                            "山西大学生物技术研究所化学生物学与分子工程教育部重点实验室"
                        ]
                    ]
                },
                "span_info": [
                    [
                        "Author-Update",
                        "institution",
                        "山西大学生物技术研究所化学生物学与分子工程教育部重点实验室",
                        1,
                        29
                    ]
                ]
            },
            {
                "text": "你确定找的是山西大学生物技术研究所化学生物学与分子工程教育部重点实验室的学者嘛",
                "metadata": {
                    "Conference": {
                        "semi": {
                            "acronym": [],
                            "year": [],
                            "fullName": [],
                            "paperDue": [],
                            "noticeDue": [],
                            "heldDate": [],
                            "abstractDue": [],
                            "finalDue": [],
                            "location": [],
                            "category": [],
                            "ccf": [],
                            "website": [],
                            "bestPaper": [],
                            "confRelated": [],
                            "journalRelated": []
                        }
                    },
                    "Paper": {
                        "semi": {
                            "doi": [],
                            "title": [],
                            "author": [],
                            "venue": [],
                            "year": [],
                            "institution": [],
                            "abstract": [],
                            "pdf": [],
                            "blog": []
                        },
                        "download": {
                            "path": []
                        }
                    },
                    "Journal": {
                        "semi": {
                            "name": [],
                            "ISSN": [],
                            "E_ISSN": [],
                            "IF": [],
                            "h_index": [],
                            "self_citing": [],
                            "ccf": [],
                            "sci": [],
                            "website": [],
                            "submit": [],
                            "OA": [],
                            "category": [],
                            "speed": [],
                            "rate": []
                        }
                    },
                    "Author": {
                        "semi": {
                            "name": [],
                            "field": [],
                            "affiliation": [],
                            "position": [
                                "副主任医师"
                            ],
                            "citations": [],
                            "h_index": [],
                            "pubs": [],
                            "institution": [
                                "山西大学生物技术研究所化学生物学与分子工程教育部重点实验室"
                            ]
                        }
                    },
                    "Institution": {
                        "semi": {
                            "name": [],
                            "address": [],
                            "website": []
                        }
                    }
                },
                "dialog_act": {
                    "Author-Confirm": [
                        [
                            "institution",
                            "山西大学生物技术研究所化学生物学与分子工程教育部重点实验室"
                        ]
                    ]
                },
                "span_info": [
                    [
                        "Author-Confirm",
                        "institution",
                        "山西大学生物技术研究所化学生物学与分子工程教育部重点实验室",
                        6,
                        34
                    ]
                ]
            },
            {
                "text": "是的",
                "metadata": {},
                "dialog_act": {
                    "General-Positive": [
                        [
                            null,
                            null
                        ]
                    ]
                },
                "span_info": []
            },
            {
                "text": "没有符合条件的会议，你要不问一下中国北京出入境检验检疫局的学者",
                "metadata": {
                    "Conference": {
                        "semi": {
                            "acronym": [],
                            "year": [],
                            "fullName": [],
                            "paperDue": [],
                            "noticeDue": [],
                            "heldDate": [],
                            "abstractDue": [],
                            "finalDue": [],
                            "location": [],
                            "category": [],
                            "ccf": [],
                            "website": [],
                            "bestPaper": [],
                            "confRelated": [],
                            "journalRelated": []
                        }
                    },
                    "Paper": {
                        "semi": {
                            "doi": [],
                            "title": [],
                            "author": [],
                            "venue": [],
                            "year": [],
                            "institution": [],
                            "abstract": [],
                            "pdf": [],
                            "blog": []
                        },
                        "download": {
                            "path": []
                        }
                    },
                    "Journal": {
                        "semi": {
                            "name": [],
                            "ISSN": [],
                            "E_ISSN": [],
                            "IF": [],
                            "h_index": [],
                            "self_citing": [],
                            "ccf": [],
                            "sci": [],
                            "website": [],
                            "submit": [],
                            "OA": [],
                            "category": [],
                            "speed": [],
                            "rate": []
                        }
                    },
                    "Author": {
                        "semi": {
                            "name": [],
                            "field": [],
                            "affiliation": [],
                            "position": [
                                "副主任医师"
                            ],
                            "citations": [],
                            "h_index": [],
                            "pubs": [],
                            "institution": [
                                "山西大学生物技术研究所化学生物学与分子工程教育部重点实验室"
                            ]
                        }
                    },
                    "Institution": {
                        "semi": {
                            "name": [],
                            "address": [],
                            "website": []
                        }
                    }
                },
                "dialog_act": {
                    "Author-Recommend": [
                        [
                            "Choice",
                            "0"
                        ],
                        [
                            "institution",
                            "中国北京出入境检验检疫局"
                        ]
                    ]
                },
                "span_info": [
                    [
                        "Author-Recommend",
                        "institution",
                        "中国北京出入境检验检疫局",
                        16,
                        27
                    ]
                ]
            },
            {
                "text": "那中国北京出入境检验检疫局的有吗",
                "metadata": {},
                "dialog_act": {
                    "Author-Inform": [
                        [
                            "institution",
                            "中国北京出入境检验检疫局"
                        ]
                    ]
                },
                "span_info": [
                    [
                        "Author-Update",
                        "institution",
                        "中国北京出入境检验检疫局",
                        1,
                        12
                    ]
                ]
            },
            {
                "text": "没找到相应的会议，你要不问一下香港城市大学信息系统系的学者",
                "metadata": {
                    "Conference": {
                        "semi": {
                            "acronym": [],
                            "year": [],
                            "fullName": [],
                            "paperDue": [],
                            "noticeDue": [],
                            "heldDate": [],
                            "abstractDue": [],
                            "finalDue": [],
                            "location": [],
                            "category": [],
                            "ccf": [],
                            "website": [],
                            "bestPaper": [],
                            "confRelated": [],
                            "journalRelated": []
                        }
                    },
                    "Paper": {
                        "semi": {
                            "doi": [],
                            "title": [],
                            "author": [],
                            "venue": [],
                            "year": [],
                            "institution": [],
                            "abstract": [],
                            "pdf": [],
                            "blog": []
                        },
                        "download": {
                            "path": []
                        }
                    },
                    "Journal": {
                        "semi": {
                            "name": [],
                            "ISSN": [],
                            "E_ISSN": [],
                            "IF": [],
                            "h_index": [],
                            "self_citing": [],
                            "ccf": [],
                            "sci": [],
                            "website": [],
                            "submit": [],
                            "OA": [],
                            "category": [],
                            "speed": [],
                            "rate": []
                        }
                    },
                    "Author": {
                        "semi": {
                            "name": [],
                            "field": [],
                            "affiliation": [],
                            "position": [
                                "副主任医师"
                            ],
                            "citations": [],
                            "h_index": [],
                            "pubs": [],
                            "institution": [
                                "中国北京出入境检验检疫局"
                            ]
                        }
                    },
                    "Institution": {
                        "semi": {
                            "name": [],
                            "address": [],
                            "website": []
                        }
                    }
                },
                "dialog_act": {
                    "Author-Recommend": [
                        [
                            "Choice",
                            "0"
                        ],
                        [
                            "institution",
                            "香港城市大学信息系统系"
                        ]
                    ]
                },
                "span_info": [
                    [
                        "Author-Recommend",
                        "institution",
                        "香港城市大学信息系统系",
                        15,
                        25
                    ]
                ]
            },
            {
                "text": "其中香港城市大学信息系统系的有吗",
                "metadata": {},
                "dialog_act": {
                    "Author-Inform": [
                        [
                            "institution",
                            "香港城市大学信息系统系"
                        ]
                    ]
                },
                "span_info": [
                    [
                        "Author-Update",
                        "institution",
                        "香港城市大学信息系统系",
                        2,
                        12
                    ]
                ]
            },
            {
                "text": "没找到相应的会议，你要不问一下中国科学院大学的学者",
                "metadata": {
                    "Conference": {
                        "semi": {
                            "acronym": [],
                            "year": [],
                            "fullName": [],
                            "paperDue": [],
                            "noticeDue": [],
                            "heldDate": [],
                            "abstractDue": [],
                            "finalDue": [],
                            "location": [],
                            "category": [],
                            "ccf": [],
                            "website": [],
                            "bestPaper": [],
                            "confRelated": [],
                            "journalRelated": []
                        }
                    },
                    "Paper": {
                        "semi": {
                            "doi": [],
                            "title": [],
                            "author": [],
                            "venue": [],
                            "year": [],
                            "institution": [],
                            "abstract": [],
                            "pdf": [],
                            "blog": []
                        },
                        "download": {
                            "path": []
                        }
                    },
                    "Journal": {
                        "semi": {
                            "name": [],
                            "ISSN": [],
                            "E_ISSN": [],
                            "IF": [],
                            "h_index": [],
                            "self_citing": [],
                            "ccf": [],
                            "sci": [],
                            "website": [],
                            "submit": [],
                            "OA": [],
                            "category": [],
                            "speed": [],
                            "rate": []
                        }
                    },
                    "Author": {
                        "semi": {
                            "name": [],
                            "field": [],
                            "affiliation": [],
                            "position": [
                                "副主任医师"
                            ],
                            "citations": [],
                            "h_index": [],
                            "pubs": [],
                            "institution": [
                                "香港城市大学信息系统系"
                            ]
                        }
                    },
                    "Institution": {
                        "semi": {
                            "name": [],
                            "address": [],
                            "website": []
                        }
                    }
                },
                "dialog_act": {
                    "Author-Recommend": [
                        [
                            "Choice",
                            "0"
                        ],
                        [
                            "institution",
                            "中国科学院大学"
                        ]
                    ]
                },
                "span_info": [
                    [
                        "Author-Recommend",
                        "institution",
                        "中国科学院大学",
                        15,
                        21
                    ]
                ]
            },
            {
                "text": "有涉及中国科学院大学的吗",
                "metadata": {},
                "dialog_act": {
                    "Author-Inform": [
                        [
                            "institution",
                            "中国科学院大学"
                        ]
                    ]
                },
                "span_info": [
                    [
                        "Author-Update",
                        "institution",
                        "中国科学院大学",
                        3,
                        9
                    ]
                ]
            },
            {
                "text": "没找到相应的会议，你确定找的是中国科学院大学的学者嘛",
                "metadata": {
                    "Conference": {
                        "semi": {
                            "acronym": [],
                            "year": [],
                            "fullName": [],
                            "paperDue": [],
                            "noticeDue": [],
                            "heldDate": [],
                            "abstractDue": [],
                            "finalDue": [],
                            "location": [],
                            "category": [],
                            "ccf": [],
                            "website": [],
                            "bestPaper": [],
                            "confRelated": [],
                            "journalRelated": []
                        }
                    },
                    "Paper": {
                        "semi": {
                            "doi": [],
                            "title": [],
                            "author": [],
                            "venue": [],
                            "year": [],
                            "institution": [],
                            "abstract": [],
                            "pdf": [],
                            "blog": []
                        },
                        "download": {
                            "path": []
                        }
                    },
                    "Journal": {
                        "semi": {
                            "name": [],
                            "ISSN": [],
                            "E_ISSN": [],
                            "IF": [],
                            "h_index": [],
                            "self_citing": [],
                            "ccf": [],
                            "sci": [],
                            "website": [],
                            "submit": [],
                            "OA": [],
                            "category": [],
                            "speed": [],
                            "rate": []
                        }
                    },
                    "Author": {
                        "semi": {
                            "name": [],
                            "field": [],
                            "affiliation": [],
                            "position": [
                                "副主任医师"
                            ],
                            "citations": [],
                            "h_index": [],
                            "pubs": [],
                            "institution": [
                                "中国科学院大学"
                            ]
                        }
                    },
                    "Institution": {
                        "semi": {
                            "name": [],
                            "address": [],
                            "website": []
                        }
                    }
                },
                "dialog_act": {
                    "Author-Recommend": [
                        [
                            "Choice",
                            "0"
                        ]
                    ],
                    "Author-Confirm": [
                        [
                            "institution",
                            "中国科学院大学"
                        ]
                    ]
                },
                "span_info": [
                    [
                        "Author-Confirm",
                        "institution",
                        "中国科学院大学",
                        15,
                        21
                    ]
                ]
            },
            {
                "text": "没错，帮我找一下这个问题的答案吧，涉及职称是临床教授的人有哪些",
                "metadata": {},
                "dialog_act": {
                    "Author-Inform": [
                        [
                            "position",
                            "临床教授"
                        ]
                    ],
                    "General-Positive": [
                        [
                            null,
                            null
                        ]
                    ]
                },
                "span_info": [
                    [
                        "Author-Update",
                        "position",
                        "临床教授",
                        22,
                        25
                    ]
                ]
            },
            {
                "text": "没找到相应的作者",
                "metadata": {
                    "Conference": {
                        "semi": {
                            "acronym": [],
                            "year": [],
                            "fullName": [],
                            "paperDue": [],
                            "noticeDue": [],
                            "heldDate": [],
                            "abstractDue": [],
                            "finalDue": [],
                            "location": [],
                            "category": [],
                            "ccf": [],
                            "website": [],
                            "bestPaper": [],
                            "confRelated": [],
                            "journalRelated": []
                        }
                    },
                    "Paper": {
                        "semi": {
                            "doi": [],
                            "title": [],
                            "author": [],
                            "venue": [],
                            "year": [],
                            "institution": [],
                            "abstract": [],
                            "pdf": [],
                            "blog": []
                        },
                        "download": {
                            "path": []
                        }
                    },
                    "Journal": {
                        "semi": {
                            "name": [],
                            "ISSN": [],
                            "E_ISSN": [],
                            "IF": [],
                            "h_index": [],
                            "self_citing": [],
                            "ccf": [],
                            "sci": [],
                            "website": [],
                            "submit": [],
                            "OA": [],
                            "category": [],
                            "speed": [],
                            "rate": []
                        }
                    },
                    "Author": {
                        "semi": {
                            "name": [],
                            "field": [],
                            "affiliation": [],
                            "position": [
                                "临床教授"
                            ],
                            "citations": [],
                            "h_index": [],
                            "pubs": [],
                            "institution": [
                                "中国科学院大学"
                            ]
                        }
                    },
                    "Institution": {
                        "semi": {
                            "name": [],
                            "address": [],
                            "website": []
                        }
                    }
                },
                "dialog_act": {
                    "Author-Recommend": [
                        [
                            "Choice",
                            "0"
                        ]
                    ]
                },
                "span_info": []
            },
            {
                "text": "我不太知道中国科学院物理研究所的未知有哪些，你可以告诉我吗",
                "metadata": {},
                "dialog_act": {
                    "Author-Inform": [
                        [
                            "institution",
                            "中国科学院物理研究所"
                        ],
                        [
                            "position",
                            "未知"
                        ]
                    ]
                },
                "span_info": [
                    [
                        "Author-Inform",
                        "institution",
                        "中国科学院物理研究所",
                        5,
                        14
                    ],
                    [
                        "Author-Inform",
                        "position",
                        "未知",
                        16,
                        17
                    ]
                ]
            },
            {
                "text": "你确定找的是中国科学院物理研究所的未知嘛",
                "metadata": {
                    "Conference": {
                        "semi": {
                            "acronym": [],
                            "year": [],
                            "fullName": [],
                            "paperDue": [],
                            "noticeDue": [],
                            "heldDate": [],
                            "abstractDue": [],
                            "finalDue": [],
                            "location": [],
                            "category": [],
                            "ccf": [],
                            "website": [],
                            "bestPaper": [],
                            "confRelated": [],
                            "journalRelated": []
                        }
                    },
                    "Paper": {
                        "semi": {
                            "doi": [],
                            "title": [],
                            "author": [],
                            "venue": [],
                            "year": [],
                            "institution": [],
                            "abstract": [],
                            "pdf": [],
                            "blog": []
                        },
                        "download": {
                            "path": []
                        }
                    },
                    "Journal": {
                        "semi": {
                            "name": [],
                            "ISSN": [],
                            "E_ISSN": [],
                            "IF": [],
                            "h_index": [],
                            "self_citing": [],
                            "ccf": [],
                            "sci": [],
                            "website": [],
                            "submit": [],
                            "OA": [],
                            "category": [],
                            "speed": [],
                            "rate": []
                        }
                    },
                    "Author": {
                        "semi": {
                            "name": [],
                            "field": [],
                            "affiliation": [],
                            "position": [
                                "未知"
                            ],
                            "citations": [],
                            "h_index": [],
                            "pubs": [],
                            "institution": [
                                "中国科学院物理研究所"
                            ]
                        }
                    },
                    "Institution": {
                        "semi": {
                            "name": [],
                            "address": [],
                            "website": []
                        }
                    }
                },
                "dialog_act": {
                    "Author-Confirm": [
                        [
                            "institution",
                            "中国科学院物理研究所"
                        ],
                        [
                            "position",
                            "未知"
                        ]
                    ]
                },
                "span_info": [
                    [
                        "Author-Confirm",
                        "institution",
                        "中国科学院物理研究所",
                        6,
                        15
                    ],
                    [
                        "Author-Confirm",
                        "position",
                        "未知",
                        17,
                        18
                    ]
                ]
            },
            {
                "text": "没错",
                "metadata": {},
                "dialog_act": {
                    "General-Positive": [
                        [
                            null,
                            null
                        ]
                    ]
                },
                "span_info": []
            },
            {
                "text": "找到0个相关的会议唉，你要不问一下教授级高级工程师职称的学者",
                "metadata": {
                    "Conference": {
                        "semi": {
                            "acronym": [],
                            "year": [],
                            "fullName": [],
                            "paperDue": [],
                            "noticeDue": [],
                            "heldDate": [],
                            "abstractDue": [],
                            "finalDue": [],
                            "location": [],
                            "category": [],
                            "ccf": [],
                            "website": [],
                            "bestPaper": [],
                            "confRelated": [],
                            "journalRelated": []
                        }
                    },
                    "Paper": {
                        "semi": {
                            "doi": [],
                            "title": [],
                            "author": [],
                            "venue": [],
                            "year": [],
                            "institution": [],
                            "abstract": [],
                            "pdf": [],
                            "blog": []
                        },
                        "download": {
                            "path": []
                        }
                    },
                    "Journal": {
                        "semi": {
                            "name": [],
                            "ISSN": [],
                            "E_ISSN": [],
                            "IF": [],
                            "h_index": [],
                            "self_citing": [],
                            "ccf": [],
                            "sci": [],
                            "website": [],
                            "submit": [],
                            "OA": [],
                            "category": [],
                            "speed": [],
                            "rate": []
                        }
                    },
                    "Author": {
                        "semi": {
                            "name": [],
                            "field": [],
                            "affiliation": [],
                            "position": [
                                "未知"
                            ],
                            "citations": [],
                            "h_index": [],
                            "pubs": [],
                            "institution": [
                                "中国科学院物理研究所"
                            ]
                        }
                    },
                    "Institution": {
                        "semi": {
                            "name": [],
                            "address": [],
                            "website": []
                        }
                    }
                },
                "dialog_act": {
                    "Author-Recommend": [
                        [
                            "Choice",
                            "0"
                        ],
                        [
                            "position",
                            "教授级高级工程师"
                        ]
                    ]
                },
                "span_info": [
                    [
                        "Author-Recommend",
                        "position",
                        "教授级高级工程师",
                        17,
                        24
                    ]
                ]
            },
            {
                "text": "在这之中教授级高级工程师有哪些呢",
                "metadata": {},
                "dialog_act": {
                    "Author-Inform": [
                        [
                            "position",
                            "教授级高级工程师"
                        ]
                    ]
                },
                "span_info": [
                    [
                        "Author-Update",
                        "position",
                        "教授级高级工程师",
                        4,
                        11
                    ]
                ]
            },
            {
                "text": "你确定找的是北京大学的教授级高级工程师嘛",
                "metadata": {
                    "Conference": {
                        "semi": {
                            "acronym": [],
                            "year": [],
                            "fullName": [],
                            "paperDue": [],
                            "noticeDue": [],
                            "heldDate": [],
                            "abstractDue": [],
                            "finalDue": [],
                            "location": [],
                            "category": [],
                            "ccf": [],
                            "website": [],
                            "bestPaper": [],
                            "confRelated": [],
                            "journalRelated": []
                        }
                    },
                    "Paper": {
                        "semi": {
                            "doi": [],
                            "title": [],
                            "author": [],
                            "venue": [],
                            "year": [],
                            "institution": [],
                            "abstract": [],
                            "pdf": [],
                            "blog": []
                        },
                        "download": {
                            "path": []
                        }
                    },
                    "Journal": {
                        "semi": {
                            "name": [],
                            "ISSN": [],
                            "E_ISSN": [],
                            "IF": [],
                            "h_index": [],
                            "self_citing": [],
                            "ccf": [],
                            "sci": [],
                            "website": [],
                            "submit": [],
                            "OA": [],
                            "category": [],
                            "speed": [],
                            "rate": []
                        }
                    },
                    "Author": {
                        "semi": {
                            "name": [],
                            "field": [],
                            "affiliation": [],
                            "position": [
                                "教授级高级工程师"
                            ],
                            "citations": [],
                            "h_index": [],
                            "pubs": [],
                            "institution": [
                                "中国科学院物理研究所"
                            ]
                        }
                    },
                    "Institution": {
                        "semi": {
                            "name": [],
                            "address": [],
                            "website": []
                        }
                    }
                },
                "dialog_act": {
                    "Author-Confirm": [
                        [
                            "position",
                            "教授级高级工程师"
                        ]
                    ]
                },
                "span_info": [
                    [
                        "Author-Confirm",
                        "position",
                        "教授级高级工程师",
                        11,
                        18
                    ]
                ]
            },
            {
                "text": "嗯嗯",
                "metadata": {},
                "dialog_act": {
                    "General-Positive": [
                        [
                            null,
                            null
                        ]
                    ]
                },
                "span_info": []
            },
            {
                "text": "没找到相应的会议，你要不问一下华东理工大学化学与分子工程学院的学者",
                "metadata": {
                    "Conference": {
                        "semi": {
                            "acronym": [],
                            "year": [],
                            "fullName": [],
                            "paperDue": [],
                            "noticeDue": [],
                            "heldDate": [],
                            "abstractDue": [],
                            "finalDue": [],
                            "location": [],
                            "category": [],
                            "ccf": [],
                            "website": [],
                            "bestPaper": [],
                            "confRelated": [],
                            "journalRelated": []
                        }
                    },
                    "Paper": {
                        "semi": {
                            "doi": [],
                            "title": [],
                            "author": [],
                            "venue": [],
                            "year": [],
                            "institution": [],
                            "abstract": [],
                            "pdf": [],
                            "blog": []
                        },
                        "download": {
                            "path": []
                        }
                    },
                    "Journal": {
                        "semi": {
                            "name": [],
                            "ISSN": [],
                            "E_ISSN": [],
                            "IF": [],
                            "h_index": [],
                            "self_citing": [],
                            "ccf": [],
                            "sci": [],
                            "website": [],
                            "submit": [],
                            "OA": [],
                            "category": [],
                            "speed": [],
                            "rate": []
                        }
                    },
                    "Author": {
                        "semi": {
                            "name": [],
                            "field": [],
                            "affiliation": [],
                            "position": [
                                "教授级高级工程师"
                            ],
                            "citations": [],
                            "h_index": [],
                            "pubs": [],
                            "institution": [
                                "中国科学院物理研究所"
                            ]
                        }
                    },
                    "Institution": {
                        "semi": {
                            "name": [],
                            "address": [],
                            "website": []
                        }
                    }
                },
                "dialog_act": {
                    "Author-Recommend": [
                        [
                            "Choice",
                            "0"
                        ],
                        [
                            "institution",
                            "华东理工大学化学与分子工程学院"
                        ]
                    ]
                },
                "span_info": [
                    [
                        "Author-Recommend",
                        "institution",
                        "华东理工大学化学与分子工程学院",
                        15,
                        29
                    ]
                ]
            },
            {
                "text": "关于华东理工大学化学与分子工程学院的呢",
                "metadata": {},
                "dialog_act": {
                    "Author-Inform": [
                        [
                            "institution",
                            "华东理工大学化学与分子工程学院"
                        ]
                    ]
                },
                "span_info": [
                    [
                        "Author-Update",
                        "institution",
                        "华东理工大学化学与分子工程学院",
                        2,
                        16
                    ]
                ]
            },
            {
                "text": "没有相关的会议，你要不问一下中国北京出入境检验检疫局的学者",
                "metadata": {
                    "Conference": {
                        "semi": {
                            "acronym": [],
                            "year": [],
                            "fullName": [],
                            "paperDue": [],
                            "noticeDue": [],
                            "heldDate": [],
                            "abstractDue": [],
                            "finalDue": [],
                            "location": [],
                            "category": [],
                            "ccf": [],
                            "website": [],
                            "bestPaper": [],
                            "confRelated": [],
                            "journalRelated": []
                        }
                    },
                    "Paper": {
                        "semi": {
                            "doi": [],
                            "title": [],
                            "author": [],
                            "venue": [],
                            "year": [],
                            "institution": [],
                            "abstract": [],
                            "pdf": [],
                            "blog": []
                        },
                        "download": {
                            "path": []
                        }
                    },
                    "Journal": {
                        "semi": {
                            "name": [],
                            "ISSN": [],
                            "E_ISSN": [],
                            "IF": [],
                            "h_index": [],
                            "self_citing": [],
                            "ccf": [],
                            "sci": [],
                            "website": [],
                            "submit": [],
                            "OA": [],
                            "category": [],
                            "speed": [],
                            "rate": []
                        }
                    },
                    "Author": {
                        "semi": {
                            "name": [],
                            "field": [],
                            "affiliation": [],
                            "position": [
                                "教授级高级工程师"
                            ],
                            "citations": [],
                            "h_index": [],
                            "pubs": [],
                            "institution": [
                                "华东理工大学化学与分子工程学院"
                            ]
                        }
                    },
                    "Institution": {
                        "semi": {
                            "name": [],
                            "address": [],
                            "website": []
                        }
                    }
                },
                "dialog_act": {
                    "Author-Recommend": [
                        [
                            "Choice",
                            "0"
                        ],
                        [
                            "institution",
                            "中国北京出入境检验检疫局"
                        ]
                    ]
                },
                "span_info": [
                    [
                        "Author-Recommend",
                        "institution",
                        "中国北京出入境检验检疫局",
                        14,
                        25
                    ]
                ]
            },
            {
                "text": "关于中国北京出入境检验检疫局的呢",
                "metadata": {},
                "dialog_act": {
                    "Author-Inform": [
                        [
                            "institution",
                            "中国北京出入境检验检疫局"
                        ]
                    ]
                },
                "span_info": [
                    [
                        "Author-Update",
                        "institution",
                        "中国北京出入境检验检疫局",
                        2,
                        13
                    ]
                ]
            },
            {
                "text": "抱歉没有找到符合条件的会议唉，你要不问一下华东理工大学功能材料化学上海重点实验室的学者",
                "metadata": {
                    "Conference": {
                        "semi": {
                            "acronym": [],
                            "year": [],
                            "fullName": [],
                            "paperDue": [],
                            "noticeDue": [],
                            "heldDate": [],
                            "abstractDue": [],
                            "finalDue": [],
                            "location": [],
                            "category": [],
                            "ccf": [],
                            "website": [],
                            "bestPaper": [],
                            "confRelated": [],
                            "journalRelated": []
                        }
                    },
                    "Paper": {
                        "semi": {
                            "doi": [],
                            "title": [],
                            "author": [],
                            "venue": [],
                            "year": [],
                            "institution": [],
                            "abstract": [],
                            "pdf": [],
                            "blog": []
                        },
                        "download": {
                            "path": []
                        }
                    },
                    "Journal": {
                        "semi": {
                            "name": [],
                            "ISSN": [],
                            "E_ISSN": [],
                            "IF": [],
                            "h_index": [],
                            "self_citing": [],
                            "ccf": [],
                            "sci": [],
                            "website": [],
                            "submit": [],
                            "OA": [],
                            "category": [],
                            "speed": [],
                            "rate": []
                        }
                    },
                    "Author": {
                        "semi": {
                            "name": [],
                            "field": [],
                            "affiliation": [],
                            "position": [
                                "教授级高级工程师"
                            ],
                            "citations": [],
                            "h_index": [],
                            "pubs": [],
                            "institution": [
                                "中国北京出入境检验检疫局"
                            ]
                        }
                    },
                    "Institution": {
                        "semi": {
                            "name": [],
                            "address": [],
                            "website": []
                        }
                    }
                },
                "dialog_act": {
                    "Author-Recommend": [
                        [
                            "Choice",
                            "0"
                        ],
                        [
                            "institution",
                            "华东理工大学功能材料化学上海重点实验室"
                        ]
                    ]
                },
                "span_info": [
                    [
                        "Author-Recommend",
                        "institution",
                        "华东理工大学功能材料化学上海重点实验室",
                        21,
                        39
                    ]
                ]
            },
            {
                "text": "其中华东理工大学功能材料化学上海重点实验室的有吗",
                "metadata": {},
                "dialog_act": {
                    "Author-Inform": [
                        [
                            "institution",
                            "华东理工大学功能材料化学上海重点实验室"
                        ]
                    ]
                },
                "span_info": [
                    [
                        "Author-Update",
                        "institution",
                        "华东理工大学功能材料化学上海重点实验室",
                        2,
                        20
                    ]
                ]
            },
            {
                "text": "没找到相应的作者",
                "metadata": {
                    "Conference": {
                        "semi": {
                            "acronym": [],
                            "year": [],
                            "fullName": [],
                            "paperDue": [],
                            "noticeDue": [],
                            "heldDate": [],
                            "abstractDue": [],
                            "finalDue": [],
                            "location": [],
                            "category": [],
                            "ccf": [],
                            "website": [],
                            "bestPaper": [],
                            "confRelated": [],
                            "journalRelated": []
                        }
                    },
                    "Paper": {
                        "semi": {
                            "doi": [],
                            "title": [],
                            "author": [],
                            "venue": [],
                            "year": [],
                            "institution": [],
                            "abstract": [],
                            "pdf": [],
                            "blog": []
                        },
                        "download": {
                            "path": []
                        }
                    },
                    "Journal": {
                        "semi": {
                            "name": [],
                            "ISSN": [],
                            "E_ISSN": [],
                            "IF": [],
                            "h_index": [],
                            "self_citing": [],
                            "ccf": [],
                            "sci": [],
                            "website": [],
                            "submit": [],
                            "OA": [],
                            "category": [],
                            "speed": [],
                            "rate": []
                        }
                    },
                    "Author": {
                        "semi": {
                            "name": [],
                            "field": [],
                            "affiliation": [],
                            "position": [
                                "教授级高级工程师"
                            ],
                            "citations": [],
                            "h_index": [],
                            "pubs": [],
                            "institution": [
                                "华东理工大学功能材料化学上海重点实验室"
                            ]
                        }
                    },
                    "Institution": {
                        "semi": {
                            "name": [],
                            "address": [],
                            "website": []
                        }
                    }
                },
                "dialog_act": {
                    "Author-Recommend": [
                        [
                            "Choice",
                            "0"
                        ]
                    ]
                },
                "span_info": []
            },
            {
                "text": "你和我说说在复旦大学材料与设备技术研究所有哪些未知是做计算机科学的",
                "metadata": {},
                "dialog_act": {
                    "Author-Inform": [
                        [
                            "field",
                            "计算机科学"
                        ],
                        [
                            "institution",
                            "复旦大学材料与设备技术研究所"
                        ],
                        [
                            "position",
                            "未知"
                        ]
                    ]
                },
                "span_info": [
                    [
                        "Author-Inform",
                        "field",
                        "计算机科学",
                        27,
                        31
                    ],
                    [
                        "Author-Inform",
                        "institution",
                        "复旦大学材料与设备技术研究所",
                        6,
                        19
                    ],
                    [
                        "Author-Inform",
                        "position",
                        "未知",
                        23,
                        24
                    ]
                ]
            },
            {
                "text": "找到0个相关的作者唉",
                "metadata": {
                    "Conference": {
                        "semi": {
                            "acronym": [],
                            "year": [],
                            "fullName": [],
                            "paperDue": [],
                            "noticeDue": [],
                            "heldDate": [],
                            "abstractDue": [],
                            "finalDue": [],
                            "location": [],
                            "category": [],
                            "ccf": [],
                            "website": [],
                            "bestPaper": [],
                            "confRelated": [],
                            "journalRelated": []
                        }
                    },
                    "Paper": {
                        "semi": {
                            "doi": [],
                            "title": [],
                            "author": [],
                            "venue": [],
                            "year": [],
                            "institution": [],
                            "abstract": [],
                            "pdf": [],
                            "blog": []
                        },
                        "download": {
                            "path": []
                        }
                    },
                    "Journal": {
                        "semi": {
                            "name": [],
                            "ISSN": [],
                            "E_ISSN": [],
                            "IF": [],
                            "h_index": [],
                            "self_citing": [],
                            "ccf": [],
                            "sci": [],
                            "website": [],
                            "submit": [],
                            "OA": [],
                            "category": [],
                            "speed": [],
                            "rate": []
                        }
                    },
                    "Author": {
                        "semi": {
                            "name": [],
                            "field": [
                                "计算机科学"
                            ],
                            "affiliation": [],
                            "position": [
                                "未知"
                            ],
                            "citations": [],
                            "h_index": [],
                            "pubs": [],
                            "institution": [
                                "复旦大学材料与设备技术研究所"
                            ]
                        }
                    },
                    "Institution": {
                        "semi": {
                            "name": [],
                            "address": [],
                            "website": []
                        }
                    }
                },
                "dialog_act": {
                    "Author-Recommend": [
                        [
                            "Choice",
                            "0"
                        ]
                    ]
                },
                "span_info": []
            },
            {
                "text": "介绍一些中国北京出入境检验检疫局里做肝细胞癌方向的教授、博导呗",
                "metadata": {},
                "dialog_act": {
                    "Author-Inform": [
                        [
                            "field",
                            "肝细胞癌"
                        ],
                        [
                            "institution",
                            "中国北京出入境检验检疫局"
                        ],
                        [
                            "position",
                            "教授、博导"
                        ]
                    ]
                },
                "span_info": [
                    [
                        "Author-Inform",
                        "field",
                        "肝细胞癌",
                        18,
                        21
                    ],
                    [
                        "Author-Inform",
                        "institution",
                        "中国北京出入境检验检疫局",
                        4,
                        15
                    ],
                    [
                        "Author-Inform",
                        "position",
                        "教授、博导",
                        25,
                        29
                    ]
                ]
            },
            {
                "text": "找到0个相关的会议唉，你确定找的是中国北京出入境检验检疫局做肝细胞癌领域的教授、博导嘛",
                "metadata": {
                    "Conference": {
                        "semi": {
                            "acronym": [],
                            "year": [],
                            "fullName": [],
                            "paperDue": [],
                            "noticeDue": [],
                            "heldDate": [],
                            "abstractDue": [],
                            "finalDue": [],
                            "location": [],
                            "category": [],
                            "ccf": [],
                            "website": [],
                            "bestPaper": [],
                            "confRelated": [],
                            "journalRelated": []
                        }
                    },
                    "Paper": {
                        "semi": {
                            "doi": [],
                            "title": [],
                            "author": [],
                            "venue": [],
                            "year": [],
                            "institution": [],
                            "abstract": [],
                            "pdf": [],
                            "blog": []
                        },
                        "download": {
                            "path": []
                        }
                    },
                    "Journal": {
                        "semi": {
                            "name": [],
                            "ISSN": [],
                            "E_ISSN": [],
                            "IF": [],
                            "h_index": [],
                            "self_citing": [],
                            "ccf": [],
                            "sci": [],
                            "website": [],
                            "submit": [],
                            "OA": [],
                            "category": [],
                            "speed": [],
                            "rate": []
                        }
                    },
                    "Author": {
                        "semi": {
                            "name": [],
                            "field": [
                                "肝细胞癌"
                            ],
                            "affiliation": [],
                            "position": [
                                "教授、博导"
                            ],
                            "citations": [],
                            "h_index": [],
                            "pubs": [],
                            "institution": [
                                "中国北京出入境检验检疫局"
                            ]
                        }
                    },
                    "Institution": {
                        "semi": {
                            "name": [],
                            "address": [],
                            "website": []
                        }
                    }
                },
                "dialog_act": {
                    "Author-Recommend": [
                        [
                            "Choice",
                            "0"
                        ]
                    ],
                    "Author-Confirm": [
                        [
                            "field",
                            "肝细胞癌"
                        ],
                        [
                            "institution",
                            "中国北京出入境检验检疫局"
                        ],
                        [
                            "position",
                            "教授、博导"
                        ]
                    ]
                },
                "span_info": [
                    [
                        "Author-Confirm",
                        "field",
                        "肝细胞癌",
                        30,
                        33
                    ],
                    [
                        "Author-Confirm",
                        "institution",
                        "中国北京出入境检验检疫局",
                        17,
                        28
                    ],
                    [
                        "Author-Confirm",
                        "position",
                        "教授、博导",
                        37,
                        41
                    ]
                ]
            },
            {
                "text": "没错，告诉我一些华东理工大学功能材料化学上海重点实验室的老师",
                "metadata": {},
                "dialog_act": {
                    "Author-Inform": [
                        [
                            "institution",
                            "华东理工大学功能材料化学上海重点实验室"
                        ]
                    ],
                    "General-Positive": [
                        [
                            null,
                            null
                        ]
                    ]
                },
                "span_info": [
                    [
                        "Author-Inform",
                        "institution",
                        "华东理工大学功能材料化学上海重点实验室",
                        8,
                        26
                    ]
                ]
            },
            {
                "text": "满足条件的作者共有2个，它们是万莉和朱亚仙和雷雯",
                "metadata": {
                    "Conference": {
                        "semi": {
                            "acronym": [],
                            "year": [],
                            "fullName": [],
                            "paperDue": [],
                            "noticeDue": [],
                            "heldDate": [],
                            "abstractDue": [],
                            "finalDue": [],
                            "location": [],
                            "category": [],
                            "ccf": [],
                            "website": [],
                            "bestPaper": [],
                            "confRelated": [],
                            "journalRelated": []
                        }
                    },
                    "Paper": {
                        "semi": {
                            "doi": [],
                            "title": [],
                            "author": [],
                            "venue": [],
                            "year": [],
                            "institution": [],
                            "abstract": [],
                            "pdf": [],
                            "blog": []
                        },
                        "download": {
                            "path": []
                        }
                    },
                    "Journal": {
                        "semi": {
                            "name": [],
                            "ISSN": [],
                            "E_ISSN": [],
                            "IF": [],
                            "h_index": [],
                            "self_citing": [],
                            "ccf": [],
                            "sci": [],
                            "website": [],
                            "submit": [],
                            "OA": [],
                            "category": [],
                            "speed": [],
                            "rate": []
                        }
                    },
                    "Author": {
                        "semi": {
                            "name": [],
                            "field": [
                                "肝细胞癌"
                            ],
                            "affiliation": [],
                            "position": [
                                "教授、博导"
                            ],
                            "citations": [],
                            "h_index": [],
                            "pubs": [],
                            "institution": [
                                "华东理工大学功能材料化学上海重点实验室"
                            ]
                        }
                    },
                    "Institution": {
                        "semi": {
                            "name": [],
                            "address": [],
                            "website": []
                        }
                    }
                },
                "dialog_act": {
                    "Author-Recommend": [
                        [
                            "Choice",
                            "3"
                        ],
                        [
                            "name",
                            "万莉"
                        ],
                        [
                            "name",
                            "朱亚仙"
                        ],
                        [
                            "name",
                            "雷雯"
                        ]
                    ]
                },
                "span_info": [
                    [
                        "Author-Recommend",
                        "name",
                        "万莉",
                        15,
                        16
                    ],
                    [
                        "Author-Recommend",
                        "name",
                        "朱亚仙",
                        18,
                        20
                    ],
                    [
                        "Author-Recommend",
                        "name",
                        "雷雯",
                        22,
                        23
                    ]
                ]
            },
            {
                "text": "万莉的h5指数是多少呢",
                "metadata": {},
                "dialog_act": {
                    "Author-Inform": [
                        [
                            "name",
                            "万莉"
                        ]
                    ],
                    "Author-Request": [
                        [
                            "h_index",
                            "?"
                        ]
                    ]
                },
                "span_info": [
                    [
                        "Author-Inform",
                        "name",
                        "万莉",
                        0,
                        1
                    ]
                ]
            },
            {
                "text": "万莉的h5指数是XXX",
                "metadata": {
                    "Conference": {
                        "semi": {
                            "acronym": [],
                            "year": [],
                            "fullName": [],
                            "paperDue": [],
                            "noticeDue": [],
                            "heldDate": [],
                            "abstractDue": [],
                            "finalDue": [],
                            "location": [],
                            "category": [],
                            "ccf": [],
                            "website": [],
                            "bestPaper": [],
                            "confRelated": [],
                            "journalRelated": []
                        }
                    },
                    "Paper": {
                        "semi": {
                            "doi": [],
                            "title": [],
                            "author": [],
                            "venue": [],
                            "year": [],
                            "institution": [],
                            "abstract": [],
                            "pdf": [],
                            "blog": []
                        },
                        "download": {
                            "path": []
                        }
                    },
                    "Journal": {
                        "semi": {
                            "name": [],
                            "ISSN": [],
                            "E_ISSN": [],
                            "IF": [],
                            "h_index": [],
                            "self_citing": [],
                            "ccf": [],
                            "sci": [],
                            "website": [],
                            "submit": [],
                            "OA": [],
                            "category": [],
                            "speed": [],
                            "rate": []
                        }
                    },
                    "Author": {
                        "semi": {
                            "name": [
                                "万莉"
                            ],
                            "field": [
                                "肝细胞癌"
                            ],
                            "affiliation": [],
                            "position": [
                                "教授、博导"
                            ],
                            "citations": [],
                            "h_index": [],
                            "pubs": [],
                            "institution": [
                                "华东理工大学功能材料化学上海重点实验室"
                            ]
                        }
                    },
                    "Institution": {
                        "semi": {
                            "name": [],
                            "address": [],
                            "website": []
                        }
                    }
                },
                "dialog_act": {
                    "Author-Inform": [
                        [
                            "name",
                            "万莉"
                        ],
                        [
                            "h_index",
                            2
                        ]
                    ]
                },
                "span_info": [
                    [
                        "Author-Inform",
                        "name",
                        "万莉",
                        0,
                        1
                    ]
                ]
            }
        ]
    }
}