{
    "SFTF_034585": {
        "goal": {
            "Conference": {
                "semi": {
                    "acronym": [],
                    "year": [],
                    "fullName": [],
                    "paperDue": [],
                    "noticeDue": [],
                    "heldDate": [],
                    "abstractDue": [],
                    "finalDue": [],
                    "location": [],
                    "category": [],
                    "ccf": [],
                    "website": [],
                    "bestPaper": [],
                    "confRelated": [],
                    "journalRelated": []
                }
            },
            "Paper": {
                "semi": {
                    "doi": [
                        "https://doi.org/10.1016/j.knosys.2015.07.007"
                    ],
                    "title": [
                        "Efficient algorithms for finding the most desirable skyline objects"
                    ],
                    "author": [
                        "陈刚"
                    ],
                    "venue": [
                        "Knowl. Based Syst."
                    ],
                    "year": [
                        1970
                    ],
                    "institution": [],
                    "abstract": [],
                    "pdf": [],
                    "blog": []
                },
                "download": {
                    "path": []
                }
            },
            "Journal": {
                "semi": {
                    "name": [],
                    "ISSN": [],
                    "E_ISSN": [],
                    "IF": [],
                    "h_index": [],
                    "self_citing": [],
                    "ccf": [],
                    "sci": [],
                    "website": [],
                    "submit": [],
                    "OA": [],
                    "category": [],
                    "speed": [],
                    "rate": []
                }
            },
            "Author": {
                "semi": {
                    "name": [],
                    "field": [],
                    "affiliation": [],
                    "position": [],
                    "citations": [],
                    "h_index": [],
                    "pubs": []
                }
            },
            "Institution": {
                "semi": {
                    "name": [],
                    "address": [],
                    "website": []
                }
            },
            "description": [
                "Given author,year; Recommend Paper",
                "Add venue; Recommend Paper",
                "When choice=0 and system confirms, give positive answer then update a constraint to continue searching",
                "Given venue; Recommend Paper",
                "Add author; Recommend Paper",
                "Request detail of institution",
                "Request detail of doi",
                "Confirm detail of year",
                "Request detail of blog",
                "Request detail of pdf"
            ]
        },
        "log": [
            {
                "text": "魏巍老师2012发表过哪些论文呢",
                "metadata": {},
                "dialog_act": {
                    "Paper-Inform": [
                        [
                            "author",
                            "魏巍"
                        ],
                        [
                            "year",
                            "2012"
                        ]
                    ]
                },
                "span_info": [
                    [
                        "Paper-Inform",
                        "author",
                        "魏巍",
                        0,
                        1
                    ],
                    [
                        "Paper-Inform",
                        "year",
                        "2012",
                        4,
                        7
                    ]
                ]
            },
            {
                "text": "共找到50篇符合条件的论文，您还有什么其他的要求嘛",
                "metadata": {
                    "Conference": {
                        "semi": {
                            "acronym": [],
                            "year": [],
                            "fullName": [],
                            "paperDue": [],
                            "noticeDue": [],
                            "heldDate": [],
                            "abstractDue": [],
                            "finalDue": [],
                            "location": [],
                            "category": [],
                            "ccf": [],
                            "website": [],
                            "bestPaper": [],
                            "confRelated": [],
                            "journalRelated": []
                        }
                    },
                    "Paper": {
                        "semi": {
                            "doi": [],
                            "title": [],
                            "author": [
                                "魏巍"
                            ],
                            "venue": [],
                            "year": [
                                "2012"
                            ],
                            "institution": [],
                            "abstract": [],
                            "pdf": [],
                            "blog": []
                        },
                        "download": {
                            "path": []
                        }
                    },
                    "Journal": {
                        "semi": {
                            "name": [],
                            "ISSN": [],
                            "E_ISSN": [],
                            "IF": [],
                            "h_index": [],
                            "self_citing": [],
                            "ccf": [],
                            "sci": [],
                            "website": [],
                            "submit": [],
                            "OA": [],
                            "category": [],
                            "speed": [],
                            "rate": []
                        }
                    },
                    "Author": {
                        "semi": {
                            "name": [],
                            "field": [],
                            "affiliation": [],
                            "position": [],
                            "citations": [],
                            "h_index": [],
                            "pubs": []
                        }
                    },
                    "Institution": {
                        "semi": {
                            "name": [],
                            "address": [],
                            "website": []
                        }
                    }
                },
                "dialog_act": {
                    "Paper-Recommend": [
                        [
                            "Choice",
                            "31"
                        ]
                    ],
                    "Paper-Reqmore": [
                        [
                            "?",
                            "?"
                        ]
                    ]
                },
                "span_info": []
            },
            {
                "text": "那其中在ISBI上的论文有哪些呢",
                "metadata": {},
                "dialog_act": {
                    "Paper-Inform": [
                        [
                            "venue",
                            "ISBI"
                        ]
                    ]
                },
                "span_info": [
                    [
                        "Paper-Add",
                        "venue",
                        "ISBI",
                        4,
                        7
                    ]
                ]
            },
            {
                "text": "没有符合条件的会议，你确定找的是ISBI上发表的论文嘛",
                "metadata": {
                    "Conference": {
                        "semi": {
                            "acronym": [],
                            "year": [],
                            "fullName": [],
                            "paperDue": [],
                            "noticeDue": [],
                            "heldDate": [],
                            "abstractDue": [],
                            "finalDue": [],
                            "location": [],
                            "category": [],
                            "ccf": [],
                            "website": [],
                            "bestPaper": [],
                            "confRelated": [],
                            "journalRelated": []
                        }
                    },
                    "Paper": {
                        "semi": {
                            "doi": [],
                            "title": [],
                            "author": [
                                "魏巍"
                            ],
                            "venue": [
                                "ISBI"
                            ],
                            "year": [
                                "2012"
                            ],
                            "institution": [],
                            "abstract": [],
                            "pdf": [],
                            "blog": []
                        },
                        "download": {
                            "path": []
                        }
                    },
                    "Journal": {
                        "semi": {
                            "name": [],
                            "ISSN": [],
                            "E_ISSN": [],
                            "IF": [],
                            "h_index": [],
                            "self_citing": [],
                            "ccf": [],
                            "sci": [],
                            "website": [],
                            "submit": [],
                            "OA": [],
                            "category": [],
                            "speed": [],
                            "rate": []
                        }
                    },
                    "Author": {
                        "semi": {
                            "name": [],
                            "field": [],
                            "affiliation": [],
                            "position": [],
                            "citations": [],
                            "h_index": [],
                            "pubs": []
                        }
                    },
                    "Institution": {
                        "semi": {
                            "name": [],
                            "address": [],
                            "website": []
                        }
                    }
                },
                "dialog_act": {
                    "Paper-Recommend": [
                        [
                            "Choice",
                            "0"
                        ]
                    ],
                    "Paper-Confirm": [
                        [
                            "venue",
                            "ISBI"
                        ]
                    ]
                },
                "span_info": [
                    [
                        "Paper-Confirm",
                        "venue",
                        "ISBI",
                        16,
                        19
                    ]
                ]
            },
            {
                "text": "你说的没错，就是这个问题，请问那李航老师的呢",
                "metadata": {},
                "dialog_act": {
                    "Paper-Inform": [
                        [
                            "author",
                            "李航"
                        ]
                    ],
                    "General-Positive": [
                        [
                            null,
                            null
                        ]
                    ]
                },
                "span_info": [
                    [
                        "Paper-Update",
                        "author",
                        "李航",
                        16,
                        17
                    ]
                ]
            },
            {
                "text": "抱歉没有找到符合条件的论文唉",
                "metadata": {
                    "Conference": {
                        "semi": {
                            "acronym": [],
                            "year": [],
                            "fullName": [],
                            "paperDue": [],
                            "noticeDue": [],
                            "heldDate": [],
                            "abstractDue": [],
                            "finalDue": [],
                            "location": [],
                            "category": [],
                            "ccf": [],
                            "website": [],
                            "bestPaper": [],
                            "confRelated": [],
                            "journalRelated": []
                        }
                    },
                    "Paper": {
                        "semi": {
                            "doi": [],
                            "title": [],
                            "author": [
                                "李航"
                            ],
                            "venue": [
                                "ISBI"
                            ],
                            "year": [
                                "2012"
                            ],
                            "institution": [],
                            "abstract": [],
                            "pdf": [],
                            "blog": []
                        },
                        "download": {
                            "path": []
                        }
                    },
                    "Journal": {
                        "semi": {
                            "name": [],
                            "ISSN": [],
                            "E_ISSN": [],
                            "IF": [],
                            "h_index": [],
                            "self_citing": [],
                            "ccf": [],
                            "sci": [],
                            "website": [],
                            "submit": [],
                            "OA": [],
                            "category": [],
                            "speed": [],
                            "rate": []
                        }
                    },
                    "Author": {
                        "semi": {
                            "name": [],
                            "field": [],
                            "affiliation": [],
                            "position": [],
                            "citations": [],
                            "h_index": [],
                            "pubs": []
                        }
                    },
                    "Institution": {
                        "semi": {
                            "name": [],
                            "address": [],
                            "website": []
                        }
                    }
                },
                "dialog_act": {
                    "Paper-Recommend": [
                        [
                            "Choice",
                            "0"
                        ]
                    ]
                },
                "span_info": []
            },
            {
                "text": "Knowl. Based Syst.会议上发表过哪些论文呢",
                "metadata": {},
                "dialog_act": {
                    "Paper-Inform": [
                        [
                            "venue",
                            "Knowl. Based Syst."
                        ]
                    ]
                },
                "span_info": [
                    [
                        "Paper-Inform",
                        "venue",
                        "Knowl. Based Syst.",
                        0,
                        17
                    ]
                ]
            },
            {
                "text": "共找到50篇符合条件的论文，您还有什么其他的要求嘛",
                "metadata": {
                    "Conference": {
                        "semi": {
                            "acronym": [],
                            "year": [],
                            "fullName": [],
                            "paperDue": [],
                            "noticeDue": [],
                            "heldDate": [],
                            "abstractDue": [],
                            "finalDue": [],
                            "location": [],
                            "category": [],
                            "ccf": [],
                            "website": [],
                            "bestPaper": [],
                            "confRelated": [],
                            "journalRelated": []
                        }
                    },
                    "Paper": {
                        "semi": {
                            "doi": [],
                            "title": [],
                            "author": [],
                            "venue": [
                                "Knowl. Based Syst."
                            ],
                            "year": [],
                            "institution": [],
                            "abstract": [],
                            "pdf": [],
                            "blog": []
                        },
                        "download": {
                            "path": []
                        }
                    },
                    "Journal": {
                        "semi": {
                            "name": [],
                            "ISSN": [],
                            "E_ISSN": [],
                            "IF": [],
                            "h_index": [],
                            "self_citing": [],
                            "ccf": [],
                            "sci": [],
                            "website": [],
                            "submit": [],
                            "OA": [],
                            "category": [],
                            "speed": [],
                            "rate": []
                        }
                    },
                    "Author": {
                        "semi": {
                            "name": [],
                            "field": [],
                            "affiliation": [],
                            "position": [],
                            "citations": [],
                            "h_index": [],
                            "pubs": []
                        }
                    },
                    "Institution": {
                        "semi": {
                            "name": [],
                            "address": [],
                            "website": []
                        }
                    }
                },
                "dialog_act": {
                    "Paper-Recommend": [
                        [
                            "Choice",
                            "172"
                        ]
                    ],
                    "Paper-Reqmore": [
                        [
                            "?",
                            "?"
                        ]
                    ]
                },
                "span_info": []
            },
            {
                "text": "其中陈刚的论文有哪些呢",
                "metadata": {},
                "dialog_act": {
                    "Paper-Inform": [
                        [
                            "author",
                            "陈刚"
                        ]
                    ]
                },
                "span_info": [
                    [
                        "Paper-Add",
                        "author",
                        "陈刚",
                        2,
                        3
                    ]
                ]
            },
            {
                "text": "只有1篇满足条件的论文，它就是Efficient algorithms for finding the most desirable skyline objects",
                "metadata": {
                    "Conference": {
                        "semi": {
                            "acronym": [],
                            "year": [],
                            "fullName": [],
                            "paperDue": [],
                            "noticeDue": [],
                            "heldDate": [],
                            "abstractDue": [],
                            "finalDue": [],
                            "location": [],
                            "category": [],
                            "ccf": [],
                            "website": [],
                            "bestPaper": [],
                            "confRelated": [],
                            "journalRelated": []
                        }
                    },
                    "Paper": {
                        "semi": {
                            "doi": [],
                            "title": [],
                            "author": [
                                "陈刚"
                            ],
                            "venue": [
                                "Knowl. Based Syst."
                            ],
                            "year": [],
                            "institution": [],
                            "abstract": [],
                            "pdf": [],
                            "blog": []
                        },
                        "download": {
                            "path": []
                        }
                    },
                    "Journal": {
                        "semi": {
                            "name": [],
                            "ISSN": [],
                            "E_ISSN": [],
                            "IF": [],
                            "h_index": [],
                            "self_citing": [],
                            "ccf": [],
                            "sci": [],
                            "website": [],
                            "submit": [],
                            "OA": [],
                            "category": [],
                            "speed": [],
                            "rate": []
                        }
                    },
                    "Author": {
                        "semi": {
                            "name": [],
                            "field": [],
                            "affiliation": [],
                            "position": [],
                            "citations": [],
                            "h_index": [],
                            "pubs": []
                        }
                    },
                    "Institution": {
                        "semi": {
                            "name": [],
                            "address": [],
                            "website": []
                        }
                    }
                },
                "dialog_act": {
                    "Paper-Recommend": [
                        [
                            "Choice",
                            "1"
                        ],
                        [
                            "title",
                            "Efficient algorithms for finding the most desirable skyline objects"
                        ]
                    ]
                },
                "span_info": [
                    [
                        "Paper-Recommend",
                        "title",
                        "Efficient algorithms for finding the most desirable skyline objects",
                        15,
                        81
                    ]
                ]
            },
            {
                "text": "你知道Efficient algorithms for finding the most desirable skyline objects发表机构是什么",
                "metadata": {},
                "dialog_act": {
                    "Paper-Inform": [
                        [
                            "title",
                            "Efficient algorithms for finding the most desirable skyline objects"
                        ]
                    ],
                    "Paper-Request": [
                        [
                            "institution",
                            "?"
                        ]
                    ]
                },
                "span_info": [
                    [
                        "Paper-Inform",
                        "title",
                        "Efficient algorithms for finding the most desirable skyline objects",
                        3,
                        69
                    ]
                ]
            },
            {
                "text": "目前数据库中没有找到Efficient algorithms for finding the most desirable skyline objects的发表机构，你想了解一下Efficient algorithms for finding the most desirable skyline objects的摘要嘛",
                "metadata": {
                    "Conference": {
                        "semi": {
                            "acronym": [],
                            "year": [],
                            "fullName": [],
                            "paperDue": [],
                            "noticeDue": [],
                            "heldDate": [],
                            "abstractDue": [],
                            "finalDue": [],
                            "location": [],
                            "category": [],
                            "ccf": [],
                            "website": [],
                            "bestPaper": [],
                            "confRelated": [],
                            "journalRelated": []
                        }
                    },
                    "Paper": {
                        "semi": {
                            "doi": [],
                            "title": [
                                "Efficient algorithms for finding the most desirable skyline objects"
                            ],
                            "author": [
                                "陈刚"
                            ],
                            "venue": [
                                "Knowl. Based Syst."
                            ],
                            "year": [],
                            "institution": [],
                            "abstract": [],
                            "pdf": [],
                            "blog": []
                        },
                        "download": {
                            "path": []
                        }
                    },
                    "Journal": {
                        "semi": {
                            "name": [],
                            "ISSN": [],
                            "E_ISSN": [],
                            "IF": [],
                            "h_index": [],
                            "self_citing": [],
                            "ccf": [],
                            "sci": [],
                            "website": [],
                            "submit": [],
                            "OA": [],
                            "category": [],
                            "speed": [],
                            "rate": []
                        }
                    },
                    "Author": {
                        "semi": {
                            "name": [],
                            "field": [],
                            "affiliation": [],
                            "position": [],
                            "citations": [],
                            "h_index": [],
                            "pubs": []
                        }
                    },
                    "Institution": {
                        "semi": {
                            "name": [],
                            "address": [],
                            "website": []
                        }
                    }
                },
                "dialog_act": {
                    "Paper-Inform": [
                        [
                            "title",
                            "Efficient algorithms for finding the most desirable skyline objects"
                        ]
                    ],
                    "Paper-NoInform": [
                        [
                            "institution",
                            null
                        ]
                    ],
                    "Paper-Recommend": [
                        [
                            "abstract",
                            "?"
                        ]
                    ]
                },
                "span_info": [
                    [
                        "Paper-Inform",
                        "title",
                        "Efficient algorithms for finding the most desirable skyline objects",
                        10,
                        76
                    ]
                ]
            },
            {
                "text": "咨询一下Efficient algorithms for finding the most desirable skyline objects的doi是什么",
                "metadata": {},
                "dialog_act": {
                    "Paper-Inform": [
                        [
                            "title",
                            "Efficient algorithms for finding the most desirable skyline objects"
                        ]
                    ],
                    "Paper-Request": [
                        [
                            "doi",
                            "?"
                        ]
                    ]
                },
                "span_info": [
                    [
                        "Paper-Inform",
                        "title",
                        "Efficient algorithms for finding the most desirable skyline objects",
                        4,
                        70
                    ]
                ]
            },
            {
                "text": "Efficient algorithms for finding the most desirable skyline objects的doi是https://doi.org/10.1016/j.knosys.2015.07.007",
                "metadata": {
                    "Conference": {
                        "semi": {
                            "acronym": [],
                            "year": [],
                            "fullName": [],
                            "paperDue": [],
                            "noticeDue": [],
                            "heldDate": [],
                            "abstractDue": [],
                            "finalDue": [],
                            "location": [],
                            "category": [],
                            "ccf": [],
                            "website": [],
                            "bestPaper": [],
                            "confRelated": [],
                            "journalRelated": []
                        }
                    },
                    "Paper": {
                        "semi": {
                            "doi": [],
                            "title": [
                                "Efficient algorithms for finding the most desirable skyline objects"
                            ],
                            "author": [
                                "陈刚"
                            ],
                            "venue": [
                                "Knowl. Based Syst."
                            ],
                            "year": [],
                            "institution": [],
                            "abstract": [],
                            "pdf": [],
                            "blog": []
                        },
                        "download": {
                            "path": []
                        }
                    },
                    "Journal": {
                        "semi": {
                            "name": [],
                            "ISSN": [],
                            "E_ISSN": [],
                            "IF": [],
                            "h_index": [],
                            "self_citing": [],
                            "ccf": [],
                            "sci": [],
                            "website": [],
                            "submit": [],
                            "OA": [],
                            "category": [],
                            "speed": [],
                            "rate": []
                        }
                    },
                    "Author": {
                        "semi": {
                            "name": [],
                            "field": [],
                            "affiliation": [],
                            "position": [],
                            "citations": [],
                            "h_index": [],
                            "pubs": []
                        }
                    },
                    "Institution": {
                        "semi": {
                            "name": [],
                            "address": [],
                            "website": []
                        }
                    }
                },
                "dialog_act": {
                    "Paper-Inform": [
                        [
                            "title",
                            "Efficient algorithms for finding the most desirable skyline objects"
                        ],
                        [
                            "doi",
                            "https://doi.org/10.1016/j.knosys.2015.07.007"
                        ]
                    ]
                },
                "span_info": [
                    [
                        "Paper-Inform",
                        "title",
                        "Efficient algorithms for finding the most desirable skyline objects",
                        0,
                        66
                    ],
                    [
                        "Paper-Inform",
                        "doi",
                        "https://doi.org/10.1016/j.knosys.2015.07.007",
                        72,
                        115
                    ]
                ]
            },
            {
                "text": "你知道Efficient algorithms for finding the most desirable skyline objects是今年发表嘛",
                "metadata": {},
                "dialog_act": {
                    "Paper-Inform": [
                        [
                            "title",
                            "Efficient algorithms for finding the most desirable skyline objects"
                        ]
                    ],
                    "Paper-Confirm": [
                        [
                            "year",
                            1970
                        ]
                    ]
                },
                "span_info": [
                    [
                        "Paper-Inform",
                        "title",
                        "Efficient algorithms for finding the most desirable skyline objects",
                        3,
                        69
                    ]
                ]
            },
            {
                "text": "你说的没错",
                "metadata": {
                    "Conference": {
                        "semi": {
                            "acronym": [],
                            "year": [],
                            "fullName": [],
                            "paperDue": [],
                            "noticeDue": [],
                            "heldDate": [],
                            "abstractDue": [],
                            "finalDue": [],
                            "location": [],
                            "category": [],
                            "ccf": [],
                            "website": [],
                            "bestPaper": [],
                            "confRelated": [],
                            "journalRelated": []
                        }
                    },
                    "Paper": {
                        "semi": {
                            "doi": [
                                "https://doi.org/10.1016/j.knosys.2015.07.007"
                            ],
                            "title": [
                                "Efficient algorithms for finding the most desirable skyline objects"
                            ],
                            "author": [
                                "陈刚"
                            ],
                            "venue": [
                                "Knowl. Based Syst."
                            ],
                            "year": [
                                1970
                            ],
                            "institution": [],
                            "abstract": [],
                            "pdf": [],
                            "blog": []
                        },
                        "download": {
                            "path": []
                        }
                    },
                    "Journal": {
                        "semi": {
                            "name": [],
                            "ISSN": [],
                            "E_ISSN": [],
                            "IF": [],
                            "h_index": [],
                            "self_citing": [],
                            "ccf": [],
                            "sci": [],
                            "website": [],
                            "submit": [],
                            "OA": [],
                            "category": [],
                            "speed": [],
                            "rate": []
                        }
                    },
                    "Author": {
                        "semi": {
                            "name": [],
                            "field": [],
                            "affiliation": [],
                            "position": [],
                            "citations": [],
                            "h_index": [],
                            "pubs": []
                        }
                    },
                    "Institution": {
                        "semi": {
                            "name": [],
                            "address": [],
                            "website": []
                        }
                    }
                },
                "dialog_act": {
                    "General-Positive": [
                        [
                            null,
                            null
                        ]
                    ]
                },
                "span_info": []
            },
            {
                "text": "有没有关于Efficient algorithms for finding the most desirable skyline objects的讲解博客呢",
                "metadata": {},
                "dialog_act": {
                    "Paper-Inform": [
                        [
                            "title",
                            "Efficient algorithms for finding the most desirable skyline objects"
                        ]
                    ],
                    "Paper-Request": [
                        [
                            "blog",
                            "?"
                        ]
                    ]
                },
                "span_info": [
                    [
                        "Paper-Inform",
                        "title",
                        "Efficient algorithms for finding the most desirable skyline objects",
                        5,
                        71
                    ]
                ]
            },
            {
                "text": "目前数据库中没有找到Efficient algorithms for finding the most desirable skyline objects的讲解博客网址，之后我们会不断完善数据，感谢您的理解",
                "metadata": {
                    "Conference": {
                        "semi": {
                            "acronym": [],
                            "year": [],
                            "fullName": [],
                            "paperDue": [],
                            "noticeDue": [],
                            "heldDate": [],
                            "abstractDue": [],
                            "finalDue": [],
                            "location": [],
                            "category": [],
                            "ccf": [],
                            "website": [],
                            "bestPaper": [],
                            "confRelated": [],
                            "journalRelated": []
                        }
                    },
                    "Paper": {
                        "semi": {
                            "doi": [
                                "https://doi.org/10.1016/j.knosys.2015.07.007"
                            ],
                            "title": [
                                "Efficient algorithms for finding the most desirable skyline objects"
                            ],
                            "author": [
                                "陈刚"
                            ],
                            "venue": [
                                "Knowl. Based Syst."
                            ],
                            "year": [
                                1970
                            ],
                            "institution": [],
                            "abstract": [],
                            "pdf": [],
                            "blog": []
                        },
                        "download": {
                            "path": []
                        }
                    },
                    "Journal": {
                        "semi": {
                            "name": [],
                            "ISSN": [],
                            "E_ISSN": [],
                            "IF": [],
                            "h_index": [],
                            "self_citing": [],
                            "ccf": [],
                            "sci": [],
                            "website": [],
                            "submit": [],
                            "OA": [],
                            "category": [],
                            "speed": [],
                            "rate": []
                        }
                    },
                    "Author": {
                        "semi": {
                            "name": [],
                            "field": [],
                            "affiliation": [],
                            "position": [],
                            "citations": [],
                            "h_index": [],
                            "pubs": []
                        }
                    },
                    "Institution": {
                        "semi": {
                            "name": [],
                            "address": [],
                            "website": []
                        }
                    }
                },
                "dialog_act": {
                    "Paper-Inform": [
                        [
                            "title",
                            "Efficient algorithms for finding the most desirable skyline objects"
                        ]
                    ],
                    "Paper-NoInform": [
                        [
                            "blog",
                            null
                        ]
                    ]
                },
                "span_info": [
                    [
                        "Paper-Inform",
                        "title",
                        "Efficient algorithms for finding the most desirable skyline objects",
                        10,
                        76
                    ]
                ]
            },
            {
                "text": "那么Efficient algorithms for finding the most desirable skyline objects的论文地址是什么呢",
                "metadata": {},
                "dialog_act": {
                    "Paper-Inform": [
                        [
                            "title",
                            "Efficient algorithms for finding the most desirable skyline objects"
                        ]
                    ],
                    "Paper-Request": [
                        [
                            "pdf",
                            "?"
                        ]
                    ]
                },
                "span_info": [
                    [
                        "Paper-Inform",
                        "title",
                        "Efficient algorithms for finding the most desirable skyline objects",
                        2,
                        68
                    ]
                ]
            },
            {
                "text": "Efficient algorithms for finding the most desirable skyline objects的pdf网址是https://doi.org/10.1016/j.knosys.2015.07.007",
                "metadata": {
                    "Conference": {
                        "semi": {
                            "acronym": [],
                            "year": [],
                            "fullName": [],
                            "paperDue": [],
                            "noticeDue": [],
                            "heldDate": [],
                            "abstractDue": [],
                            "finalDue": [],
                            "location": [],
                            "category": [],
                            "ccf": [],
                            "website": [],
                            "bestPaper": [],
                            "confRelated": [],
                            "journalRelated": []
                        }
                    },
                    "Paper": {
                        "semi": {
                            "doi": [
                                "https://doi.org/10.1016/j.knosys.2015.07.007"
                            ],
                            "title": [
                                "Efficient algorithms for finding the most desirable skyline objects"
                            ],
                            "author": [
                                "陈刚"
                            ],
                            "venue": [
                                "Knowl. Based Syst."
                            ],
                            "year": [
                                1970
                            ],
                            "institution": [],
                            "abstract": [],
                            "pdf": [],
                            "blog": []
                        },
                        "download": {
                            "path": []
                        }
                    },
                    "Journal": {
                        "semi": {
                            "name": [],
                            "ISSN": [],
                            "E_ISSN": [],
                            "IF": [],
                            "h_index": [],
                            "self_citing": [],
                            "ccf": [],
                            "sci": [],
                            "website": [],
                            "submit": [],
                            "OA": [],
                            "category": [],
                            "speed": [],
                            "rate": []
                        }
                    },
                    "Author": {
                        "semi": {
                            "name": [],
                            "field": [],
                            "affiliation": [],
                            "position": [],
                            "citations": [],
                            "h_index": [],
                            "pubs": []
                        }
                    },
                    "Institution": {
                        "semi": {
                            "name": [],
                            "address": [],
                            "website": []
                        }
                    }
                },
                "dialog_act": {
                    "Paper-Inform": [
                        [
                            "title",
                            "Efficient algorithms for finding the most desirable skyline objects"
                        ],
                        [
                            "pdf",
                            "https://doi.org/10.1016/j.knosys.2015.07.007"
                        ]
                    ]
                },
                "span_info": [
                    [
                        "Paper-Inform",
                        "title",
                        "Efficient algorithms for finding the most desirable skyline objects",
                        0,
                        66
                    ],
                    [
                        "Paper-Inform",
                        "pdf",
                        "https://doi.org/10.1016/j.knosys.2015.07.007",
                        74,
                        117
                    ]
                ]
            }
        ]
    }
}