{
    "SFTF_040402": {
        "goal": {
            "Conference": {
                "semi": {
                    "acronym": [],
                    "year": [],
                    "fullName": [],
                    "paperDue": [],
                    "noticeDue": [],
                    "heldDate": [],
                    "abstractDue": [],
                    "finalDue": [],
                    "location": [],
                    "category": [],
                    "ccf": [],
                    "website": [],
                    "bestPaper": [],
                    "confRelated": [],
                    "journalRelated": []
                }
            },
            "Paper": {
                "semi": {
                    "doi": [],
                    "title": [],
                    "author": [],
                    "venue": [],
                    "year": [],
                    "institution": [],
                    "abstract": [],
                    "pdf": [],
                    "blog": []
                },
                "download": {
                    "path": []
                }
            },
            "Journal": {
                "semi": {
                    "name": [],
                    "ISSN": [],
                    "E_ISSN": [],
                    "IF": [],
                    "h_index": [],
                    "self_citing": [],
                    "ccf": [],
                    "sci": [],
                    "website": [],
                    "submit": [],
                    "OA": [],
                    "category": [],
                    "speed": [],
                    "rate": []
                }
            },
            "Author": {
                "semi": {
                    "name": [
                        "平键"
                    ],
                    "field": [
                        "肝硬化"
                    ],
                    "affiliation": [],
                    "position": [
                        "Assistant Professor"
                    ],
                    "citations": [],
                    "h_index": [],
                    "pubs": [],
                    "institution": [
                        "上海中医药大学附属曙光医院"
                    ]
                }
            },
            "Institution": {
                "semi": {
                    "name": [],
                    "address": [],
                    "website": []
                }
            },
            "description": [
                "Given field,institution,position; Recommend Author",
                "When system confirms, give positive answer",
                "Update field; Recommend Author",
                "Update institution; Recommend Author",
                "When choice=0 and system confirms, give positive answer then update a constraint to continue searching",
                "Given institution,position; Recommend Author",
                "When system confirms, give positive answer",
                "Given field; Recommend Author",
                "Add institution; Recommend Author",
                "Confirm detail of position"
            ]
        },
        "log": [
            {
                "text": "你好，给我推荐一些你知道的做遗传学方向的哈尔滨工业大学教授、博导",
                "metadata": {},
                "dialog_act": {
                    "Author-Inform": [
                        [
                            "field",
                            "遗传学"
                        ],
                        [
                            "institution",
                            "哈尔滨工业大学"
                        ],
                        [
                            "position",
                            "教授、博导"
                        ]
                    ]
                },
                "span_info": [
                    [
                        "Author-Inform",
                        "field",
                        "遗传学",
                        14,
                        16
                    ],
                    [
                        "Author-Inform",
                        "institution",
                        "哈尔滨工业大学",
                        20,
                        26
                    ],
                    [
                        "Author-Inform",
                        "position",
                        "教授、博导",
                        27,
                        31
                    ]
                ]
            },
            {
                "text": "你确定找的是哈尔滨工业大学做遗传学领域的教授、博导嘛",
                "metadata": {
                    "Conference": {
                        "semi": {
                            "acronym": [],
                            "year": [],
                            "fullName": [],
                            "paperDue": [],
                            "noticeDue": [],
                            "heldDate": [],
                            "abstractDue": [],
                            "finalDue": [],
                            "location": [],
                            "category": [],
                            "ccf": [],
                            "website": [],
                            "bestPaper": [],
                            "confRelated": [],
                            "journalRelated": []
                        }
                    },
                    "Paper": {
                        "semi": {
                            "doi": [],
                            "title": [],
                            "author": [],
                            "venue": [],
                            "year": [],
                            "institution": [],
                            "abstract": [],
                            "pdf": [],
                            "blog": []
                        },
                        "download": {
                            "path": []
                        }
                    },
                    "Journal": {
                        "semi": {
                            "name": [],
                            "ISSN": [],
                            "E_ISSN": [],
                            "IF": [],
                            "h_index": [],
                            "self_citing": [],
                            "ccf": [],
                            "sci": [],
                            "website": [],
                            "submit": [],
                            "OA": [],
                            "category": [],
                            "speed": [],
                            "rate": []
                        }
                    },
                    "Author": {
                        "semi": {
                            "name": [],
                            "field": [
                                "遗传学"
                            ],
                            "affiliation": [],
                            "position": [
                                "教授、博导"
                            ],
                            "citations": [],
                            "h_index": [],
                            "pubs": [],
                            "institution": [
                                "哈尔滨工业大学"
                            ]
                        }
                    },
                    "Institution": {
                        "semi": {
                            "name": [],
                            "address": [],
                            "website": []
                        }
                    }
                },
                "dialog_act": {
                    "Author-Confirm": [
                        [
                            "field",
                            "遗传学"
                        ],
                        [
                            "institution",
                            "哈尔滨工业大学"
                        ],
                        [
                            "position",
                            "教授、博导"
                        ]
                    ]
                },
                "span_info": [
                    [
                        "Author-Confirm",
                        "field",
                        "遗传学",
                        14,
                        16
                    ],
                    [
                        "Author-Confirm",
                        "institution",
                        "哈尔滨工业大学",
                        6,
                        12
                    ],
                    [
                        "Author-Confirm",
                        "position",
                        "教授、博导",
                        20,
                        24
                    ]
                ]
            },
            {
                "text": "你理解的没错",
                "metadata": {},
                "dialog_act": {
                    "General-Positive": [
                        [
                            null,
                            null
                        ]
                    ]
                },
                "span_info": []
            },
            {
                "text": "找到0个相关的会议唉，你要不问一下碳纳米管领域的学者",
                "metadata": {
                    "Conference": {
                        "semi": {
                            "acronym": [],
                            "year": [],
                            "fullName": [],
                            "paperDue": [],
                            "noticeDue": [],
                            "heldDate": [],
                            "abstractDue": [],
                            "finalDue": [],
                            "location": [],
                            "category": [],
                            "ccf": [],
                            "website": [],
                            "bestPaper": [],
                            "confRelated": [],
                            "journalRelated": []
                        }
                    },
                    "Paper": {
                        "semi": {
                            "doi": [],
                            "title": [],
                            "author": [],
                            "venue": [],
                            "year": [],
                            "institution": [],
                            "abstract": [],
                            "pdf": [],
                            "blog": []
                        },
                        "download": {
                            "path": []
                        }
                    },
                    "Journal": {
                        "semi": {
                            "name": [],
                            "ISSN": [],
                            "E_ISSN": [],
                            "IF": [],
                            "h_index": [],
                            "self_citing": [],
                            "ccf": [],
                            "sci": [],
                            "website": [],
                            "submit": [],
                            "OA": [],
                            "category": [],
                            "speed": [],
                            "rate": []
                        }
                    },
                    "Author": {
                        "semi": {
                            "name": [],
                            "field": [
                                "遗传学"
                            ],
                            "affiliation": [],
                            "position": [
                                "教授、博导"
                            ],
                            "citations": [],
                            "h_index": [],
                            "pubs": [],
                            "institution": [
                                "哈尔滨工业大学"
                            ]
                        }
                    },
                    "Institution": {
                        "semi": {
                            "name": [],
                            "address": [],
                            "website": []
                        }
                    }
                },
                "dialog_act": {
                    "Author-Recommend": [
                        [
                            "Choice",
                            "0"
                        ],
                        [
                            "field",
                            "碳纳米管"
                        ]
                    ]
                },
                "span_info": [
                    [
                        "Author-Recommend",
                        "field",
                        "碳纳米管",
                        17,
                        20
                    ]
                ]
            },
            {
                "text": "在碳纳米管方向是怎么样的呢",
                "metadata": {},
                "dialog_act": {
                    "Author-Inform": [
                        [
                            "field",
                            "碳纳米管"
                        ]
                    ]
                },
                "span_info": [
                    [
                        "Author-Update",
                        "field",
                        "碳纳米管",
                        1,
                        4
                    ]
                ]
            },
            {
                "text": "没有符合条件的作者",
                "metadata": {
                    "Conference": {
                        "semi": {
                            "acronym": [],
                            "year": [],
                            "fullName": [],
                            "paperDue": [],
                            "noticeDue": [],
                            "heldDate": [],
                            "abstractDue": [],
                            "finalDue": [],
                            "location": [],
                            "category": [],
                            "ccf": [],
                            "website": [],
                            "bestPaper": [],
                            "confRelated": [],
                            "journalRelated": []
                        }
                    },
                    "Paper": {
                        "semi": {
                            "doi": [],
                            "title": [],
                            "author": [],
                            "venue": [],
                            "year": [],
                            "institution": [],
                            "abstract": [],
                            "pdf": [],
                            "blog": []
                        },
                        "download": {
                            "path": []
                        }
                    },
                    "Journal": {
                        "semi": {
                            "name": [],
                            "ISSN": [],
                            "E_ISSN": [],
                            "IF": [],
                            "h_index": [],
                            "self_citing": [],
                            "ccf": [],
                            "sci": [],
                            "website": [],
                            "submit": [],
                            "OA": [],
                            "category": [],
                            "speed": [],
                            "rate": []
                        }
                    },
                    "Author": {
                        "semi": {
                            "name": [],
                            "field": [
                                "碳纳米管"
                            ],
                            "affiliation": [],
                            "position": [
                                "教授、博导"
                            ],
                            "citations": [],
                            "h_index": [],
                            "pubs": [],
                            "institution": [
                                "哈尔滨工业大学"
                            ]
                        }
                    },
                    "Institution": {
                        "semi": {
                            "name": [],
                            "address": [],
                            "website": []
                        }
                    }
                },
                "dialog_act": {
                    "Author-Recommend": [
                        [
                            "Choice",
                            "0"
                        ]
                    ]
                },
                "span_info": []
            },
            {
                "text": "请告诉我有中国科学院半导体研究所的吗",
                "metadata": {},
                "dialog_act": {
                    "Author-Inform": [
                        [
                            "institution",
                            "中国科学院半导体研究所"
                        ]
                    ]
                },
                "span_info": [
                    [
                        "Author-Update",
                        "institution",
                        "中国科学院半导体研究所",
                        5,
                        15
                    ]
                ]
            },
            {
                "text": "没找到相应的会议，你确定找的是中国科学院半导体研究所的学者嘛",
                "metadata": {
                    "Conference": {
                        "semi": {
                            "acronym": [],
                            "year": [],
                            "fullName": [],
                            "paperDue": [],
                            "noticeDue": [],
                            "heldDate": [],
                            "abstractDue": [],
                            "finalDue": [],
                            "location": [],
                            "category": [],
                            "ccf": [],
                            "website": [],
                            "bestPaper": [],
                            "confRelated": [],
                            "journalRelated": []
                        }
                    },
                    "Paper": {
                        "semi": {
                            "doi": [],
                            "title": [],
                            "author": [],
                            "venue": [],
                            "year": [],
                            "institution": [],
                            "abstract": [],
                            "pdf": [],
                            "blog": []
                        },
                        "download": {
                            "path": []
                        }
                    },
                    "Journal": {
                        "semi": {
                            "name": [],
                            "ISSN": [],
                            "E_ISSN": [],
                            "IF": [],
                            "h_index": [],
                            "self_citing": [],
                            "ccf": [],
                            "sci": [],
                            "website": [],
                            "submit": [],
                            "OA": [],
                            "category": [],
                            "speed": [],
                            "rate": []
                        }
                    },
                    "Author": {
                        "semi": {
                            "name": [],
                            "field": [
                                "碳纳米管"
                            ],
                            "affiliation": [],
                            "position": [
                                "教授、博导"
                            ],
                            "citations": [],
                            "h_index": [],
                            "pubs": [],
                            "institution": [
                                "中国科学院半导体研究所"
                            ]
                        }
                    },
                    "Institution": {
                        "semi": {
                            "name": [],
                            "address": [],
                            "website": []
                        }
                    }
                },
                "dialog_act": {
                    "Author-Recommend": [
                        [
                            "Choice",
                            "0"
                        ]
                    ],
                    "Author-Confirm": [
                        [
                            "institution",
                            "中国科学院半导体研究所"
                        ]
                    ]
                },
                "span_info": [
                    [
                        "Author-Confirm",
                        "institution",
                        "中国科学院半导体研究所",
                        15,
                        25
                    ]
                ]
            },
            {
                "text": "嗯嗯，请问有四川大学华西法医学院的吗",
                "metadata": {},
                "dialog_act": {
                    "Author-Inform": [
                        [
                            "institution",
                            "四川大学华西法医学院"
                        ]
                    ],
                    "General-Positive": [
                        [
                            null,
                            null
                        ]
                    ]
                },
                "span_info": [
                    [
                        "Author-Update",
                        "institution",
                        "四川大学华西法医学院",
                        6,
                        15
                    ]
                ]
            },
            {
                "text": "抱歉没有找到符合条件的作者唉",
                "metadata": {
                    "Conference": {
                        "semi": {
                            "acronym": [],
                            "year": [],
                            "fullName": [],
                            "paperDue": [],
                            "noticeDue": [],
                            "heldDate": [],
                            "abstractDue": [],
                            "finalDue": [],
                            "location": [],
                            "category": [],
                            "ccf": [],
                            "website": [],
                            "bestPaper": [],
                            "confRelated": [],
                            "journalRelated": []
                        }
                    },
                    "Paper": {
                        "semi": {
                            "doi": [],
                            "title": [],
                            "author": [],
                            "venue": [],
                            "year": [],
                            "institution": [],
                            "abstract": [],
                            "pdf": [],
                            "blog": []
                        },
                        "download": {
                            "path": []
                        }
                    },
                    "Journal": {
                        "semi": {
                            "name": [],
                            "ISSN": [],
                            "E_ISSN": [],
                            "IF": [],
                            "h_index": [],
                            "self_citing": [],
                            "ccf": [],
                            "sci": [],
                            "website": [],
                            "submit": [],
                            "OA": [],
                            "category": [],
                            "speed": [],
                            "rate": []
                        }
                    },
                    "Author": {
                        "semi": {
                            "name": [],
                            "field": [
                                "碳纳米管"
                            ],
                            "affiliation": [],
                            "position": [
                                "教授、博导"
                            ],
                            "citations": [],
                            "h_index": [],
                            "pubs": [],
                            "institution": [
                                "四川大学华西法医学院"
                            ]
                        }
                    },
                    "Institution": {
                        "semi": {
                            "name": [],
                            "address": [],
                            "website": []
                        }
                    }
                },
                "dialog_act": {
                    "Author-Recommend": [
                        [
                            "Choice",
                            "0"
                        ]
                    ]
                },
                "span_info": []
            },
            {
                "text": "你好，给我推荐一些你知道的中国北京出入境检验检疫局的荣誉教授",
                "metadata": {},
                "dialog_act": {
                    "Author-Inform": [
                        [
                            "institution",
                            "中国北京出入境检验检疫局"
                        ],
                        [
                            "position",
                            "荣誉教授"
                        ]
                    ]
                },
                "span_info": [
                    [
                        "Author-Inform",
                        "institution",
                        "中国北京出入境检验检疫局",
                        13,
                        24
                    ],
                    [
                        "Author-Inform",
                        "position",
                        "荣誉教授",
                        26,
                        29
                    ]
                ]
            },
            {
                "text": "你确定找的是中国北京出入境检验检疫局的荣誉教授嘛",
                "metadata": {
                    "Conference": {
                        "semi": {
                            "acronym": [],
                            "year": [],
                            "fullName": [],
                            "paperDue": [],
                            "noticeDue": [],
                            "heldDate": [],
                            "abstractDue": [],
                            "finalDue": [],
                            "location": [],
                            "category": [],
                            "ccf": [],
                            "website": [],
                            "bestPaper": [],
                            "confRelated": [],
                            "journalRelated": []
                        }
                    },
                    "Paper": {
                        "semi": {
                            "doi": [],
                            "title": [],
                            "author": [],
                            "venue": [],
                            "year": [],
                            "institution": [],
                            "abstract": [],
                            "pdf": [],
                            "blog": []
                        },
                        "download": {
                            "path": []
                        }
                    },
                    "Journal": {
                        "semi": {
                            "name": [],
                            "ISSN": [],
                            "E_ISSN": [],
                            "IF": [],
                            "h_index": [],
                            "self_citing": [],
                            "ccf": [],
                            "sci": [],
                            "website": [],
                            "submit": [],
                            "OA": [],
                            "category": [],
                            "speed": [],
                            "rate": []
                        }
                    },
                    "Author": {
                        "semi": {
                            "name": [],
                            "field": [],
                            "affiliation": [],
                            "position": [
                                "荣誉教授"
                            ],
                            "citations": [],
                            "h_index": [],
                            "pubs": [],
                            "institution": [
                                "中国北京出入境检验检疫局"
                            ]
                        }
                    },
                    "Institution": {
                        "semi": {
                            "name": [],
                            "address": [],
                            "website": []
                        }
                    }
                },
                "dialog_act": {
                    "Author-Confirm": [
                        [
                            "institution",
                            "中国北京出入境检验检疫局"
                        ],
                        [
                            "position",
                            "荣誉教授"
                        ]
                    ]
                },
                "span_info": [
                    [
                        "Author-Confirm",
                        "institution",
                        "中国北京出入境检验检疫局",
                        6,
                        17
                    ],
                    [
                        "Author-Confirm",
                        "position",
                        "荣誉教授",
                        19,
                        22
                    ]
                ]
            },
            {
                "text": "对的",
                "metadata": {},
                "dialog_act": {
                    "General-Positive": [
                        [
                            null,
                            null
                        ]
                    ]
                },
                "span_info": []
            },
            {
                "text": "没有相关的作者",
                "metadata": {
                    "Conference": {
                        "semi": {
                            "acronym": [],
                            "year": [],
                            "fullName": [],
                            "paperDue": [],
                            "noticeDue": [],
                            "heldDate": [],
                            "abstractDue": [],
                            "finalDue": [],
                            "location": [],
                            "category": [],
                            "ccf": [],
                            "website": [],
                            "bestPaper": [],
                            "confRelated": [],
                            "journalRelated": []
                        }
                    },
                    "Paper": {
                        "semi": {
                            "doi": [],
                            "title": [],
                            "author": [],
                            "venue": [],
                            "year": [],
                            "institution": [],
                            "abstract": [],
                            "pdf": [],
                            "blog": []
                        },
                        "download": {
                            "path": []
                        }
                    },
                    "Journal": {
                        "semi": {
                            "name": [],
                            "ISSN": [],
                            "E_ISSN": [],
                            "IF": [],
                            "h_index": [],
                            "self_citing": [],
                            "ccf": [],
                            "sci": [],
                            "website": [],
                            "submit": [],
                            "OA": [],
                            "category": [],
                            "speed": [],
                            "rate": []
                        }
                    },
                    "Author": {
                        "semi": {
                            "name": [],
                            "field": [],
                            "affiliation": [],
                            "position": [
                                "荣誉教授"
                            ],
                            "citations": [],
                            "h_index": [],
                            "pubs": [],
                            "institution": [
                                "中国北京出入境检验检疫局"
                            ]
                        }
                    },
                    "Institution": {
                        "semi": {
                            "name": [],
                            "address": [],
                            "website": []
                        }
                    }
                },
                "dialog_act": {
                    "Author-Recommend": [
                        [
                            "Choice",
                            "0"
                        ]
                    ]
                },
                "span_info": []
            },
            {
                "text": "推荐一些做肝硬化的学者呗",
                "metadata": {},
                "dialog_act": {
                    "Author-Inform": [
                        [
                            "field",
                            "肝硬化"
                        ]
                    ]
                },
                "span_info": [
                    [
                        "Author-Inform",
                        "field",
                        "肝硬化",
                        5,
                        7
                    ]
                ]
            },
            {
                "text": "共找到50个符合条件的作者，您还有什么其他的要求嘛",
                "metadata": {
                    "Conference": {
                        "semi": {
                            "acronym": [],
                            "year": [],
                            "fullName": [],
                            "paperDue": [],
                            "noticeDue": [],
                            "heldDate": [],
                            "abstractDue": [],
                            "finalDue": [],
                            "location": [],
                            "category": [],
                            "ccf": [],
                            "website": [],
                            "bestPaper": [],
                            "confRelated": [],
                            "journalRelated": []
                        }
                    },
                    "Paper": {
                        "semi": {
                            "doi": [],
                            "title": [],
                            "author": [],
                            "venue": [],
                            "year": [],
                            "institution": [],
                            "abstract": [],
                            "pdf": [],
                            "blog": []
                        },
                        "download": {
                            "path": []
                        }
                    },
                    "Journal": {
                        "semi": {
                            "name": [],
                            "ISSN": [],
                            "E_ISSN": [],
                            "IF": [],
                            "h_index": [],
                            "self_citing": [],
                            "ccf": [],
                            "sci": [],
                            "website": [],
                            "submit": [],
                            "OA": [],
                            "category": [],
                            "speed": [],
                            "rate": []
                        }
                    },
                    "Author": {
                        "semi": {
                            "name": [],
                            "field": [
                                "肝硬化"
                            ],
                            "affiliation": [],
                            "position": [],
                            "citations": [],
                            "h_index": [],
                            "pubs": []
                        }
                    },
                    "Institution": {
                        "semi": {
                            "name": [],
                            "address": [],
                            "website": []
                        }
                    }
                },
                "dialog_act": {
                    "Author-Recommend": [
                        [
                            "Choice",
                            "11"
                        ]
                    ],
                    "Author-Reqmore": [
                        [
                            "?",
                            "?"
                        ]
                    ]
                },
                "span_info": []
            },
            {
                "text": "上海中医药大学附属曙光医院的呢",
                "metadata": {},
                "dialog_act": {
                    "Author-Inform": [
                        [
                            "institution",
                            "上海中医药大学附属曙光医院"
                        ]
                    ]
                },
                "span_info": [
                    [
                        "Author-Add",
                        "institution",
                        "上海中医药大学附属曙光医院",
                        0,
                        12
                    ]
                ]
            },
            {
                "text": "满足条件的作者共有2个，它们是平键和刘成海",
                "metadata": {
                    "Conference": {
                        "semi": {
                            "acronym": [],
                            "year": [],
                            "fullName": [],
                            "paperDue": [],
                            "noticeDue": [],
                            "heldDate": [],
                            "abstractDue": [],
                            "finalDue": [],
                            "location": [],
                            "category": [],
                            "ccf": [],
                            "website": [],
                            "bestPaper": [],
                            "confRelated": [],
                            "journalRelated": []
                        }
                    },
                    "Paper": {
                        "semi": {
                            "doi": [],
                            "title": [],
                            "author": [],
                            "venue": [],
                            "year": [],
                            "institution": [],
                            "abstract": [],
                            "pdf": [],
                            "blog": []
                        },
                        "download": {
                            "path": []
                        }
                    },
                    "Journal": {
                        "semi": {
                            "name": [],
                            "ISSN": [],
                            "E_ISSN": [],
                            "IF": [],
                            "h_index": [],
                            "self_citing": [],
                            "ccf": [],
                            "sci": [],
                            "website": [],
                            "submit": [],
                            "OA": [],
                            "category": [],
                            "speed": [],
                            "rate": []
                        }
                    },
                    "Author": {
                        "semi": {
                            "name": [],
                            "field": [
                                "肝硬化"
                            ],
                            "affiliation": [],
                            "position": [],
                            "citations": [],
                            "h_index": [],
                            "pubs": [],
                            "institution": [
                                "上海中医药大学附属曙光医院"
                            ]
                        }
                    },
                    "Institution": {
                        "semi": {
                            "name": [],
                            "address": [],
                            "website": []
                        }
                    }
                },
                "dialog_act": {
                    "Author-Recommend": [
                        [
                            "Choice",
                            "2"
                        ],
                        [
                            "name",
                            "平键"
                        ],
                        [
                            "name",
                            "刘成海"
                        ]
                    ]
                },
                "span_info": [
                    [
                        "Author-Recommend",
                        "name",
                        "平键",
                        15,
                        16
                    ],
                    [
                        "Author-Recommend",
                        "name",
                        "刘成海",
                        18,
                        20
                    ]
                ]
            },
            {
                "text": "平键现在是Assistant Professor对吧",
                "metadata": {},
                "dialog_act": {
                    "Author-Inform": [
                        [
                            "name",
                            "平键"
                        ]
                    ],
                    "Author-Confirm": [
                        [
                            "position",
                            "Assistant Professor"
                        ]
                    ]
                },
                "span_info": [
                    [
                        "Author-Inform",
                        "name",
                        "平键",
                        0,
                        1
                    ],
                    [
                        "Author-Confirm",
                        "position",
                        "Assistant Professor",
                        5,
                        23
                    ]
                ]
            },
            {
                "text": "你说的没错",
                "metadata": {
                    "Conference": {
                        "semi": {
                            "acronym": [],
                            "year": [],
                            "fullName": [],
                            "paperDue": [],
                            "noticeDue": [],
                            "heldDate": [],
                            "abstractDue": [],
                            "finalDue": [],
                            "location": [],
                            "category": [],
                            "ccf": [],
                            "website": [],
                            "bestPaper": [],
                            "confRelated": [],
                            "journalRelated": []
                        }
                    },
                    "Paper": {
                        "semi": {
                            "doi": [],
                            "title": [],
                            "author": [],
                            "venue": [],
                            "year": [],
                            "institution": [],
                            "abstract": [],
                            "pdf": [],
                            "blog": []
                        },
                        "download": {
                            "path": []
                        }
                    },
                    "Journal": {
                        "semi": {
                            "name": [],
                            "ISSN": [],
                            "E_ISSN": [],
                            "IF": [],
                            "h_index": [],
                            "self_citing": [],
                            "ccf": [],
                            "sci": [],
                            "website": [],
                            "submit": [],
                            "OA": [],
                            "category": [],
                            "speed": [],
                            "rate": []
                        }
                    },
                    "Author": {
                        "semi": {
                            "name": [
                                "平键"
                            ],
                            "field": [
                                "肝硬化"
                            ],
                            "affiliation": [],
                            "position": [
                                "Assistant Professor"
                            ],
                            "citations": [],
                            "h_index": [],
                            "pubs": [],
                            "institution": [
                                "上海中医药大学附属曙光医院"
                            ]
                        }
                    },
                    "Institution": {
                        "semi": {
                            "name": [],
                            "address": [],
                            "website": []
                        }
                    }
                },
                "dialog_act": {
                    "General-Positive": [
                        [
                            null,
                            null
                        ]
                    ]
                },
                "span_info": []
            }
        ]
    }
}