{
    "SFTF_038399": {
        "goal": {
            "Conference": {
                "semi": {
                    "acronym": [],
                    "year": [],
                    "fullName": [],
                    "paperDue": [],
                    "noticeDue": [],
                    "heldDate": [],
                    "abstractDue": [],
                    "finalDue": [],
                    "location": [],
                    "category": [],
                    "ccf": [],
                    "website": [],
                    "bestPaper": [],
                    "confRelated": [],
                    "journalRelated": []
                }
            },
            "Paper": {
                "semi": {
                    "doi": [],
                    "title": [],
                    "author": [],
                    "venue": [],
                    "year": [],
                    "institution": [],
                    "abstract": [],
                    "pdf": [],
                    "blog": []
                },
                "download": {
                    "path": []
                }
            },
            "Journal": {
                "semi": {
                    "name": [],
                    "ISSN": [],
                    "E_ISSN": [],
                    "IF": [],
                    "h_index": [],
                    "self_citing": [],
                    "ccf": [],
                    "sci": [],
                    "website": [],
                    "submit": [],
                    "OA": [],
                    "category": [],
                    "speed": [],
                    "rate": []
                }
            },
            "Author": {
                "semi": {
                    "name": [
                        "严慎强"
                    ],
                    "field": [
                        "协作筛选"
                    ],
                    "affiliation": [],
                    "position": [
                        "主治医师"
                    ],
                    "citations": [],
                    "h_index": [],
                    "pubs": [],
                    "institution": [
                        "华东理工大学功能材料化学上海重点实验室"
                    ]
                }
            },
            "Institution": {
                "semi": {
                    "name": [],
                    "address": [],
                    "website": []
                }
            },
            "description": [
                "Given field,institution; Recommend Author",
                "Update institution; Recommend Author",
                "Add position; Recommend Author",
                "Update position; Recommend Author",
                "Update field; Recommend Author",
                "When choice=0 and system confirms, give positive answer then update a constraint to continue searching",
                "Update institution; Recommend Author",
                "Given field; Recommend Author",
                "Add institution; Recommend Author",
                "When system confirms, find error then claim statement again",
                "Request detail of h_index",
                "Confirm detail of field",
                "Request detail of pubs"
            ]
        },
        "log": [
            {
                "text": "上海中医药大学附属曙光医院有哪些做微观结构的老师呢",
                "metadata": {},
                "dialog_act": {
                    "Author-Inform": [
                        [
                            "field",
                            "微观结构"
                        ],
                        [
                            "institution",
                            "上海中医药大学附属曙光医院"
                        ]
                    ]
                },
                "span_info": [
                    [
                        "Author-Inform",
                        "field",
                        "微观结构",
                        17,
                        20
                    ],
                    [
                        "Author-Inform",
                        "institution",
                        "上海中医药大学附属曙光医院",
                        0,
                        12
                    ]
                ]
            },
            {
                "text": "找到0个相关的作者唉",
                "metadata": {
                    "Conference": {
                        "semi": {
                            "acronym": [],
                            "year": [],
                            "fullName": [],
                            "paperDue": [],
                            "noticeDue": [],
                            "heldDate": [],
                            "abstractDue": [],
                            "finalDue": [],
                            "location": [],
                            "category": [],
                            "ccf": [],
                            "website": [],
                            "bestPaper": [],
                            "confRelated": [],
                            "journalRelated": []
                        }
                    },
                    "Paper": {
                        "semi": {
                            "doi": [],
                            "title": [],
                            "author": [],
                            "venue": [],
                            "year": [],
                            "institution": [],
                            "abstract": [],
                            "pdf": [],
                            "blog": []
                        },
                        "download": {
                            "path": []
                        }
                    },
                    "Journal": {
                        "semi": {
                            "name": [],
                            "ISSN": [],
                            "E_ISSN": [],
                            "IF": [],
                            "h_index": [],
                            "self_citing": [],
                            "ccf": [],
                            "sci": [],
                            "website": [],
                            "submit": [],
                            "OA": [],
                            "category": [],
                            "speed": [],
                            "rate": []
                        }
                    },
                    "Author": {
                        "semi": {
                            "name": [],
                            "field": [
                                "微观结构"
                            ],
                            "affiliation": [],
                            "position": [],
                            "citations": [],
                            "h_index": [],
                            "pubs": [],
                            "institution": [
                                "上海中医药大学附属曙光医院"
                            ]
                        }
                    },
                    "Institution": {
                        "semi": {
                            "name": [],
                            "address": [],
                            "website": []
                        }
                    }
                },
                "dialog_act": {
                    "Author-Recommend": [
                        [
                            "Choice",
                            "0"
                        ]
                    ]
                },
                "span_info": []
            },
            {
                "text": "那清华大学材料科学与工程学院的有吗",
                "metadata": {},
                "dialog_act": {
                    "Author-Inform": [
                        [
                            "institution",
                            "清华大学材料科学与工程学院"
                        ]
                    ]
                },
                "span_info": [
                    [
                        "Author-Update",
                        "institution",
                        "清华大学材料科学与工程学院",
                        1,
                        13
                    ]
                ]
            },
            {
                "text": "只有2个满足条件的作者，您还有什么其他的要求嘛",
                "metadata": {
                    "Conference": {
                        "semi": {
                            "acronym": [],
                            "year": [],
                            "fullName": [],
                            "paperDue": [],
                            "noticeDue": [],
                            "heldDate": [],
                            "abstractDue": [],
                            "finalDue": [],
                            "location": [],
                            "category": [],
                            "ccf": [],
                            "website": [],
                            "bestPaper": [],
                            "confRelated": [],
                            "journalRelated": []
                        }
                    },
                    "Paper": {
                        "semi": {
                            "doi": [],
                            "title": [],
                            "author": [],
                            "venue": [],
                            "year": [],
                            "institution": [],
                            "abstract": [],
                            "pdf": [],
                            "blog": []
                        },
                        "download": {
                            "path": []
                        }
                    },
                    "Journal": {
                        "semi": {
                            "name": [],
                            "ISSN": [],
                            "E_ISSN": [],
                            "IF": [],
                            "h_index": [],
                            "self_citing": [],
                            "ccf": [],
                            "sci": [],
                            "website": [],
                            "submit": [],
                            "OA": [],
                            "category": [],
                            "speed": [],
                            "rate": []
                        }
                    },
                    "Author": {
                        "semi": {
                            "name": [],
                            "field": [
                                "微观结构"
                            ],
                            "affiliation": [],
                            "position": [],
                            "citations": [],
                            "h_index": [],
                            "pubs": [],
                            "institution": [
                                "清华大学材料科学与工程学院"
                            ]
                        }
                    },
                    "Institution": {
                        "semi": {
                            "name": [],
                            "address": [],
                            "website": []
                        }
                    }
                },
                "dialog_act": {
                    "Author-Recommend": [
                        [
                            "Choice",
                            "2"
                        ]
                    ],
                    "Author-Reqmore": [
                        [
                            "?",
                            "?"
                        ]
                    ]
                },
                "span_info": []
            },
            {
                "text": "那是主任的人呢",
                "metadata": {},
                "dialog_act": {
                    "Author-Inform": [
                        [
                            "position",
                            "主任"
                        ]
                    ]
                },
                "span_info": [
                    [
                        "Author-Add",
                        "position",
                        "主任",
                        2,
                        3
                    ]
                ]
            },
            {
                "text": "抱歉没有找到符合条件的会议唉，你要不问一下主治医师职称的学者",
                "metadata": {
                    "Conference": {
                        "semi": {
                            "acronym": [],
                            "year": [],
                            "fullName": [],
                            "paperDue": [],
                            "noticeDue": [],
                            "heldDate": [],
                            "abstractDue": [],
                            "finalDue": [],
                            "location": [],
                            "category": [],
                            "ccf": [],
                            "website": [],
                            "bestPaper": [],
                            "confRelated": [],
                            "journalRelated": []
                        }
                    },
                    "Paper": {
                        "semi": {
                            "doi": [],
                            "title": [],
                            "author": [],
                            "venue": [],
                            "year": [],
                            "institution": [],
                            "abstract": [],
                            "pdf": [],
                            "blog": []
                        },
                        "download": {
                            "path": []
                        }
                    },
                    "Journal": {
                        "semi": {
                            "name": [],
                            "ISSN": [],
                            "E_ISSN": [],
                            "IF": [],
                            "h_index": [],
                            "self_citing": [],
                            "ccf": [],
                            "sci": [],
                            "website": [],
                            "submit": [],
                            "OA": [],
                            "category": [],
                            "speed": [],
                            "rate": []
                        }
                    },
                    "Author": {
                        "semi": {
                            "name": [],
                            "field": [
                                "微观结构"
                            ],
                            "affiliation": [],
                            "position": [
                                "主任"
                            ],
                            "citations": [],
                            "h_index": [],
                            "pubs": [],
                            "institution": [
                                "清华大学材料科学与工程学院"
                            ]
                        }
                    },
                    "Institution": {
                        "semi": {
                            "name": [],
                            "address": [],
                            "website": []
                        }
                    }
                },
                "dialog_act": {
                    "Author-Recommend": [
                        [
                            "Choice",
                            "0"
                        ],
                        [
                            "position",
                            "主治医师"
                        ]
                    ]
                },
                "span_info": [
                    [
                        "Author-Recommend",
                        "position",
                        "主治医师",
                        21,
                        24
                    ]
                ]
            },
            {
                "text": "其中作为主治医师的人有哪些呢",
                "metadata": {},
                "dialog_act": {
                    "Author-Inform": [
                        [
                            "position",
                            "主治医师"
                        ]
                    ]
                },
                "span_info": [
                    [
                        "Author-Update",
                        "position",
                        "主治医师",
                        4,
                        7
                    ]
                ]
            },
            {
                "text": "找到0个相关的作者唉",
                "metadata": {
                    "Conference": {
                        "semi": {
                            "acronym": [],
                            "year": [],
                            "fullName": [],
                            "paperDue": [],
                            "noticeDue": [],
                            "heldDate": [],
                            "abstractDue": [],
                            "finalDue": [],
                            "location": [],
                            "category": [],
                            "ccf": [],
                            "website": [],
                            "bestPaper": [],
                            "confRelated": [],
                            "journalRelated": []
                        }
                    },
                    "Paper": {
                        "semi": {
                            "doi": [],
                            "title": [],
                            "author": [],
                            "venue": [],
                            "year": [],
                            "institution": [],
                            "abstract": [],
                            "pdf": [],
                            "blog": []
                        },
                        "download": {
                            "path": []
                        }
                    },
                    "Journal": {
                        "semi": {
                            "name": [],
                            "ISSN": [],
                            "E_ISSN": [],
                            "IF": [],
                            "h_index": [],
                            "self_citing": [],
                            "ccf": [],
                            "sci": [],
                            "website": [],
                            "submit": [],
                            "OA": [],
                            "category": [],
                            "speed": [],
                            "rate": []
                        }
                    },
                    "Author": {
                        "semi": {
                            "name": [],
                            "field": [
                                "微观结构"
                            ],
                            "affiliation": [],
                            "position": [
                                "主治医师"
                            ],
                            "citations": [],
                            "h_index": [],
                            "pubs": [],
                            "institution": [
                                "清华大学材料科学与工程学院"
                            ]
                        }
                    },
                    "Institution": {
                        "semi": {
                            "name": [],
                            "address": [],
                            "website": []
                        }
                    }
                },
                "dialog_act": {
                    "Author-Recommend": [
                        [
                            "Choice",
                            "0"
                        ]
                    ]
                },
                "span_info": []
            },
            {
                "text": "在这之中做支持向量机方向的呢",
                "metadata": {},
                "dialog_act": {
                    "Author-Inform": [
                        [
                            "field",
                            "支持向量机"
                        ]
                    ]
                },
                "span_info": [
                    [
                        "Author-Update",
                        "field",
                        "支持向量机",
                        5,
                        9
                    ]
                ]
            },
            {
                "text": "没找到相应的会议，你确定找的是支持向量机领域的学者嘛",
                "metadata": {
                    "Conference": {
                        "semi": {
                            "acronym": [],
                            "year": [],
                            "fullName": [],
                            "paperDue": [],
                            "noticeDue": [],
                            "heldDate": [],
                            "abstractDue": [],
                            "finalDue": [],
                            "location": [],
                            "category": [],
                            "ccf": [],
                            "website": [],
                            "bestPaper": [],
                            "confRelated": [],
                            "journalRelated": []
                        }
                    },
                    "Paper": {
                        "semi": {
                            "doi": [],
                            "title": [],
                            "author": [],
                            "venue": [],
                            "year": [],
                            "institution": [],
                            "abstract": [],
                            "pdf": [],
                            "blog": []
                        },
                        "download": {
                            "path": []
                        }
                    },
                    "Journal": {
                        "semi": {
                            "name": [],
                            "ISSN": [],
                            "E_ISSN": [],
                            "IF": [],
                            "h_index": [],
                            "self_citing": [],
                            "ccf": [],
                            "sci": [],
                            "website": [],
                            "submit": [],
                            "OA": [],
                            "category": [],
                            "speed": [],
                            "rate": []
                        }
                    },
                    "Author": {
                        "semi": {
                            "name": [],
                            "field": [
                                "支持向量机"
                            ],
                            "affiliation": [],
                            "position": [
                                "主治医师"
                            ],
                            "citations": [],
                            "h_index": [],
                            "pubs": [],
                            "institution": [
                                "清华大学材料科学与工程学院"
                            ]
                        }
                    },
                    "Institution": {
                        "semi": {
                            "name": [],
                            "address": [],
                            "website": []
                        }
                    }
                },
                "dialog_act": {
                    "Author-Recommend": [
                        [
                            "Choice",
                            "0"
                        ]
                    ],
                    "Author-Confirm": [
                        [
                            "field",
                            "支持向量机"
                        ]
                    ]
                },
                "span_info": [
                    [
                        "Author-Confirm",
                        "field",
                        "支持向量机",
                        15,
                        19
                    ]
                ]
            },
            {
                "text": "没有问题，其中做晶体结构方向的呢",
                "metadata": {},
                "dialog_act": {
                    "Author-Inform": [
                        [
                            "field",
                            "晶体结构"
                        ]
                    ],
                    "General-Positive": [
                        [
                            null,
                            null
                        ]
                    ]
                },
                "span_info": [
                    [
                        "Author-Update",
                        "field",
                        "晶体结构",
                        8,
                        11
                    ]
                ]
            },
            {
                "text": "找到0个相关的会议唉，你要不问一下重庆大学材料科学与工程学院的学者",
                "metadata": {
                    "Conference": {
                        "semi": {
                            "acronym": [],
                            "year": [],
                            "fullName": [],
                            "paperDue": [],
                            "noticeDue": [],
                            "heldDate": [],
                            "abstractDue": [],
                            "finalDue": [],
                            "location": [],
                            "category": [],
                            "ccf": [],
                            "website": [],
                            "bestPaper": [],
                            "confRelated": [],
                            "journalRelated": []
                        }
                    },
                    "Paper": {
                        "semi": {
                            "doi": [],
                            "title": [],
                            "author": [],
                            "venue": [],
                            "year": [],
                            "institution": [],
                            "abstract": [],
                            "pdf": [],
                            "blog": []
                        },
                        "download": {
                            "path": []
                        }
                    },
                    "Journal": {
                        "semi": {
                            "name": [],
                            "ISSN": [],
                            "E_ISSN": [],
                            "IF": [],
                            "h_index": [],
                            "self_citing": [],
                            "ccf": [],
                            "sci": [],
                            "website": [],
                            "submit": [],
                            "OA": [],
                            "category": [],
                            "speed": [],
                            "rate": []
                        }
                    },
                    "Author": {
                        "semi": {
                            "name": [],
                            "field": [
                                "晶体结构"
                            ],
                            "affiliation": [],
                            "position": [
                                "主治医师"
                            ],
                            "citations": [],
                            "h_index": [],
                            "pubs": [],
                            "institution": [
                                "清华大学材料科学与工程学院"
                            ]
                        }
                    },
                    "Institution": {
                        "semi": {
                            "name": [],
                            "address": [],
                            "website": []
                        }
                    }
                },
                "dialog_act": {
                    "Author-Recommend": [
                        [
                            "Choice",
                            "0"
                        ],
                        [
                            "institution",
                            "重庆大学材料科学与工程学院"
                        ]
                    ]
                },
                "span_info": [
                    [
                        "Author-Recommend",
                        "institution",
                        "重庆大学材料科学与工程学院",
                        17,
                        29
                    ]
                ]
            },
            {
                "text": "那重庆大学材料科学与工程学院的有吗",
                "metadata": {},
                "dialog_act": {
                    "Author-Inform": [
                        [
                            "institution",
                            "重庆大学材料科学与工程学院"
                        ]
                    ]
                },
                "span_info": [
                    [
                        "Author-Update",
                        "institution",
                        "重庆大学材料科学与工程学院",
                        1,
                        13
                    ]
                ]
            },
            {
                "text": "没找到相应的作者",
                "metadata": {
                    "Conference": {
                        "semi": {
                            "acronym": [],
                            "year": [],
                            "fullName": [],
                            "paperDue": [],
                            "noticeDue": [],
                            "heldDate": [],
                            "abstractDue": [],
                            "finalDue": [],
                            "location": [],
                            "category": [],
                            "ccf": [],
                            "website": [],
                            "bestPaper": [],
                            "confRelated": [],
                            "journalRelated": []
                        }
                    },
                    "Paper": {
                        "semi": {
                            "doi": [],
                            "title": [],
                            "author": [],
                            "venue": [],
                            "year": [],
                            "institution": [],
                            "abstract": [],
                            "pdf": [],
                            "blog": []
                        },
                        "download": {
                            "path": []
                        }
                    },
                    "Journal": {
                        "semi": {
                            "name": [],
                            "ISSN": [],
                            "E_ISSN": [],
                            "IF": [],
                            "h_index": [],
                            "self_citing": [],
                            "ccf": [],
                            "sci": [],
                            "website": [],
                            "submit": [],
                            "OA": [],
                            "category": [],
                            "speed": [],
                            "rate": []
                        }
                    },
                    "Author": {
                        "semi": {
                            "name": [],
                            "field": [
                                "晶体结构"
                            ],
                            "affiliation": [],
                            "position": [
                                "主治医师"
                            ],
                            "citations": [],
                            "h_index": [],
                            "pubs": [],
                            "institution": [
                                "重庆大学材料科学与工程学院"
                            ]
                        }
                    },
                    "Institution": {
                        "semi": {
                            "name": [],
                            "address": [],
                            "website": []
                        }
                    }
                },
                "dialog_act": {
                    "Author-Recommend": [
                        [
                            "Choice",
                            "0"
                        ]
                    ]
                },
                "span_info": []
            },
            {
                "text": "你知道做晶体结构的学者有哪些吗",
                "metadata": {},
                "dialog_act": {
                    "Author-Inform": [
                        [
                            "field",
                            "晶体结构"
                        ]
                    ]
                },
                "span_info": [
                    [
                        "Author-Inform",
                        "field",
                        "晶体结构",
                        4,
                        7
                    ]
                ]
            },
            {
                "text": "满足条件的作者共有50个，您还有什么其他的要求嘛",
                "metadata": {
                    "Conference": {
                        "semi": {
                            "acronym": [],
                            "year": [],
                            "fullName": [],
                            "paperDue": [],
                            "noticeDue": [],
                            "heldDate": [],
                            "abstractDue": [],
                            "finalDue": [],
                            "location": [],
                            "category": [],
                            "ccf": [],
                            "website": [],
                            "bestPaper": [],
                            "confRelated": [],
                            "journalRelated": []
                        }
                    },
                    "Paper": {
                        "semi": {
                            "doi": [],
                            "title": [],
                            "author": [],
                            "venue": [],
                            "year": [],
                            "institution": [],
                            "abstract": [],
                            "pdf": [],
                            "blog": []
                        },
                        "download": {
                            "path": []
                        }
                    },
                    "Journal": {
                        "semi": {
                            "name": [],
                            "ISSN": [],
                            "E_ISSN": [],
                            "IF": [],
                            "h_index": [],
                            "self_citing": [],
                            "ccf": [],
                            "sci": [],
                            "website": [],
                            "submit": [],
                            "OA": [],
                            "category": [],
                            "speed": [],
                            "rate": []
                        }
                    },
                    "Author": {
                        "semi": {
                            "name": [],
                            "field": [
                                "晶体结构"
                            ],
                            "affiliation": [],
                            "position": [],
                            "citations": [],
                            "h_index": [],
                            "pubs": []
                        }
                    },
                    "Institution": {
                        "semi": {
                            "name": [],
                            "address": [],
                            "website": []
                        }
                    }
                },
                "dialog_act": {
                    "Author-Recommend": [
                        [
                            "Choice",
                            "17"
                        ]
                    ],
                    "Author-Reqmore": [
                        [
                            "?",
                            "?"
                        ]
                    ]
                },
                "span_info": []
            },
            {
                "text": "北京理工大学计算机科学与技术学院的呢",
                "metadata": {},
                "dialog_act": {
                    "Author-Inform": [
                        [
                            "institution",
                            "北京理工大学计算机科学与技术学院"
                        ]
                    ]
                },
                "span_info": [
                    [
                        "Author-Add",
                        "institution",
                        "北京理工大学计算机科学与技术学院",
                        0,
                        15
                    ]
                ]
            },
            {
                "text": "你确定找的是华东理工大学功能材料化学上海重点实验室的学者嘛",
                "metadata": {
                    "Conference": {
                        "semi": {
                            "acronym": [],
                            "year": [],
                            "fullName": [],
                            "paperDue": [],
                            "noticeDue": [],
                            "heldDate": [],
                            "abstractDue": [],
                            "finalDue": [],
                            "location": [],
                            "category": [],
                            "ccf": [],
                            "website": [],
                            "bestPaper": [],
                            "confRelated": [],
                            "journalRelated": []
                        }
                    },
                    "Paper": {
                        "semi": {
                            "doi": [],
                            "title": [],
                            "author": [],
                            "venue": [],
                            "year": [],
                            "institution": [],
                            "abstract": [],
                            "pdf": [],
                            "blog": []
                        },
                        "download": {
                            "path": []
                        }
                    },
                    "Journal": {
                        "semi": {
                            "name": [],
                            "ISSN": [],
                            "E_ISSN": [],
                            "IF": [],
                            "h_index": [],
                            "self_citing": [],
                            "ccf": [],
                            "sci": [],
                            "website": [],
                            "submit": [],
                            "OA": [],
                            "category": [],
                            "speed": [],
                            "rate": []
                        }
                    },
                    "Author": {
                        "semi": {
                            "name": [],
                            "field": [
                                "晶体结构"
                            ],
                            "affiliation": [],
                            "position": [],
                            "citations": [],
                            "h_index": [],
                            "pubs": [],
                            "institution": [
                                "北京理工大学计算机科学与技术学院"
                            ]
                        }
                    },
                    "Institution": {
                        "semi": {
                            "name": [],
                            "address": [],
                            "website": []
                        }
                    }
                },
                "dialog_act": {
                    "Author-Confirm": [
                        [
                            "institution",
                            "华东理工大学功能材料化学上海重点实验室"
                        ]
                    ]
                },
                "span_info": [
                    [
                        "Author-Confirm",
                        "institution",
                        "华东理工大学功能材料化学上海重点实验室",
                        6,
                        24
                    ]
                ]
            },
            {
                "text": "不是吧，有不错的主治医师就推荐给我",
                "metadata": {},
                "dialog_act": {
                    "Author-Inform": [
                        [
                            "position",
                            "主治医师"
                        ]
                    ],
                    "General-Negative": [
                        [
                            null,
                            null
                        ]
                    ]
                },
                "span_info": [
                    [
                        "Author-Inform",
                        "position",
                        "主治医师",
                        8,
                        11
                    ]
                ]
            },
            {
                "text": "满足条件的作者共有1个，它就是严慎强",
                "metadata": {
                    "Conference": {
                        "semi": {
                            "acronym": [],
                            "year": [],
                            "fullName": [],
                            "paperDue": [],
                            "noticeDue": [],
                            "heldDate": [],
                            "abstractDue": [],
                            "finalDue": [],
                            "location": [],
                            "category": [],
                            "ccf": [],
                            "website": [],
                            "bestPaper": [],
                            "confRelated": [],
                            "journalRelated": []
                        }
                    },
                    "Paper": {
                        "semi": {
                            "doi": [],
                            "title": [],
                            "author": [],
                            "venue": [],
                            "year": [],
                            "institution": [],
                            "abstract": [],
                            "pdf": [],
                            "blog": []
                        },
                        "download": {
                            "path": []
                        }
                    },
                    "Journal": {
                        "semi": {
                            "name": [],
                            "ISSN": [],
                            "E_ISSN": [],
                            "IF": [],
                            "h_index": [],
                            "self_citing": [],
                            "ccf": [],
                            "sci": [],
                            "website": [],
                            "submit": [],
                            "OA": [],
                            "category": [],
                            "speed": [],
                            "rate": []
                        }
                    },
                    "Author": {
                        "semi": {
                            "name": [],
                            "field": [],
                            "affiliation": [],
                            "position": [
                                "主治医师"
                            ],
                            "citations": [],
                            "h_index": [],
                            "pubs": [],
                            "institution": [
                                "华东理工大学功能材料化学上海重点实验室"
                            ]
                        }
                    },
                    "Institution": {
                        "semi": {
                            "name": [],
                            "address": [],
                            "website": []
                        }
                    }
                },
                "dialog_act": {
                    "Author-Recommend": [
                        [
                            "Choice",
                            "1"
                        ],
                        [
                            "name",
                            "严慎强"
                        ]
                    ]
                },
                "span_info": [
                    [
                        "Author-Recommend",
                        "name",
                        "严慎强",
                        15,
                        17
                    ]
                ]
            },
            {
                "text": "严慎强的h5指数是多少呢",
                "metadata": {},
                "dialog_act": {
                    "Author-Inform": [
                        [
                            "name",
                            "严慎强"
                        ]
                    ],
                    "Author-Request": [
                        [
                            "h_index",
                            "?"
                        ]
                    ]
                },
                "span_info": [
                    [
                        "Author-Inform",
                        "name",
                        "严慎强",
                        0,
                        2
                    ]
                ]
            },
            {
                "text": "目前数据库中没有找到严慎强的h5指数",
                "metadata": {
                    "Conference": {
                        "semi": {
                            "acronym": [],
                            "year": [],
                            "fullName": [],
                            "paperDue": [],
                            "noticeDue": [],
                            "heldDate": [],
                            "abstractDue": [],
                            "finalDue": [],
                            "location": [],
                            "category": [],
                            "ccf": [],
                            "website": [],
                            "bestPaper": [],
                            "confRelated": [],
                            "journalRelated": []
                        }
                    },
                    "Paper": {
                        "semi": {
                            "doi": [],
                            "title": [],
                            "author": [],
                            "venue": [],
                            "year": [],
                            "institution": [],
                            "abstract": [],
                            "pdf": [],
                            "blog": []
                        },
                        "download": {
                            "path": []
                        }
                    },
                    "Journal": {
                        "semi": {
                            "name": [],
                            "ISSN": [],
                            "E_ISSN": [],
                            "IF": [],
                            "h_index": [],
                            "self_citing": [],
                            "ccf": [],
                            "sci": [],
                            "website": [],
                            "submit": [],
                            "OA": [],
                            "category": [],
                            "speed": [],
                            "rate": []
                        }
                    },
                    "Author": {
                        "semi": {
                            "name": [
                                "严慎强"
                            ],
                            "field": [],
                            "affiliation": [],
                            "position": [
                                "主治医师"
                            ],
                            "citations": [],
                            "h_index": [],
                            "pubs": [],
                            "institution": [
                                "华东理工大学功能材料化学上海重点实验室"
                            ]
                        }
                    },
                    "Institution": {
                        "semi": {
                            "name": [],
                            "address": [],
                            "website": []
                        }
                    }
                },
                "dialog_act": {
                    "Author-Inform": [
                        [
                            "name",
                            "严慎强"
                        ]
                    ],
                    "Author-NoInform": [
                        [
                            "h_index",
                            null
                        ]
                    ]
                },
                "span_info": [
                    [
                        "Author-Inform",
                        "name",
                        "严慎强",
                        10,
                        12
                    ]
                ]
            },
            {
                "text": "严慎强的研究工作是关于协作筛选的吗",
                "metadata": {},
                "dialog_act": {
                    "Author-Inform": [
                        [
                            "name",
                            "严慎强"
                        ]
                    ],
                    "Author-Confirm": [
                        [
                            "field",
                            "协作筛选"
                        ]
                    ]
                },
                "span_info": [
                    [
                        "Author-Inform",
                        "name",
                        "严慎强",
                        0,
                        2
                    ],
                    [
                        "Author-Confirm",
                        "field",
                        "协作筛选",
                        11,
                        14
                    ]
                ]
            },
            {
                "text": "没错",
                "metadata": {
                    "Conference": {
                        "semi": {
                            "acronym": [],
                            "year": [],
                            "fullName": [],
                            "paperDue": [],
                            "noticeDue": [],
                            "heldDate": [],
                            "abstractDue": [],
                            "finalDue": [],
                            "location": [],
                            "category": [],
                            "ccf": [],
                            "website": [],
                            "bestPaper": [],
                            "confRelated": [],
                            "journalRelated": []
                        }
                    },
                    "Paper": {
                        "semi": {
                            "doi": [],
                            "title": [],
                            "author": [],
                            "venue": [],
                            "year": [],
                            "institution": [],
                            "abstract": [],
                            "pdf": [],
                            "blog": []
                        },
                        "download": {
                            "path": []
                        }
                    },
                    "Journal": {
                        "semi": {
                            "name": [],
                            "ISSN": [],
                            "E_ISSN": [],
                            "IF": [],
                            "h_index": [],
                            "self_citing": [],
                            "ccf": [],
                            "sci": [],
                            "website": [],
                            "submit": [],
                            "OA": [],
                            "category": [],
                            "speed": [],
                            "rate": []
                        }
                    },
                    "Author": {
                        "semi": {
                            "name": [
                                "严慎强"
                            ],
                            "field": [
                                "协作筛选"
                            ],
                            "affiliation": [],
                            "position": [
                                "主治医师"
                            ],
                            "citations": [],
                            "h_index": [],
                            "pubs": [],
                            "institution": [
                                "华东理工大学功能材料化学上海重点实验室"
                            ]
                        }
                    },
                    "Institution": {
                        "semi": {
                            "name": [],
                            "address": [],
                            "website": []
                        }
                    }
                },
                "dialog_act": {
                    "General-Positive": [
                        [
                            null,
                            null
                        ]
                    ]
                },
                "span_info": []
            },
            {
                "text": "通过数据查询，严慎强目前发表过的论文的总数是多少呢",
                "metadata": {},
                "dialog_act": {
                    "Author-Inform": [
                        [
                            "name",
                            "严慎强"
                        ]
                    ],
                    "Author-Request": [
                        [
                            "pubs",
                            "?"
                        ]
                    ]
                },
                "span_info": [
                    [
                        "Author-Inform",
                        "name",
                        "严慎强",
                        7,
                        9
                    ]
                ]
            },
            {
                "text": "目前数据库中没有找到严慎强的总发表数",
                "metadata": {
                    "Conference": {
                        "semi": {
                            "acronym": [],
                            "year": [],
                            "fullName": [],
                            "paperDue": [],
                            "noticeDue": [],
                            "heldDate": [],
                            "abstractDue": [],
                            "finalDue": [],
                            "location": [],
                            "category": [],
                            "ccf": [],
                            "website": [],
                            "bestPaper": [],
                            "confRelated": [],
                            "journalRelated": []
                        }
                    },
                    "Paper": {
                        "semi": {
                            "doi": [],
                            "title": [],
                            "author": [],
                            "venue": [],
                            "year": [],
                            "institution": [],
                            "abstract": [],
                            "pdf": [],
                            "blog": []
                        },
                        "download": {
                            "path": []
                        }
                    },
                    "Journal": {
                        "semi": {
                            "name": [],
                            "ISSN": [],
                            "E_ISSN": [],
                            "IF": [],
                            "h_index": [],
                            "self_citing": [],
                            "ccf": [],
                            "sci": [],
                            "website": [],
                            "submit": [],
                            "OA": [],
                            "category": [],
                            "speed": [],
                            "rate": []
                        }
                    },
                    "Author": {
                        "semi": {
                            "name": [
                                "严慎强"
                            ],
                            "field": [
                                "协作筛选"
                            ],
                            "affiliation": [],
                            "position": [
                                "主治医师"
                            ],
                            "citations": [],
                            "h_index": [],
                            "pubs": [],
                            "institution": [
                                "华东理工大学功能材料化学上海重点实验室"
                            ]
                        }
                    },
                    "Institution": {
                        "semi": {
                            "name": [],
                            "address": [],
                            "website": []
                        }
                    }
                },
                "dialog_act": {
                    "Author-Inform": [
                        [
                            "name",
                            "严慎强"
                        ]
                    ],
                    "Author-NoInform": [
                        [
                            "pubs",
                            null
                        ]
                    ]
                },
                "span_info": [
                    [
                        "Author-Inform",
                        "name",
                        "严慎强",
                        10,
                        12
                    ]
                ]
            }
        ]
    }
}