{
    "SFTF_037108": {
        "goal": {
            "Conference": {
                "semi": {
                    "acronym": [
                        "ICML"
                    ],
                    "year": [
                        "2017"
                    ],
                    "fullName": [],
                    "paperDue": [],
                    "noticeDue": [],
                    "heldDate": [
                        "2017-08-06"
                    ],
                    "abstractDue": [],
                    "finalDue": [],
                    "location": [
                        "加利福尼亚州"
                    ],
                    "category": [
                        "机器学习"
                    ],
                    "ccf": [
                        "C类以上"
                    ],
                    "website": [],
                    "bestPaper": [],
                    "confRelated": [],
                    "journalRelated": []
                }
            },
            "Paper": {
                "semi": {
                    "doi": [],
                    "title": [],
                    "author": [],
                    "venue": [],
                    "year": [],
                    "institution": [],
                    "abstract": [],
                    "pdf": [],
                    "blog": []
                },
                "download": {
                    "path": []
                }
            },
            "Journal": {
                "semi": {
                    "name": [],
                    "ISSN": [],
                    "E_ISSN": [],
                    "IF": [],
                    "h_index": [],
                    "self_citing": [],
                    "ccf": [],
                    "sci": [],
                    "website": [],
                    "submit": [],
                    "OA": [],
                    "category": [],
                    "speed": [],
                    "rate": []
                }
            },
            "Author": {
                "semi": {
                    "name": [],
                    "field": [],
                    "affiliation": [],
                    "position": [],
                    "citations": [],
                    "h_index": [],
                    "pubs": []
                }
            },
            "Institution": {
                "semi": {
                    "name": [],
                    "address": [],
                    "website": []
                }
            },
            "description": [
                "Given noticeDue,location,ccf; Recommend Conference",
                "When system confirms, find error and update the wrong constraints",
                "Update ccf; Recommend Conference",
                "Update ccf; Recommend Conference",
                "Given location,category; Recommend Conference",
                "Add ccf; Recommend Conference",
                "Add paperDue; Recommend Conference",
                "Update paperDue; Recommend Conference",
                "Update category; Recommend Conference",
                "Update paperDue; Recommend Conference",
                "Given paperDue,location,category; Recommend Conference",
                "Update location; Recommend Conference",
                "When choice=0 and system confirms, give positive answer then update a constraint to continue searching",
                "Update category; Recommend Conference",
                "Given location,category; Recommend Conference",
                "Add ccf; Recommend Conference",
                "When system confirms, give positive answer",
                "Request detail of noticeDue,heldDate",
                "Request detail of bestPaper"
            ]
        },
        "log": [
            {
                "text": "告诉我荷兰11月13号到12月12号通知的A类以下会议都有哪些呢",
                "metadata": {},
                "dialog_act": {
                    "Conference-Inform": [
                        [
                            "noticeDue",
                            "11月13号到12月12号"
                        ],
                        [
                            "location",
                            "荷兰"
                        ],
                        [
                            "ccf",
                            "A类以下"
                        ]
                    ]
                },
                "span_info": [
                    [
                        "Conference-Inform",
                        "noticeDue",
                        "11月13号到12月12号",
                        5,
                        17
                    ],
                    [
                        "Conference-Inform",
                        "location",
                        "荷兰",
                        3,
                        4
                    ],
                    [
                        "Conference-Inform",
                        "ccf",
                        "A类以下",
                        21,
                        24
                    ]
                ]
            },
            {
                "text": "抱歉没有找到符合条件的会议唉，你确定找的是从12月5号到12号通知的在荷兰举行的A类以下会议嘛",
                "metadata": {
                    "Conference": {
                        "semi": {
                            "acronym": [],
                            "year": [],
                            "fullName": [],
                            "paperDue": [],
                            "noticeDue": [
                                "11月13号到12月12号"
                            ],
                            "heldDate": [],
                            "abstractDue": [],
                            "finalDue": [],
                            "location": [
                                "荷兰"
                            ],
                            "category": [],
                            "ccf": [
                                "A类以下"
                            ],
                            "website": [],
                            "bestPaper": [],
                            "confRelated": [],
                            "journalRelated": []
                        }
                    },
                    "Paper": {
                        "semi": {
                            "doi": [],
                            "title": [],
                            "author": [],
                            "venue": [],
                            "year": [],
                            "institution": [],
                            "abstract": [],
                            "pdf": [],
                            "blog": []
                        },
                        "download": {
                            "path": []
                        }
                    },
                    "Journal": {
                        "semi": {
                            "name": [],
                            "ISSN": [],
                            "E_ISSN": [],
                            "IF": [],
                            "h_index": [],
                            "self_citing": [],
                            "ccf": [],
                            "sci": [],
                            "website": [],
                            "submit": [],
                            "OA": [],
                            "category": [],
                            "speed": [],
                            "rate": []
                        }
                    },
                    "Author": {
                        "semi": {
                            "name": [],
                            "field": [],
                            "affiliation": [],
                            "position": [],
                            "citations": [],
                            "h_index": [],
                            "pubs": []
                        }
                    },
                    "Institution": {
                        "semi": {
                            "name": [],
                            "address": [],
                            "website": []
                        }
                    }
                },
                "dialog_act": {
                    "Conference-Recommend": [
                        [
                            "Choice",
                            "0"
                        ]
                    ],
                    "Conference-Confirm": [
                        [
                            "noticeDue",
                            "从12月5号到12号"
                        ],
                        [
                            "location",
                            "荷兰"
                        ],
                        [
                            "ccf",
                            "A类以下"
                        ]
                    ]
                },
                "span_info": [
                    [
                        "Conference-Confirm",
                        "noticeDue",
                        "从12月5号到12号",
                        21,
                        30
                    ],
                    [
                        "Conference-Confirm",
                        "location",
                        "荷兰",
                        35,
                        36
                    ],
                    [
                        "Conference-Confirm",
                        "ccf",
                        "A类以下",
                        40,
                        43
                    ]
                ]
            },
            {
                "text": "不是吧，那从11月20日到12月8日通知的呢",
                "metadata": {},
                "dialog_act": {
                    "Conference-Inform": [
                        [
                            "noticeDue",
                            "从11月20日到12月8日"
                        ]
                    ],
                    "General-Negative": [
                        [
                            null,
                            null
                        ]
                    ]
                },
                "span_info": [
                    [
                        "Conference-Update",
                        "noticeDue",
                        "从11月20日到12月8日",
                        5,
                        17
                    ]
                ]
            },
            {
                "text": "抱歉没有找到符合条件的会议唉，你要不问问B类以上会议",
                "metadata": {
                    "Conference": {
                        "semi": {
                            "acronym": [],
                            "year": [],
                            "fullName": [],
                            "paperDue": [],
                            "noticeDue": [
                                "从11月20日到12月8日"
                            ],
                            "heldDate": [],
                            "abstractDue": [],
                            "finalDue": [],
                            "location": [
                                "荷兰"
                            ],
                            "category": [],
                            "ccf": [
                                "A类以下"
                            ],
                            "website": [],
                            "bestPaper": [],
                            "confRelated": [],
                            "journalRelated": []
                        }
                    },
                    "Paper": {
                        "semi": {
                            "doi": [],
                            "title": [],
                            "author": [],
                            "venue": [],
                            "year": [],
                            "institution": [],
                            "abstract": [],
                            "pdf": [],
                            "blog": []
                        },
                        "download": {
                            "path": []
                        }
                    },
                    "Journal": {
                        "semi": {
                            "name": [],
                            "ISSN": [],
                            "E_ISSN": [],
                            "IF": [],
                            "h_index": [],
                            "self_citing": [],
                            "ccf": [],
                            "sci": [],
                            "website": [],
                            "submit": [],
                            "OA": [],
                            "category": [],
                            "speed": [],
                            "rate": []
                        }
                    },
                    "Author": {
                        "semi": {
                            "name": [],
                            "field": [],
                            "affiliation": [],
                            "position": [],
                            "citations": [],
                            "h_index": [],
                            "pubs": []
                        }
                    },
                    "Institution": {
                        "semi": {
                            "name": [],
                            "address": [],
                            "website": []
                        }
                    }
                },
                "dialog_act": {
                    "Conference-Recommend": [
                        [
                            "Choice",
                            "0"
                        ],
                        [
                            "ccf",
                            "B类以上"
                        ]
                    ]
                },
                "span_info": [
                    [
                        "Conference-Recommend",
                        "ccf",
                        "B类以上",
                        20,
                        23
                    ]
                ]
            },
            {
                "text": "你知道属于B类以上会议的吗",
                "metadata": {},
                "dialog_act": {
                    "Conference-Inform": [
                        [
                            "ccf",
                            "B类以上"
                        ]
                    ]
                },
                "span_info": [
                    [
                        "Conference-Update",
                        "ccf",
                        "B类以上",
                        5,
                        8
                    ]
                ]
            },
            {
                "text": "抱歉没有找到符合条件的会议唉，你要不问问ccf-a会议",
                "metadata": {
                    "Conference": {
                        "semi": {
                            "acronym": [],
                            "year": [],
                            "fullName": [],
                            "paperDue": [],
                            "noticeDue": [
                                "从11月20日到12月8日"
                            ],
                            "heldDate": [],
                            "abstractDue": [],
                            "finalDue": [],
                            "location": [
                                "荷兰"
                            ],
                            "category": [],
                            "ccf": [
                                "B类以上"
                            ],
                            "website": [],
                            "bestPaper": [],
                            "confRelated": [],
                            "journalRelated": []
                        }
                    },
                    "Paper": {
                        "semi": {
                            "doi": [],
                            "title": [],
                            "author": [],
                            "venue": [],
                            "year": [],
                            "institution": [],
                            "abstract": [],
                            "pdf": [],
                            "blog": []
                        },
                        "download": {
                            "path": []
                        }
                    },
                    "Journal": {
                        "semi": {
                            "name": [],
                            "ISSN": [],
                            "E_ISSN": [],
                            "IF": [],
                            "h_index": [],
                            "self_citing": [],
                            "ccf": [],
                            "sci": [],
                            "website": [],
                            "submit": [],
                            "OA": [],
                            "category": [],
                            "speed": [],
                            "rate": []
                        }
                    },
                    "Author": {
                        "semi": {
                            "name": [],
                            "field": [],
                            "affiliation": [],
                            "position": [],
                            "citations": [],
                            "h_index": [],
                            "pubs": []
                        }
                    },
                    "Institution": {
                        "semi": {
                            "name": [],
                            "address": [],
                            "website": []
                        }
                    }
                },
                "dialog_act": {
                    "Conference-Recommend": [
                        [
                            "Choice",
                            "0"
                        ],
                        [
                            "ccf",
                            "ccf-a"
                        ]
                    ]
                },
                "span_info": [
                    [
                        "Conference-Recommend",
                        "ccf",
                        "ccf-a",
                        20,
                        24
                    ]
                ]
            },
            {
                "text": "有属于ccf-a会议的吗",
                "metadata": {},
                "dialog_act": {
                    "Conference-Inform": [
                        [
                            "ccf",
                            "ccf-a"
                        ]
                    ]
                },
                "span_info": [
                    [
                        "Conference-Update",
                        "ccf",
                        "ccf-a",
                        3,
                        7
                    ]
                ]
            },
            {
                "text": "没有符合条件的会议",
                "metadata": {
                    "Conference": {
                        "semi": {
                            "acronym": [],
                            "year": [],
                            "fullName": [],
                            "paperDue": [],
                            "noticeDue": [
                                "从11月20日到12月8日"
                            ],
                            "heldDate": [],
                            "abstractDue": [],
                            "finalDue": [],
                            "location": [
                                "荷兰"
                            ],
                            "category": [],
                            "ccf": [
                                "ccf-a"
                            ],
                            "website": [],
                            "bestPaper": [],
                            "confRelated": [],
                            "journalRelated": []
                        }
                    },
                    "Paper": {
                        "semi": {
                            "doi": [],
                            "title": [],
                            "author": [],
                            "venue": [],
                            "year": [],
                            "institution": [],
                            "abstract": [],
                            "pdf": [],
                            "blog": []
                        },
                        "download": {
                            "path": []
                        }
                    },
                    "Journal": {
                        "semi": {
                            "name": [],
                            "ISSN": [],
                            "E_ISSN": [],
                            "IF": [],
                            "h_index": [],
                            "self_citing": [],
                            "ccf": [],
                            "sci": [],
                            "website": [],
                            "submit": [],
                            "OA": [],
                            "category": [],
                            "speed": [],
                            "rate": []
                        }
                    },
                    "Author": {
                        "semi": {
                            "name": [],
                            "field": [],
                            "affiliation": [],
                            "position": [],
                            "citations": [],
                            "h_index": [],
                            "pubs": []
                        }
                    },
                    "Institution": {
                        "semi": {
                            "name": [],
                            "address": [],
                            "website": []
                        }
                    }
                },
                "dialog_act": {
                    "Conference-Recommend": [
                        [
                            "Choice",
                            "0"
                        ]
                    ]
                },
                "span_info": []
            },
            {
                "text": "你知道意大利有哪些计算机科学会议的呢",
                "metadata": {},
                "dialog_act": {
                    "Conference-Inform": [
                        [
                            "location",
                            "意大利"
                        ],
                        [
                            "category",
                            "计算机科学"
                        ]
                    ]
                },
                "span_info": [
                    [
                        "Conference-Inform",
                        "location",
                        "意大利",
                        3,
                        5
                    ],
                    [
                        "Conference-Inform",
                        "category",
                        "计算机科学",
                        9,
                        13
                    ]
                ]
            },
            {
                "text": "共找到50个符合条件的会议，你想要什么级别的会议呢",
                "metadata": {
                    "Conference": {
                        "semi": {
                            "acronym": [],
                            "year": [],
                            "fullName": [],
                            "paperDue": [],
                            "noticeDue": [],
                            "heldDate": [],
                            "abstractDue": [],
                            "finalDue": [],
                            "location": [
                                "意大利"
                            ],
                            "category": [
                                "计算机科学"
                            ],
                            "ccf": [],
                            "website": [],
                            "bestPaper": [],
                            "confRelated": [],
                            "journalRelated": []
                        }
                    },
                    "Paper": {
                        "semi": {
                            "doi": [],
                            "title": [],
                            "author": [],
                            "venue": [],
                            "year": [],
                            "institution": [],
                            "abstract": [],
                            "pdf": [],
                            "blog": []
                        },
                        "download": {
                            "path": []
                        }
                    },
                    "Journal": {
                        "semi": {
                            "name": [],
                            "ISSN": [],
                            "E_ISSN": [],
                            "IF": [],
                            "h_index": [],
                            "self_citing": [],
                            "ccf": [],
                            "sci": [],
                            "website": [],
                            "submit": [],
                            "OA": [],
                            "category": [],
                            "speed": [],
                            "rate": []
                        }
                    },
                    "Author": {
                        "semi": {
                            "name": [],
                            "field": [],
                            "affiliation": [],
                            "position": [],
                            "citations": [],
                            "h_index": [],
                            "pubs": []
                        }
                    },
                    "Institution": {
                        "semi": {
                            "name": [],
                            "address": [],
                            "website": []
                        }
                    }
                },
                "dialog_act": {
                    "Conference-Recommend": [
                        [
                            "Choice",
                            "24"
                        ]
                    ],
                    "Conference-Reqmore": [
                        [
                            "ccf",
                            "?"
                        ]
                    ]
                },
                "span_info": []
            },
            {
                "text": "你知道它们有哪些属于B类以上会议嘛",
                "metadata": {},
                "dialog_act": {
                    "Conference-Inform": [
                        [
                            "ccf",
                            "B类以上"
                        ]
                    ]
                },
                "span_info": [
                    [
                        "Conference-Add",
                        "ccf",
                        "B类以上",
                        10,
                        13
                    ]
                ]
            },
            {
                "text": "只有2个满足条件的会议，您还有什么其他的要求嘛",
                "metadata": {
                    "Conference": {
                        "semi": {
                            "acronym": [],
                            "year": [],
                            "fullName": [],
                            "paperDue": [],
                            "noticeDue": [],
                            "heldDate": [],
                            "abstractDue": [],
                            "finalDue": [],
                            "location": [
                                "意大利"
                            ],
                            "category": [
                                "计算机科学"
                            ],
                            "ccf": [
                                "B类以上"
                            ],
                            "website": [],
                            "bestPaper": [],
                            "confRelated": [],
                            "journalRelated": []
                        }
                    },
                    "Paper": {
                        "semi": {
                            "doi": [],
                            "title": [],
                            "author": [],
                            "venue": [],
                            "year": [],
                            "institution": [],
                            "abstract": [],
                            "pdf": [],
                            "blog": []
                        },
                        "download": {
                            "path": []
                        }
                    },
                    "Journal": {
                        "semi": {
                            "name": [],
                            "ISSN": [],
                            "E_ISSN": [],
                            "IF": [],
                            "h_index": [],
                            "self_citing": [],
                            "ccf": [],
                            "sci": [],
                            "website": [],
                            "submit": [],
                            "OA": [],
                            "category": [],
                            "speed": [],
                            "rate": []
                        }
                    },
                    "Author": {
                        "semi": {
                            "name": [],
                            "field": [],
                            "affiliation": [],
                            "position": [],
                            "citations": [],
                            "h_index": [],
                            "pubs": []
                        }
                    },
                    "Institution": {
                        "semi": {
                            "name": [],
                            "address": [],
                            "website": []
                        }
                    }
                },
                "dialog_act": {
                    "Conference-Recommend": [
                        [
                            "Choice",
                            "3"
                        ]
                    ],
                    "Conference-Reqmore": [
                        [
                            "?",
                            "?"
                        ]
                    ]
                },
                "span_info": []
            },
            {
                "text": "它们中间有12月13号到28号要截稿的嘛",
                "metadata": {},
                "dialog_act": {
                    "Conference-Inform": [
                        [
                            "paperDue",
                            "12月13号到28号"
                        ]
                    ]
                },
                "span_info": [
                    [
                        "Conference-Add",
                        "paperDue",
                        "12月13号到28号",
                        5,
                        14
                    ]
                ]
            },
            {
                "text": "符合条件的会议有0个，你要不问问从12月3日到24日截稿的会议",
                "metadata": {
                    "Conference": {
                        "semi": {
                            "acronym": [],
                            "year": [],
                            "fullName": [],
                            "paperDue": [
                                "12月13号到28号"
                            ],
                            "noticeDue": [],
                            "heldDate": [],
                            "abstractDue": [],
                            "finalDue": [],
                            "location": [
                                "意大利"
                            ],
                            "category": [
                                "计算机科学"
                            ],
                            "ccf": [
                                "B类以上"
                            ],
                            "website": [],
                            "bestPaper": [],
                            "confRelated": [],
                            "journalRelated": []
                        }
                    },
                    "Paper": {
                        "semi": {
                            "doi": [],
                            "title": [],
                            "author": [],
                            "venue": [],
                            "year": [],
                            "institution": [],
                            "abstract": [],
                            "pdf": [],
                            "blog": []
                        },
                        "download": {
                            "path": []
                        }
                    },
                    "Journal": {
                        "semi": {
                            "name": [],
                            "ISSN": [],
                            "E_ISSN": [],
                            "IF": [],
                            "h_index": [],
                            "self_citing": [],
                            "ccf": [],
                            "sci": [],
                            "website": [],
                            "submit": [],
                            "OA": [],
                            "category": [],
                            "speed": [],
                            "rate": []
                        }
                    },
                    "Author": {
                        "semi": {
                            "name": [],
                            "field": [],
                            "affiliation": [],
                            "position": [],
                            "citations": [],
                            "h_index": [],
                            "pubs": []
                        }
                    },
                    "Institution": {
                        "semi": {
                            "name": [],
                            "address": [],
                            "website": []
                        }
                    }
                },
                "dialog_act": {
                    "Conference-Recommend": [
                        [
                            "Choice",
                            "0"
                        ],
                        [
                            "paperDue",
                            "从12月3日到24日"
                        ]
                    ]
                },
                "span_info": [
                    [
                        "Conference-Recommend",
                        "paperDue",
                        "从12月3日到24日",
                        16,
                        25
                    ]
                ]
            },
            {
                "text": "请问有从12月3日到24日截稿的吗",
                "metadata": {},
                "dialog_act": {
                    "Conference-Inform": [
                        [
                            "paperDue",
                            "从12月3日到24日"
                        ]
                    ]
                },
                "span_info": [
                    [
                        "Conference-Update",
                        "paperDue",
                        "从12月3日到24日",
                        3,
                        12
                    ]
                ]
            },
            {
                "text": "符合条件的会议有0个，你要不问问机器学习领域的会议",
                "metadata": {
                    "Conference": {
                        "semi": {
                            "acronym": [],
                            "year": [],
                            "fullName": [],
                            "paperDue": [
                                "从12月3日到24日"
                            ],
                            "noticeDue": [],
                            "heldDate": [],
                            "abstractDue": [],
                            "finalDue": [],
                            "location": [
                                "意大利"
                            ],
                            "category": [
                                "计算机科学"
                            ],
                            "ccf": [
                                "B类以上"
                            ],
                            "website": [],
                            "bestPaper": [],
                            "confRelated": [],
                            "journalRelated": []
                        }
                    },
                    "Paper": {
                        "semi": {
                            "doi": [],
                            "title": [],
                            "author": [],
                            "venue": [],
                            "year": [],
                            "institution": [],
                            "abstract": [],
                            "pdf": [],
                            "blog": []
                        },
                        "download": {
                            "path": []
                        }
                    },
                    "Journal": {
                        "semi": {
                            "name": [],
                            "ISSN": [],
                            "E_ISSN": [],
                            "IF": [],
                            "h_index": [],
                            "self_citing": [],
                            "ccf": [],
                            "sci": [],
                            "website": [],
                            "submit": [],
                            "OA": [],
                            "category": [],
                            "speed": [],
                            "rate": []
                        }
                    },
                    "Author": {
                        "semi": {
                            "name": [],
                            "field": [],
                            "affiliation": [],
                            "position": [],
                            "citations": [],
                            "h_index": [],
                            "pubs": []
                        }
                    },
                    "Institution": {
                        "semi": {
                            "name": [],
                            "address": [],
                            "website": []
                        }
                    }
                },
                "dialog_act": {
                    "Conference-Recommend": [
                        [
                            "Choice",
                            "0"
                        ],
                        [
                            "category",
                            "机器学习"
                        ]
                    ]
                },
                "span_info": [
                    [
                        "Conference-Recommend",
                        "category",
                        "机器学习",
                        16,
                        19
                    ]
                ]
            },
            {
                "text": "有机器学习领域的嘛",
                "metadata": {},
                "dialog_act": {
                    "Conference-Inform": [
                        [
                            "category",
                            "机器学习"
                        ]
                    ]
                },
                "span_info": [
                    [
                        "Conference-Update",
                        "category",
                        "机器学习",
                        1,
                        4
                    ]
                ]
            },
            {
                "text": "找到0个相关的会议唉，你要不问问11月15号到12月6号截稿的会议",
                "metadata": {
                    "Conference": {
                        "semi": {
                            "acronym": [],
                            "year": [],
                            "fullName": [],
                            "paperDue": [
                                "从12月3日到24日"
                            ],
                            "noticeDue": [],
                            "heldDate": [],
                            "abstractDue": [],
                            "finalDue": [],
                            "location": [
                                "意大利"
                            ],
                            "category": [
                                "机器学习"
                            ],
                            "ccf": [
                                "B类以上"
                            ],
                            "website": [],
                            "bestPaper": [],
                            "confRelated": [],
                            "journalRelated": []
                        }
                    },
                    "Paper": {
                        "semi": {
                            "doi": [],
                            "title": [],
                            "author": [],
                            "venue": [],
                            "year": [],
                            "institution": [],
                            "abstract": [],
                            "pdf": [],
                            "blog": []
                        },
                        "download": {
                            "path": []
                        }
                    },
                    "Journal": {
                        "semi": {
                            "name": [],
                            "ISSN": [],
                            "E_ISSN": [],
                            "IF": [],
                            "h_index": [],
                            "self_citing": [],
                            "ccf": [],
                            "sci": [],
                            "website": [],
                            "submit": [],
                            "OA": [],
                            "category": [],
                            "speed": [],
                            "rate": []
                        }
                    },
                    "Author": {
                        "semi": {
                            "name": [],
                            "field": [],
                            "affiliation": [],
                            "position": [],
                            "citations": [],
                            "h_index": [],
                            "pubs": []
                        }
                    },
                    "Institution": {
                        "semi": {
                            "name": [],
                            "address": [],
                            "website": []
                        }
                    }
                },
                "dialog_act": {
                    "Conference-Recommend": [
                        [
                            "Choice",
                            "0"
                        ],
                        [
                            "paperDue",
                            "11月15号到12月6号"
                        ]
                    ]
                },
                "span_info": [
                    [
                        "Conference-Recommend",
                        "paperDue",
                        "11月15号到12月6号",
                        16,
                        27
                    ]
                ]
            },
            {
                "text": "那11月15号到12月6号截稿的呢",
                "metadata": {},
                "dialog_act": {
                    "Conference-Inform": [
                        [
                            "paperDue",
                            "11月15号到12月6号"
                        ]
                    ]
                },
                "span_info": [
                    [
                        "Conference-Update",
                        "paperDue",
                        "11月15号到12月6号",
                        1,
                        12
                    ]
                ]
            },
            {
                "text": "找到0个相关的会议唉",
                "metadata": {
                    "Conference": {
                        "semi": {
                            "acronym": [],
                            "year": [],
                            "fullName": [],
                            "paperDue": [
                                "11月15号到12月6号"
                            ],
                            "noticeDue": [],
                            "heldDate": [],
                            "abstractDue": [],
                            "finalDue": [],
                            "location": [
                                "意大利"
                            ],
                            "category": [
                                "机器学习"
                            ],
                            "ccf": [
                                "B类以上"
                            ],
                            "website": [],
                            "bestPaper": [],
                            "confRelated": [],
                            "journalRelated": []
                        }
                    },
                    "Paper": {
                        "semi": {
                            "doi": [],
                            "title": [],
                            "author": [],
                            "venue": [],
                            "year": [],
                            "institution": [],
                            "abstract": [],
                            "pdf": [],
                            "blog": []
                        },
                        "download": {
                            "path": []
                        }
                    },
                    "Journal": {
                        "semi": {
                            "name": [],
                            "ISSN": [],
                            "E_ISSN": [],
                            "IF": [],
                            "h_index": [],
                            "self_citing": [],
                            "ccf": [],
                            "sci": [],
                            "website": [],
                            "submit": [],
                            "OA": [],
                            "category": [],
                            "speed": [],
                            "rate": []
                        }
                    },
                    "Author": {
                        "semi": {
                            "name": [],
                            "field": [],
                            "affiliation": [],
                            "position": [],
                            "citations": [],
                            "h_index": [],
                            "pubs": []
                        }
                    },
                    "Institution": {
                        "semi": {
                            "name": [],
                            "address": [],
                            "website": []
                        }
                    }
                },
                "dialog_act": {
                    "Conference-Recommend": [
                        [
                            "Choice",
                            "0"
                        ]
                    ]
                },
                "span_info": []
            },
            {
                "text": "咨询一下中国北京哪些软件会议的截稿时间在从12月24日到31日呢",
                "metadata": {},
                "dialog_act": {
                    "Conference-Inform": [
                        [
                            "paperDue",
                            "从12月24日到31日"
                        ],
                        [
                            "location",
                            "中国北京"
                        ],
                        [
                            "category",
                            "软件"
                        ]
                    ]
                },
                "span_info": [
                    [
                        "Conference-Inform",
                        "paperDue",
                        "从12月24日到31日",
                        20,
                        30
                    ],
                    [
                        "Conference-Inform",
                        "location",
                        "中国北京",
                        4,
                        7
                    ],
                    [
                        "Conference-Inform",
                        "category",
                        "软件",
                        10,
                        11
                    ]
                ]
            },
            {
                "text": "没有符合条件的会议，你要不问问在加利福尼亚州举办的会议",
                "metadata": {
                    "Conference": {
                        "semi": {
                            "acronym": [],
                            "year": [],
                            "fullName": [],
                            "paperDue": [
                                "从12月24日到31日"
                            ],
                            "noticeDue": [],
                            "heldDate": [],
                            "abstractDue": [],
                            "finalDue": [],
                            "location": [
                                "中国北京"
                            ],
                            "category": [
                                "软件"
                            ],
                            "ccf": [],
                            "website": [],
                            "bestPaper": [],
                            "confRelated": [],
                            "journalRelated": []
                        }
                    },
                    "Paper": {
                        "semi": {
                            "doi": [],
                            "title": [],
                            "author": [],
                            "venue": [],
                            "year": [],
                            "institution": [],
                            "abstract": [],
                            "pdf": [],
                            "blog": []
                        },
                        "download": {
                            "path": []
                        }
                    },
                    "Journal": {
                        "semi": {
                            "name": [],
                            "ISSN": [],
                            "E_ISSN": [],
                            "IF": [],
                            "h_index": [],
                            "self_citing": [],
                            "ccf": [],
                            "sci": [],
                            "website": [],
                            "submit": [],
                            "OA": [],
                            "category": [],
                            "speed": [],
                            "rate": []
                        }
                    },
                    "Author": {
                        "semi": {
                            "name": [],
                            "field": [],
                            "affiliation": [],
                            "position": [],
                            "citations": [],
                            "h_index": [],
                            "pubs": []
                        }
                    },
                    "Institution": {
                        "semi": {
                            "name": [],
                            "address": [],
                            "website": []
                        }
                    }
                },
                "dialog_act": {
                    "Conference-Recommend": [
                        [
                            "Choice",
                            "0"
                        ],
                        [
                            "location",
                            "加利福尼亚州"
                        ]
                    ]
                },
                "span_info": [
                    [
                        "Conference-Recommend",
                        "location",
                        "加利福尼亚州",
                        16,
                        21
                    ]
                ]
            },
            {
                "text": "在加利福尼亚州举办的呢",
                "metadata": {},
                "dialog_act": {
                    "Conference-Inform": [
                        [
                            "location",
                            "加利福尼亚州"
                        ]
                    ]
                },
                "span_info": [
                    [
                        "Conference-Update",
                        "location",
                        "加利福尼亚州",
                        1,
                        6
                    ]
                ]
            },
            {
                "text": "没有相关的会议，你确定找的是在加利福尼亚州举办的会议嘛",
                "metadata": {
                    "Conference": {
                        "semi": {
                            "acronym": [],
                            "year": [],
                            "fullName": [],
                            "paperDue": [
                                "从12月24日到31日"
                            ],
                            "noticeDue": [],
                            "heldDate": [],
                            "abstractDue": [],
                            "finalDue": [],
                            "location": [
                                "加利福尼亚州"
                            ],
                            "category": [
                                "软件"
                            ],
                            "ccf": [],
                            "website": [],
                            "bestPaper": [],
                            "confRelated": [],
                            "journalRelated": []
                        }
                    },
                    "Paper": {
                        "semi": {
                            "doi": [],
                            "title": [],
                            "author": [],
                            "venue": [],
                            "year": [],
                            "institution": [],
                            "abstract": [],
                            "pdf": [],
                            "blog": []
                        },
                        "download": {
                            "path": []
                        }
                    },
                    "Journal": {
                        "semi": {
                            "name": [],
                            "ISSN": [],
                            "E_ISSN": [],
                            "IF": [],
                            "h_index": [],
                            "self_citing": [],
                            "ccf": [],
                            "sci": [],
                            "website": [],
                            "submit": [],
                            "OA": [],
                            "category": [],
                            "speed": [],
                            "rate": []
                        }
                    },
                    "Author": {
                        "semi": {
                            "name": [],
                            "field": [],
                            "affiliation": [],
                            "position": [],
                            "citations": [],
                            "h_index": [],
                            "pubs": []
                        }
                    },
                    "Institution": {
                        "semi": {
                            "name": [],
                            "address": [],
                            "website": []
                        }
                    }
                },
                "dialog_act": {
                    "Conference-Recommend": [
                        [
                            "Choice",
                            "0"
                        ]
                    ],
                    "Conference-Confirm": [
                        [
                            "location",
                            "加利福尼亚州"
                        ]
                    ]
                },
                "span_info": [
                    [
                        "Conference-Confirm",
                        "location",
                        "加利福尼亚州",
                        15,
                        20
                    ]
                ]
            },
            {
                "text": "是这个问题，请问有12月10号到20号截稿的吗",
                "metadata": {},
                "dialog_act": {
                    "Conference-Inform": [
                        [
                            "paperDue",
                            "12月10号到20号"
                        ]
                    ],
                    "General-Positive": [
                        [
                            null,
                            null
                        ]
                    ]
                },
                "span_info": [
                    [
                        "Conference-Update",
                        "paperDue",
                        "12月10号到20号",
                        9,
                        18
                    ]
                ]
            },
            {
                "text": "没有相关的会议，你要不问问算法领域的会议",
                "metadata": {
                    "Conference": {
                        "semi": {
                            "acronym": [],
                            "year": [],
                            "fullName": [],
                            "paperDue": [
                                "12月10号到20号"
                            ],
                            "noticeDue": [],
                            "heldDate": [],
                            "abstractDue": [],
                            "finalDue": [],
                            "location": [
                                "加利福尼亚州"
                            ],
                            "category": [
                                "软件"
                            ],
                            "ccf": [],
                            "website": [],
                            "bestPaper": [],
                            "confRelated": [],
                            "journalRelated": []
                        }
                    },
                    "Paper": {
                        "semi": {
                            "doi": [],
                            "title": [],
                            "author": [],
                            "venue": [],
                            "year": [],
                            "institution": [],
                            "abstract": [],
                            "pdf": [],
                            "blog": []
                        },
                        "download": {
                            "path": []
                        }
                    },
                    "Journal": {
                        "semi": {
                            "name": [],
                            "ISSN": [],
                            "E_ISSN": [],
                            "IF": [],
                            "h_index": [],
                            "self_citing": [],
                            "ccf": [],
                            "sci": [],
                            "website": [],
                            "submit": [],
                            "OA": [],
                            "category": [],
                            "speed": [],
                            "rate": []
                        }
                    },
                    "Author": {
                        "semi": {
                            "name": [],
                            "field": [],
                            "affiliation": [],
                            "position": [],
                            "citations": [],
                            "h_index": [],
                            "pubs": []
                        }
                    },
                    "Institution": {
                        "semi": {
                            "name": [],
                            "address": [],
                            "website": []
                        }
                    }
                },
                "dialog_act": {
                    "Conference-Recommend": [
                        [
                            "Choice",
                            "0"
                        ],
                        [
                            "category",
                            "算法"
                        ]
                    ]
                },
                "span_info": [
                    [
                        "Conference-Recommend",
                        "category",
                        "算法",
                        13,
                        14
                    ]
                ]
            },
            {
                "text": "你知道有属于算法领域的吗",
                "metadata": {},
                "dialog_act": {
                    "Conference-Inform": [
                        [
                            "category",
                            "算法"
                        ]
                    ]
                },
                "span_info": [
                    [
                        "Conference-Update",
                        "category",
                        "算法",
                        6,
                        7
                    ]
                ]
            },
            {
                "text": "没有相关的会议",
                "metadata": {
                    "Conference": {
                        "semi": {
                            "acronym": [],
                            "year": [],
                            "fullName": [],
                            "paperDue": [
                                "12月10号到20号"
                            ],
                            "noticeDue": [],
                            "heldDate": [],
                            "abstractDue": [],
                            "finalDue": [],
                            "location": [
                                "加利福尼亚州"
                            ],
                            "category": [
                                "算法"
                            ],
                            "ccf": [],
                            "website": [],
                            "bestPaper": [],
                            "confRelated": [],
                            "journalRelated": []
                        }
                    },
                    "Paper": {
                        "semi": {
                            "doi": [],
                            "title": [],
                            "author": [],
                            "venue": [],
                            "year": [],
                            "institution": [],
                            "abstract": [],
                            "pdf": [],
                            "blog": []
                        },
                        "download": {
                            "path": []
                        }
                    },
                    "Journal": {
                        "semi": {
                            "name": [],
                            "ISSN": [],
                            "E_ISSN": [],
                            "IF": [],
                            "h_index": [],
                            "self_citing": [],
                            "ccf": [],
                            "sci": [],
                            "website": [],
                            "submit": [],
                            "OA": [],
                            "category": [],
                            "speed": [],
                            "rate": []
                        }
                    },
                    "Author": {
                        "semi": {
                            "name": [],
                            "field": [],
                            "affiliation": [],
                            "position": [],
                            "citations": [],
                            "h_index": [],
                            "pubs": []
                        }
                    },
                    "Institution": {
                        "semi": {
                            "name": [],
                            "address": [],
                            "website": []
                        }
                    }
                },
                "dialog_act": {
                    "Conference-Recommend": [
                        [
                            "Choice",
                            "0"
                        ]
                    ]
                },
                "span_info": []
            },
            {
                "text": "有在加利福尼亚州举办的关于机器学习的会议嘛",
                "metadata": {},
                "dialog_act": {
                    "Conference-Inform": [
                        [
                            "location",
                            "加利福尼亚州"
                        ],
                        [
                            "category",
                            "机器学习"
                        ]
                    ]
                },
                "span_info": [
                    [
                        "Conference-Inform",
                        "location",
                        "加利福尼亚州",
                        2,
                        7
                    ],
                    [
                        "Conference-Inform",
                        "category",
                        "机器学习",
                        13,
                        16
                    ]
                ]
            },
            {
                "text": "共有50个满足条件的会议，您还有什么其他的要求嘛",
                "metadata": {
                    "Conference": {
                        "semi": {
                            "acronym": [],
                            "year": [],
                            "fullName": [],
                            "paperDue": [],
                            "noticeDue": [],
                            "heldDate": [],
                            "abstractDue": [],
                            "finalDue": [],
                            "location": [
                                "加利福尼亚州"
                            ],
                            "category": [
                                "机器学习"
                            ],
                            "ccf": [],
                            "website": [],
                            "bestPaper": [],
                            "confRelated": [],
                            "journalRelated": []
                        }
                    },
                    "Paper": {
                        "semi": {
                            "doi": [],
                            "title": [],
                            "author": [],
                            "venue": [],
                            "year": [],
                            "institution": [],
                            "abstract": [],
                            "pdf": [],
                            "blog": []
                        },
                        "download": {
                            "path": []
                        }
                    },
                    "Journal": {
                        "semi": {
                            "name": [],
                            "ISSN": [],
                            "E_ISSN": [],
                            "IF": [],
                            "h_index": [],
                            "self_citing": [],
                            "ccf": [],
                            "sci": [],
                            "website": [],
                            "submit": [],
                            "OA": [],
                            "category": [],
                            "speed": [],
                            "rate": []
                        }
                    },
                    "Author": {
                        "semi": {
                            "name": [],
                            "field": [],
                            "affiliation": [],
                            "position": [],
                            "citations": [],
                            "h_index": [],
                            "pubs": []
                        }
                    },
                    "Institution": {
                        "semi": {
                            "name": [],
                            "address": [],
                            "website": []
                        }
                    }
                },
                "dialog_act": {
                    "Conference-Recommend": [
                        [
                            "Choice",
                            "12"
                        ]
                    ],
                    "Conference-Reqmore": [
                        [
                            "?",
                            "?"
                        ]
                    ]
                },
                "span_info": []
            },
            {
                "text": "其中有C类以上会议吗",
                "metadata": {},
                "dialog_act": {
                    "Conference-Inform": [
                        [
                            "ccf",
                            "C类以上"
                        ]
                    ]
                },
                "span_info": [
                    [
                        "Conference-Add",
                        "ccf",
                        "C类以上",
                        3,
                        6
                    ]
                ]
            },
            {
                "text": "满足条件的会议共有50个，你确定要输出嘛",
                "metadata": {
                    "Conference": {
                        "semi": {
                            "acronym": [],
                            "year": [],
                            "fullName": [],
                            "paperDue": [],
                            "noticeDue": [],
                            "heldDate": [],
                            "abstractDue": [],
                            "finalDue": [],
                            "location": [
                                "加利福尼亚州"
                            ],
                            "category": [
                                "机器学习"
                            ],
                            "ccf": [
                                "C类以上"
                            ],
                            "website": [],
                            "bestPaper": [],
                            "confRelated": [],
                            "journalRelated": []
                        }
                    },
                    "Paper": {
                        "semi": {
                            "doi": [],
                            "title": [],
                            "author": [],
                            "venue": [],
                            "year": [],
                            "institution": [],
                            "abstract": [],
                            "pdf": [],
                            "blog": []
                        },
                        "download": {
                            "path": []
                        }
                    },
                    "Journal": {
                        "semi": {
                            "name": [],
                            "ISSN": [],
                            "E_ISSN": [],
                            "IF": [],
                            "h_index": [],
                            "self_citing": [],
                            "ccf": [],
                            "sci": [],
                            "website": [],
                            "submit": [],
                            "OA": [],
                            "category": [],
                            "speed": [],
                            "rate": []
                        }
                    },
                    "Author": {
                        "semi": {
                            "name": [],
                            "field": [],
                            "affiliation": [],
                            "position": [],
                            "citations": [],
                            "h_index": [],
                            "pubs": []
                        }
                    },
                    "Institution": {
                        "semi": {
                            "name": [],
                            "address": [],
                            "website": []
                        }
                    }
                },
                "dialog_act": {
                    "Conference-Recommend": [
                        [
                            "Choice",
                            "7"
                        ]
                    ],
                    "Conference-Confirm": [
                        [
                            null,
                            null
                        ]
                    ]
                },
                "span_info": []
            },
            {
                "text": "是这个问题",
                "metadata": {},
                "dialog_act": {
                    "General-Positive": [
                        [
                            null,
                            null
                        ]
                    ]
                },
                "span_info": []
            },
            {
                "text": "满足条件的会议共有50个，点击展开可查看具体信息",
                "metadata": {
                    "Conference": {
                        "semi": {
                            "acronym": [],
                            "year": [],
                            "fullName": [],
                            "paperDue": [],
                            "noticeDue": [],
                            "heldDate": [],
                            "abstractDue": [],
                            "finalDue": [],
                            "location": [
                                "加利福尼亚州"
                            ],
                            "category": [
                                "机器学习"
                            ],
                            "ccf": [
                                "C类以上"
                            ],
                            "website": [],
                            "bestPaper": [],
                            "confRelated": [],
                            "journalRelated": []
                        }
                    },
                    "Paper": {
                        "semi": {
                            "doi": [],
                            "title": [],
                            "author": [],
                            "venue": [],
                            "year": [],
                            "institution": [],
                            "abstract": [],
                            "pdf": [],
                            "blog": []
                        },
                        "download": {
                            "path": []
                        }
                    },
                    "Journal": {
                        "semi": {
                            "name": [],
                            "ISSN": [],
                            "E_ISSN": [],
                            "IF": [],
                            "h_index": [],
                            "self_citing": [],
                            "ccf": [],
                            "sci": [],
                            "website": [],
                            "submit": [],
                            "OA": [],
                            "category": [],
                            "speed": [],
                            "rate": []
                        }
                    },
                    "Author": {
                        "semi": {
                            "name": [],
                            "field": [],
                            "affiliation": [],
                            "position": [],
                            "citations": [],
                            "h_index": [],
                            "pubs": []
                        }
                    },
                    "Institution": {
                        "semi": {
                            "name": [],
                            "address": [],
                            "website": []
                        }
                    }
                },
                "dialog_act": {
                    "Conference-Recommend": [
                        [
                            "Choice",
                            "7"
                        ],
                        [
                            "acronym",
                            "ICML"
                        ],
                        [
                            "acronym",
                            "IJCAI"
                        ],
                        [
                            "acronym",
                            "KDD"
                        ]
                    ]
                },
                "span_info": [
                    [
                        "Conference-Recommend",
                        "acronym",
                        "ICML",
                        -1,
                        2
                    ],
                    [
                        "Conference-Recommend",
                        "acronym",
                        "IJCAI",
                        -1,
                        3
                    ],
                    [
                        "Conference-Recommend",
                        "acronym",
                        "KDD",
                        -1,
                        1
                    ]
                ]
            },
            {
                "text": "你知道到什么时候ICML2017分别发布通告和举行呢",
                "metadata": {},
                "dialog_act": {
                    "Conference-Inform": [
                        [
                            "acronym",
                            "ICML"
                        ],
                        [
                            "year",
                            "2017"
                        ]
                    ],
                    "Conference-Request": [
                        [
                            "noticeDue",
                            "?"
                        ],
                        [
                            "heldDate",
                            "?"
                        ]
                    ]
                },
                "span_info": [
                    [
                        "Conference-Inform",
                        "acronym",
                        "ICML",
                        8,
                        11
                    ],
                    [
                        "Conference-Inform",
                        "year",
                        "2017",
                        12,
                        15
                    ]
                ]
            },
            {
                "text": "目前数据库中没有找到ICML2017的通知时间，之后我们会不断完善数据，感谢您的理解，但是ICML2017的举行时间是2017-08-06",
                "metadata": {
                    "Conference": {
                        "semi": {
                            "acronym": [
                                "ICML"
                            ],
                            "year": [
                                "2017"
                            ],
                            "fullName": [],
                            "paperDue": [],
                            "noticeDue": [],
                            "heldDate": [],
                            "abstractDue": [],
                            "finalDue": [],
                            "location": [
                                "加利福尼亚州"
                            ],
                            "category": [
                                "机器学习"
                            ],
                            "ccf": [
                                "C类以上"
                            ],
                            "website": [],
                            "bestPaper": [],
                            "confRelated": [],
                            "journalRelated": []
                        }
                    },
                    "Paper": {
                        "semi": {
                            "doi": [],
                            "title": [],
                            "author": [],
                            "venue": [],
                            "year": [],
                            "institution": [],
                            "abstract": [],
                            "pdf": [],
                            "blog": []
                        },
                        "download": {
                            "path": []
                        }
                    },
                    "Journal": {
                        "semi": {
                            "name": [],
                            "ISSN": [],
                            "E_ISSN": [],
                            "IF": [],
                            "h_index": [],
                            "self_citing": [],
                            "ccf": [],
                            "sci": [],
                            "website": [],
                            "submit": [],
                            "OA": [],
                            "category": [],
                            "speed": [],
                            "rate": []
                        }
                    },
                    "Author": {
                        "semi": {
                            "name": [],
                            "field": [],
                            "affiliation": [],
                            "position": [],
                            "citations": [],
                            "h_index": [],
                            "pubs": []
                        }
                    },
                    "Institution": {
                        "semi": {
                            "name": [],
                            "address": [],
                            "website": []
                        }
                    }
                },
                "dialog_act": {
                    "Conference-Inform": [
                        [
                            "acronym",
                            "ICML"
                        ],
                        [
                            "year",
                            "2017"
                        ],
                        [
                            "heldDate",
                            "2017-08-06"
                        ]
                    ],
                    "Conference-NoInform": [
                        [
                            "noticeDue",
                            null
                        ]
                    ]
                },
                "span_info": [
                    [
                        "Conference-Inform",
                        "acronym",
                        "ICML",
                        10,
                        13
                    ],
                    [
                        "Conference-Inform",
                        "year",
                        "2017",
                        14,
                        17
                    ],
                    [
                        "Conference-Inform",
                        "heldDate",
                        "2017-08-06",
                        59,
                        68
                    ]
                ]
            },
            {
                "text": "请问ICML的最佳论文有哪些",
                "metadata": {},
                "dialog_act": {
                    "Conference-Inform": [
                        [
                            "acronym",
                            "ICML"
                        ]
                    ],
                    "Conference-Request": [
                        [
                            "bestPaper",
                            "?"
                        ]
                    ]
                },
                "span_info": [
                    [
                        "Conference-Inform",
                        "acronym",
                        "ICML",
                        2,
                        5
                    ]
                ]
            },
            {
                "text": "目前数据库中没有找到ICML会议的最佳论文，之后我们会不断完善数据，感谢您的理解",
                "metadata": {
                    "Conference": {
                        "semi": {
                            "acronym": [
                                "ICML"
                            ],
                            "year": [
                                "2017"
                            ],
                            "fullName": [],
                            "paperDue": [],
                            "noticeDue": [],
                            "heldDate": [
                                "2017-08-06"
                            ],
                            "abstractDue": [],
                            "finalDue": [],
                            "location": [
                                "加利福尼亚州"
                            ],
                            "category": [
                                "机器学习"
                            ],
                            "ccf": [
                                "C类以上"
                            ],
                            "website": [],
                            "bestPaper": [],
                            "confRelated": [],
                            "journalRelated": []
                        }
                    },
                    "Paper": {
                        "semi": {
                            "doi": [],
                            "title": [],
                            "author": [],
                            "venue": [],
                            "year": [],
                            "institution": [],
                            "abstract": [],
                            "pdf": [],
                            "blog": []
                        },
                        "download": {
                            "path": []
                        }
                    },
                    "Journal": {
                        "semi": {
                            "name": [],
                            "ISSN": [],
                            "E_ISSN": [],
                            "IF": [],
                            "h_index": [],
                            "self_citing": [],
                            "ccf": [],
                            "sci": [],
                            "website": [],
                            "submit": [],
                            "OA": [],
                            "category": [],
                            "speed": [],
                            "rate": []
                        }
                    },
                    "Author": {
                        "semi": {
                            "name": [],
                            "field": [],
                            "affiliation": [],
                            "position": [],
                            "citations": [],
                            "h_index": [],
                            "pubs": []
                        }
                    },
                    "Institution": {
                        "semi": {
                            "name": [],
                            "address": [],
                            "website": []
                        }
                    }
                },
                "dialog_act": {
                    "Conference-Inform": [
                        [
                            "acronym",
                            "ICML"
                        ]
                    ],
                    "Conference-NoInform": [
                        [
                            "bestPaper",
                            null
                        ]
                    ]
                },
                "span_info": [
                    [
                        "Conference-Inform",
                        "acronym",
                        "ICML",
                        10,
                        13
                    ]
                ]
            }
        ]
    }
}