{
    "SFTF_040830": {
        "goal": {
            "Conference": {
                "semi": {
                    "acronym": [
                        "CSIA"
                    ],
                    "year": [
                        "2021"
                    ],
                    "fullName": [],
                    "paperDue": [
                        "2006-11-20"
                    ],
                    "noticeDue": [],
                    "heldDate": [
                        "从11月26日到12月6日"
                    ],
                    "abstractDue": [],
                    "finalDue": [
                        "2019-11-21"
                    ],
                    "location": [
                        "英国伦敦"
                    ],
                    "category": [],
                    "ccf": [],
                    "website": [],
                    "bestPaper": [],
                    "confRelated": [],
                    "journalRelated": []
                }
            },
            "Paper": {
                "semi": {
                    "doi": [],
                    "title": [],
                    "author": [],
                    "venue": [],
                    "year": [],
                    "institution": [],
                    "abstract": [],
                    "pdf": [],
                    "blog": []
                },
                "download": {
                    "path": []
                }
            },
            "Journal": {
                "semi": {
                    "name": [],
                    "ISSN": [],
                    "E_ISSN": [],
                    "IF": [],
                    "h_index": [],
                    "self_citing": [],
                    "ccf": [],
                    "sci": [],
                    "website": [],
                    "submit": [],
                    "OA": [],
                    "category": [],
                    "speed": [],
                    "rate": []
                }
            },
            "Author": {
                "semi": {
                    "name": [],
                    "field": [],
                    "affiliation": [],
                    "position": [],
                    "citations": [],
                    "h_index": [],
                    "pubs": []
                }
            },
            "Institution": {
                "semi": {
                    "name": [],
                    "address": [],
                    "website": []
                }
            },
            "description": [
                "Given noticeDue,category,ccf; Recommend Conference",
                "Update ccf; Recommend Conference",
                "Given heldDate; Recommend Conference",
                "Add location; Recommend Conference",
                "Request detail of abstractDue",
                "Confirm detail of finalDue",
                "Confirm detail of paperDue"
            ]
        },
        "log": [
            {
                "text": "咨询一下哪些自然语言处理领域的B类会议的通知时间在从12月18日到27日呢",
                "metadata": {},
                "dialog_act": {
                    "Conference-Inform": [
                        [
                            "noticeDue",
                            "从12月18日到27日"
                        ],
                        [
                            "category",
                            "自然语言处理"
                        ],
                        [
                            "ccf",
                            "B类"
                        ]
                    ]
                },
                "span_info": [
                    [
                        "Conference-Inform",
                        "noticeDue",
                        "从12月18日到27日",
                        25,
                        35
                    ],
                    [
                        "Conference-Inform",
                        "category",
                        "自然语言处理",
                        6,
                        11
                    ],
                    [
                        "Conference-Inform",
                        "ccf",
                        "B类",
                        15,
                        16
                    ]
                ]
            },
            {
                "text": "没有相关的会议，你要不问问B类以上会议",
                "metadata": {
                    "Conference": {
                        "semi": {
                            "acronym": [],
                            "year": [],
                            "fullName": [],
                            "paperDue": [],
                            "noticeDue": [
                                "从12月18日到27日"
                            ],
                            "heldDate": [],
                            "abstractDue": [],
                            "finalDue": [],
                            "location": [],
                            "category": [
                                "自然语言处理"
                            ],
                            "ccf": [
                                "B类"
                            ],
                            "website": [],
                            "bestPaper": [],
                            "confRelated": [],
                            "journalRelated": []
                        }
                    },
                    "Paper": {
                        "semi": {
                            "doi": [],
                            "title": [],
                            "author": [],
                            "venue": [],
                            "year": [],
                            "institution": [],
                            "abstract": [],
                            "pdf": [],
                            "blog": []
                        },
                        "download": {
                            "path": []
                        }
                    },
                    "Journal": {
                        "semi": {
                            "name": [],
                            "ISSN": [],
                            "E_ISSN": [],
                            "IF": [],
                            "h_index": [],
                            "self_citing": [],
                            "ccf": [],
                            "sci": [],
                            "website": [],
                            "submit": [],
                            "OA": [],
                            "category": [],
                            "speed": [],
                            "rate": []
                        }
                    },
                    "Author": {
                        "semi": {
                            "name": [],
                            "field": [],
                            "affiliation": [],
                            "position": [],
                            "citations": [],
                            "h_index": [],
                            "pubs": []
                        }
                    },
                    "Institution": {
                        "semi": {
                            "name": [],
                            "address": [],
                            "website": []
                        }
                    }
                },
                "dialog_act": {
                    "Conference-Recommend": [
                        [
                            "Choice",
                            "0"
                        ],
                        [
                            "ccf",
                            "B类以上"
                        ]
                    ]
                },
                "span_info": [
                    [
                        "Conference-Recommend",
                        "ccf",
                        "B类以上",
                        13,
                        16
                    ]
                ]
            },
            {
                "text": "请问有涉及B类以上会议的吗",
                "metadata": {},
                "dialog_act": {
                    "Conference-Inform": [
                        [
                            "ccf",
                            "B类以上"
                        ]
                    ]
                },
                "span_info": [
                    [
                        "Conference-Update",
                        "ccf",
                        "B类以上",
                        5,
                        8
                    ]
                ]
            },
            {
                "text": "符合条件的会议有0个",
                "metadata": {
                    "Conference": {
                        "semi": {
                            "acronym": [],
                            "year": [],
                            "fullName": [],
                            "paperDue": [],
                            "noticeDue": [
                                "从12月18日到27日"
                            ],
                            "heldDate": [],
                            "abstractDue": [],
                            "finalDue": [],
                            "location": [],
                            "category": [
                                "自然语言处理"
                            ],
                            "ccf": [
                                "B类以上"
                            ],
                            "website": [],
                            "bestPaper": [],
                            "confRelated": [],
                            "journalRelated": []
                        }
                    },
                    "Paper": {
                        "semi": {
                            "doi": [],
                            "title": [],
                            "author": [],
                            "venue": [],
                            "year": [],
                            "institution": [],
                            "abstract": [],
                            "pdf": [],
                            "blog": []
                        },
                        "download": {
                            "path": []
                        }
                    },
                    "Journal": {
                        "semi": {
                            "name": [],
                            "ISSN": [],
                            "E_ISSN": [],
                            "IF": [],
                            "h_index": [],
                            "self_citing": [],
                            "ccf": [],
                            "sci": [],
                            "website": [],
                            "submit": [],
                            "OA": [],
                            "category": [],
                            "speed": [],
                            "rate": []
                        }
                    },
                    "Author": {
                        "semi": {
                            "name": [],
                            "field": [],
                            "affiliation": [],
                            "position": [],
                            "citations": [],
                            "h_index": [],
                            "pubs": []
                        }
                    },
                    "Institution": {
                        "semi": {
                            "name": [],
                            "address": [],
                            "website": []
                        }
                    }
                },
                "dialog_act": {
                    "Conference-Recommend": [
                        [
                            "Choice",
                            "0"
                        ]
                    ]
                },
                "span_info": []
            },
            {
                "text": "请问从11月26日到12月6日举办的会议有哪些",
                "metadata": {},
                "dialog_act": {
                    "Conference-Inform": [
                        [
                            "heldDate",
                            "从11月26日到12月6日"
                        ]
                    ]
                },
                "span_info": [
                    [
                        "Conference-Inform",
                        "heldDate",
                        "从11月26日到12月6日",
                        2,
                        14
                    ]
                ]
            },
            {
                "text": "满足条件的会议共有50个，您还有什么其他的要求嘛",
                "metadata": {
                    "Conference": {
                        "semi": {
                            "acronym": [],
                            "year": [],
                            "fullName": [],
                            "paperDue": [],
                            "noticeDue": [],
                            "heldDate": [
                                "从11月26日到12月6日"
                            ],
                            "abstractDue": [],
                            "finalDue": [],
                            "location": [],
                            "category": [],
                            "ccf": [],
                            "website": [],
                            "bestPaper": [],
                            "confRelated": [],
                            "journalRelated": []
                        }
                    },
                    "Paper": {
                        "semi": {
                            "doi": [],
                            "title": [],
                            "author": [],
                            "venue": [],
                            "year": [],
                            "institution": [],
                            "abstract": [],
                            "pdf": [],
                            "blog": []
                        },
                        "download": {
                            "path": []
                        }
                    },
                    "Journal": {
                        "semi": {
                            "name": [],
                            "ISSN": [],
                            "E_ISSN": [],
                            "IF": [],
                            "h_index": [],
                            "self_citing": [],
                            "ccf": [],
                            "sci": [],
                            "website": [],
                            "submit": [],
                            "OA": [],
                            "category": [],
                            "speed": [],
                            "rate": []
                        }
                    },
                    "Author": {
                        "semi": {
                            "name": [],
                            "field": [],
                            "affiliation": [],
                            "position": [],
                            "citations": [],
                            "h_index": [],
                            "pubs": []
                        }
                    },
                    "Institution": {
                        "semi": {
                            "name": [],
                            "address": [],
                            "website": []
                        }
                    }
                },
                "dialog_act": {
                    "Conference-Recommend": [
                        [
                            "Choice",
                            "33"
                        ]
                    ],
                    "Conference-Reqmore": [
                        [
                            "?",
                            "?"
                        ]
                    ]
                },
                "span_info": []
            },
            {
                "text": "你知道它们中间在英国伦敦要举办的嘛",
                "metadata": {},
                "dialog_act": {
                    "Conference-Inform": [
                        [
                            "location",
                            "英国伦敦"
                        ]
                    ]
                },
                "span_info": [
                    [
                        "Conference-Add",
                        "location",
                        "英国伦敦",
                        8,
                        11
                    ]
                ]
            },
            {
                "text": "满足条件的会议共有1个，它就是CSIA",
                "metadata": {
                    "Conference": {
                        "semi": {
                            "acronym": [],
                            "year": [],
                            "fullName": [],
                            "paperDue": [],
                            "noticeDue": [],
                            "heldDate": [
                                "从11月26日到12月6日"
                            ],
                            "abstractDue": [],
                            "finalDue": [],
                            "location": [
                                "英国伦敦"
                            ],
                            "category": [],
                            "ccf": [],
                            "website": [],
                            "bestPaper": [],
                            "confRelated": [],
                            "journalRelated": []
                        }
                    },
                    "Paper": {
                        "semi": {
                            "doi": [],
                            "title": [],
                            "author": [],
                            "venue": [],
                            "year": [],
                            "institution": [],
                            "abstract": [],
                            "pdf": [],
                            "blog": []
                        },
                        "download": {
                            "path": []
                        }
                    },
                    "Journal": {
                        "semi": {
                            "name": [],
                            "ISSN": [],
                            "E_ISSN": [],
                            "IF": [],
                            "h_index": [],
                            "self_citing": [],
                            "ccf": [],
                            "sci": [],
                            "website": [],
                            "submit": [],
                            "OA": [],
                            "category": [],
                            "speed": [],
                            "rate": []
                        }
                    },
                    "Author": {
                        "semi": {
                            "name": [],
                            "field": [],
                            "affiliation": [],
                            "position": [],
                            "citations": [],
                            "h_index": [],
                            "pubs": []
                        }
                    },
                    "Institution": {
                        "semi": {
                            "name": [],
                            "address": [],
                            "website": []
                        }
                    }
                },
                "dialog_act": {
                    "Conference-Recommend": [
                        [
                            "Choice",
                            "1"
                        ],
                        [
                            "acronym",
                            "CSIA"
                        ]
                    ]
                },
                "span_info": [
                    [
                        "Conference-Recommend",
                        "acronym",
                        "CSIA",
                        15,
                        18
                    ]
                ]
            },
            {
                "text": "CSIA 2021什么时候截止提交摘要呢",
                "metadata": {},
                "dialog_act": {
                    "Conference-Inform": [
                        [
                            "acronym",
                            "CSIA"
                        ],
                        [
                            "year",
                            "2021"
                        ]
                    ],
                    "Conference-Request": [
                        [
                            "abstractDue",
                            "?"
                        ]
                    ]
                },
                "span_info": [
                    [
                        "Conference-Inform",
                        "acronym",
                        "CSIA",
                        0,
                        3
                    ],
                    [
                        "Conference-Inform",
                        "year",
                        "2021",
                        5,
                        8
                    ]
                ]
            },
            {
                "text": "目前数据库中没有找到CSIA2021的摘要截稿时间，你想了解一下CSIA2021的通知时间嘛",
                "metadata": {
                    "Conference": {
                        "semi": {
                            "acronym": [
                                "CSIA"
                            ],
                            "year": [
                                "2021"
                            ],
                            "fullName": [],
                            "paperDue": [],
                            "noticeDue": [],
                            "heldDate": [
                                "从11月26日到12月6日"
                            ],
                            "abstractDue": [],
                            "finalDue": [],
                            "location": [
                                "英国伦敦"
                            ],
                            "category": [],
                            "ccf": [],
                            "website": [],
                            "bestPaper": [],
                            "confRelated": [],
                            "journalRelated": []
                        }
                    },
                    "Paper": {
                        "semi": {
                            "doi": [],
                            "title": [],
                            "author": [],
                            "venue": [],
                            "year": [],
                            "institution": [],
                            "abstract": [],
                            "pdf": [],
                            "blog": []
                        },
                        "download": {
                            "path": []
                        }
                    },
                    "Journal": {
                        "semi": {
                            "name": [],
                            "ISSN": [],
                            "E_ISSN": [],
                            "IF": [],
                            "h_index": [],
                            "self_citing": [],
                            "ccf": [],
                            "sci": [],
                            "website": [],
                            "submit": [],
                            "OA": [],
                            "category": [],
                            "speed": [],
                            "rate": []
                        }
                    },
                    "Author": {
                        "semi": {
                            "name": [],
                            "field": [],
                            "affiliation": [],
                            "position": [],
                            "citations": [],
                            "h_index": [],
                            "pubs": []
                        }
                    },
                    "Institution": {
                        "semi": {
                            "name": [],
                            "address": [],
                            "website": []
                        }
                    }
                },
                "dialog_act": {
                    "Conference-Inform": [
                        [
                            "acronym",
                            "CSIA"
                        ],
                        [
                            "year",
                            "2021"
                        ]
                    ],
                    "Conference-NoInform": [
                        [
                            "abstractDue",
                            null
                        ]
                    ],
                    "Conference-Recommend": [
                        [
                            "noticeDue",
                            "?"
                        ]
                    ]
                },
                "span_info": [
                    [
                        "Conference-Inform",
                        "acronym",
                        "CSIA",
                        10,
                        13
                    ],
                    [
                        "Conference-Inform",
                        "year",
                        "2021",
                        14,
                        17
                    ]
                ]
            },
            {
                "text": "请问CSIA2021是不是2019-11-21截止提交最终版论文了呢",
                "metadata": {},
                "dialog_act": {
                    "Conference-Inform": [
                        [
                            "acronym",
                            "CSIA"
                        ],
                        [
                            "year",
                            "2021"
                        ]
                    ],
                    "Conference-Confirm": [
                        [
                            "finalDue",
                            "2019-11-21"
                        ]
                    ]
                },
                "span_info": [
                    [
                        "Conference-Inform",
                        "acronym",
                        "CSIA",
                        2,
                        5
                    ],
                    [
                        "Conference-Inform",
                        "year",
                        "2021",
                        6,
                        9
                    ],
                    [
                        "Conference-Confirm",
                        "finalDue",
                        "2019-11-21",
                        13,
                        22
                    ]
                ]
            },
            {
                "text": "嗯嗯是的呢",
                "metadata": {
                    "Conference": {
                        "semi": {
                            "acronym": [
                                "CSIA"
                            ],
                            "year": [
                                "2021"
                            ],
                            "fullName": [],
                            "paperDue": [],
                            "noticeDue": [],
                            "heldDate": [
                                "从11月26日到12月6日"
                            ],
                            "abstractDue": [],
                            "finalDue": [
                                "2019-11-21"
                            ],
                            "location": [
                                "英国伦敦"
                            ],
                            "category": [],
                            "ccf": [],
                            "website": [],
                            "bestPaper": [],
                            "confRelated": [],
                            "journalRelated": []
                        }
                    },
                    "Paper": {
                        "semi": {
                            "doi": [],
                            "title": [],
                            "author": [],
                            "venue": [],
                            "year": [],
                            "institution": [],
                            "abstract": [],
                            "pdf": [],
                            "blog": []
                        },
                        "download": {
                            "path": []
                        }
                    },
                    "Journal": {
                        "semi": {
                            "name": [],
                            "ISSN": [],
                            "E_ISSN": [],
                            "IF": [],
                            "h_index": [],
                            "self_citing": [],
                            "ccf": [],
                            "sci": [],
                            "website": [],
                            "submit": [],
                            "OA": [],
                            "category": [],
                            "speed": [],
                            "rate": []
                        }
                    },
                    "Author": {
                        "semi": {
                            "name": [],
                            "field": [],
                            "affiliation": [],
                            "position": [],
                            "citations": [],
                            "h_index": [],
                            "pubs": []
                        }
                    },
                    "Institution": {
                        "semi": {
                            "name": [],
                            "address": [],
                            "website": []
                        }
                    }
                },
                "dialog_act": {
                    "General-Positive": [
                        [
                            null,
                            null
                        ]
                    ]
                },
                "span_info": []
            },
            {
                "text": "请问CSIA2021是不是2006-11-20要截稿了呢",
                "metadata": {},
                "dialog_act": {
                    "Conference-Inform": [
                        [
                            "acronym",
                            "CSIA"
                        ],
                        [
                            "year",
                            "2021"
                        ]
                    ],
                    "Conference-Confirm": [
                        [
                            "paperDue",
                            "2006-11-20"
                        ]
                    ]
                },
                "span_info": [
                    [
                        "Conference-Inform",
                        "acronym",
                        "CSIA",
                        2,
                        5
                    ],
                    [
                        "Conference-Inform",
                        "year",
                        "2021",
                        6,
                        9
                    ],
                    [
                        "Conference-Confirm",
                        "paperDue",
                        "2006-11-20",
                        13,
                        22
                    ]
                ]
            },
            {
                "text": "是的呢",
                "metadata": {
                    "Conference": {
                        "semi": {
                            "acronym": [
                                "CSIA"
                            ],
                            "year": [
                                "2021"
                            ],
                            "fullName": [],
                            "paperDue": [
                                "2006-11-20"
                            ],
                            "noticeDue": [],
                            "heldDate": [
                                "从11月26日到12月6日"
                            ],
                            "abstractDue": [],
                            "finalDue": [
                                "2019-11-21"
                            ],
                            "location": [
                                "英国伦敦"
                            ],
                            "category": [],
                            "ccf": [],
                            "website": [],
                            "bestPaper": [],
                            "confRelated": [],
                            "journalRelated": []
                        }
                    },
                    "Paper": {
                        "semi": {
                            "doi": [],
                            "title": [],
                            "author": [],
                            "venue": [],
                            "year": [],
                            "institution": [],
                            "abstract": [],
                            "pdf": [],
                            "blog": []
                        },
                        "download": {
                            "path": []
                        }
                    },
                    "Journal": {
                        "semi": {
                            "name": [],
                            "ISSN": [],
                            "E_ISSN": [],
                            "IF": [],
                            "h_index": [],
                            "self_citing": [],
                            "ccf": [],
                            "sci": [],
                            "website": [],
                            "submit": [],
                            "OA": [],
                            "category": [],
                            "speed": [],
                            "rate": []
                        }
                    },
                    "Author": {
                        "semi": {
                            "name": [],
                            "field": [],
                            "affiliation": [],
                            "position": [],
                            "citations": [],
                            "h_index": [],
                            "pubs": []
                        }
                    },
                    "Institution": {
                        "semi": {
                            "name": [],
                            "address": [],
                            "website": []
                        }
                    }
                },
                "dialog_act": {
                    "General-Positive": [
                        [
                            null,
                            null
                        ]
                    ]
                },
                "span_info": []
            }
        ]
    }
}