{
    "SFTF_040211": {
        "goal": {
            "Conference": {
                "semi": {
                    "acronym": [],
                    "year": [],
                    "fullName": [],
                    "paperDue": [],
                    "noticeDue": [],
                    "heldDate": [],
                    "abstractDue": [],
                    "finalDue": [],
                    "location": [],
                    "category": [],
                    "ccf": [],
                    "website": [],
                    "bestPaper": [],
                    "confRelated": [],
                    "journalRelated": []
                }
            },
            "Paper": {
                "semi": {
                    "doi": [],
                    "title": [],
                    "author": [],
                    "venue": [],
                    "year": [],
                    "institution": [],
                    "abstract": [],
                    "pdf": [],
                    "blog": []
                },
                "download": {
                    "path": []
                }
            },
            "Journal": {
                "semi": {
                    "name": [],
                    "ISSN": [],
                    "E_ISSN": [],
                    "IF": [],
                    "h_index": [],
                    "self_citing": [],
                    "ccf": [],
                    "sci": [],
                    "website": [],
                    "submit": [],
                    "OA": [],
                    "category": [],
                    "speed": [],
                    "rate": []
                }
            },
            "Author": {
                "semi": {
                    "name": [
                        "逯高清"
                    ],
                    "field": [
                        "纳米粒子"
                    ],
                    "affiliation": [],
                    "position": [
                        "副校长"
                    ],
                    "citations": [],
                    "h_index": [],
                    "pubs": [],
                    "institution": [
                        "卡内基梅隆大学计算机科学系"
                    ]
                }
            },
            "Institution": {
                "semi": {
                    "name": [],
                    "address": [],
                    "website": []
                }
            },
            "description": [
                "Given field,institution,position; Recommend Author",
                "Update institution; Recommend Author",
                "Update position; Recommend Author",
                "Update field; Recommend Author",
                "Update field; Recommend Author",
                "Update position; Recommend Author",
                "When choice=0 and system confirms, give positive answer then inform again",
                "Update position; Recommend Author",
                "Update position; Recommend Author",
                "Update position; Recommend Author",
                "Update position; Recommend Author",
                "Update position; Recommend Author",
                "Update position; Recommend Author",
                "Update institution; Recommend Author",
                "Given field; Recommend Author",
                "Add position; Recommend Author",
                "Update field; Recommend Author",
                "Update position; Recommend Author",
                "Confirm detail of institution"
            ]
        },
        "log": [
            {
                "text": "中国科学院物理研究所有哪些做预后方向的临床教授呢",
                "metadata": {},
                "dialog_act": {
                    "Author-Inform": [
                        [
                            "field",
                            "预后"
                        ],
                        [
                            "institution",
                            "中国科学院物理研究所"
                        ],
                        [
                            "position",
                            "临床教授"
                        ]
                    ]
                },
                "span_info": [
                    [
                        "Author-Inform",
                        "field",
                        "预后",
                        14,
                        15
                    ],
                    [
                        "Author-Inform",
                        "institution",
                        "中国科学院物理研究所",
                        0,
                        9
                    ],
                    [
                        "Author-Inform",
                        "position",
                        "临床教授",
                        19,
                        22
                    ]
                ]
            },
            {
                "text": "找到0个相关的作者唉",
                "metadata": {
                    "Conference": {
                        "semi": {
                            "acronym": [],
                            "year": [],
                            "fullName": [],
                            "paperDue": [],
                            "noticeDue": [],
                            "heldDate": [],
                            "abstractDue": [],
                            "finalDue": [],
                            "location": [],
                            "category": [],
                            "ccf": [],
                            "website": [],
                            "bestPaper": [],
                            "confRelated": [],
                            "journalRelated": []
                        }
                    },
                    "Paper": {
                        "semi": {
                            "doi": [],
                            "title": [],
                            "author": [],
                            "venue": [],
                            "year": [],
                            "institution": [],
                            "abstract": [],
                            "pdf": [],
                            "blog": []
                        },
                        "download": {
                            "path": []
                        }
                    },
                    "Journal": {
                        "semi": {
                            "name": [],
                            "ISSN": [],
                            "E_ISSN": [],
                            "IF": [],
                            "h_index": [],
                            "self_citing": [],
                            "ccf": [],
                            "sci": [],
                            "website": [],
                            "submit": [],
                            "OA": [],
                            "category": [],
                            "speed": [],
                            "rate": []
                        }
                    },
                    "Author": {
                        "semi": {
                            "name": [],
                            "field": [
                                "预后"
                            ],
                            "affiliation": [],
                            "position": [
                                "临床教授"
                            ],
                            "citations": [],
                            "h_index": [],
                            "pubs": [],
                            "institution": [
                                "中国科学院物理研究所"
                            ]
                        }
                    },
                    "Institution": {
                        "semi": {
                            "name": [],
                            "address": [],
                            "website": []
                        }
                    }
                },
                "dialog_act": {
                    "Author-Recommend": [
                        [
                            "Choice",
                            "0"
                        ]
                    ]
                },
                "span_info": []
            },
            {
                "text": "如果是北京协和医学院药物研究所的，有吗",
                "metadata": {},
                "dialog_act": {
                    "Author-Inform": [
                        [
                            "institution",
                            "北京协和医学院药物研究所"
                        ]
                    ]
                },
                "span_info": [
                    [
                        "Author-Update",
                        "institution",
                        "北京协和医学院药物研究所",
                        3,
                        14
                    ]
                ]
            },
            {
                "text": "没有符合条件的作者",
                "metadata": {
                    "Conference": {
                        "semi": {
                            "acronym": [],
                            "year": [],
                            "fullName": [],
                            "paperDue": [],
                            "noticeDue": [],
                            "heldDate": [],
                            "abstractDue": [],
                            "finalDue": [],
                            "location": [],
                            "category": [],
                            "ccf": [],
                            "website": [],
                            "bestPaper": [],
                            "confRelated": [],
                            "journalRelated": []
                        }
                    },
                    "Paper": {
                        "semi": {
                            "doi": [],
                            "title": [],
                            "author": [],
                            "venue": [],
                            "year": [],
                            "institution": [],
                            "abstract": [],
                            "pdf": [],
                            "blog": []
                        },
                        "download": {
                            "path": []
                        }
                    },
                    "Journal": {
                        "semi": {
                            "name": [],
                            "ISSN": [],
                            "E_ISSN": [],
                            "IF": [],
                            "h_index": [],
                            "self_citing": [],
                            "ccf": [],
                            "sci": [],
                            "website": [],
                            "submit": [],
                            "OA": [],
                            "category": [],
                            "speed": [],
                            "rate": []
                        }
                    },
                    "Author": {
                        "semi": {
                            "name": [],
                            "field": [
                                "预后"
                            ],
                            "affiliation": [],
                            "position": [
                                "临床教授"
                            ],
                            "citations": [],
                            "h_index": [],
                            "pubs": [],
                            "institution": [
                                "北京协和医学院药物研究所"
                            ]
                        }
                    },
                    "Institution": {
                        "semi": {
                            "name": [],
                            "address": [],
                            "website": []
                        }
                    }
                },
                "dialog_act": {
                    "Author-Recommend": [
                        [
                            "Choice",
                            "0"
                        ]
                    ]
                },
                "span_info": []
            },
            {
                "text": "涉及职称是副教授的人有哪些",
                "metadata": {},
                "dialog_act": {
                    "Author-Inform": [
                        [
                            "position",
                            "副教授"
                        ]
                    ]
                },
                "span_info": [
                    [
                        "Author-Update",
                        "position",
                        "副教授",
                        5,
                        7
                    ]
                ]
            },
            {
                "text": "抱歉没有找到符合条件的会议唉，你要不问一下细胞凋亡领域的学者",
                "metadata": {
                    "Conference": {
                        "semi": {
                            "acronym": [],
                            "year": [],
                            "fullName": [],
                            "paperDue": [],
                            "noticeDue": [],
                            "heldDate": [],
                            "abstractDue": [],
                            "finalDue": [],
                            "location": [],
                            "category": [],
                            "ccf": [],
                            "website": [],
                            "bestPaper": [],
                            "confRelated": [],
                            "journalRelated": []
                        }
                    },
                    "Paper": {
                        "semi": {
                            "doi": [],
                            "title": [],
                            "author": [],
                            "venue": [],
                            "year": [],
                            "institution": [],
                            "abstract": [],
                            "pdf": [],
                            "blog": []
                        },
                        "download": {
                            "path": []
                        }
                    },
                    "Journal": {
                        "semi": {
                            "name": [],
                            "ISSN": [],
                            "E_ISSN": [],
                            "IF": [],
                            "h_index": [],
                            "self_citing": [],
                            "ccf": [],
                            "sci": [],
                            "website": [],
                            "submit": [],
                            "OA": [],
                            "category": [],
                            "speed": [],
                            "rate": []
                        }
                    },
                    "Author": {
                        "semi": {
                            "name": [],
                            "field": [
                                "预后"
                            ],
                            "affiliation": [],
                            "position": [
                                "副教授"
                            ],
                            "citations": [],
                            "h_index": [],
                            "pubs": [],
                            "institution": [
                                "北京协和医学院药物研究所"
                            ]
                        }
                    },
                    "Institution": {
                        "semi": {
                            "name": [],
                            "address": [],
                            "website": []
                        }
                    }
                },
                "dialog_act": {
                    "Author-Recommend": [
                        [
                            "Choice",
                            "0"
                        ],
                        [
                            "field",
                            "细胞凋亡"
                        ]
                    ]
                },
                "span_info": [
                    [
                        "Author-Recommend",
                        "field",
                        "细胞凋亡",
                        21,
                        24
                    ]
                ]
            },
            {
                "text": "那做细胞凋亡方向的呢",
                "metadata": {},
                "dialog_act": {
                    "Author-Inform": [
                        [
                            "field",
                            "细胞凋亡"
                        ]
                    ]
                },
                "span_info": [
                    [
                        "Author-Update",
                        "field",
                        "细胞凋亡",
                        2,
                        5
                    ]
                ]
            },
            {
                "text": "没有符合条件的作者",
                "metadata": {
                    "Conference": {
                        "semi": {
                            "acronym": [],
                            "year": [],
                            "fullName": [],
                            "paperDue": [],
                            "noticeDue": [],
                            "heldDate": [],
                            "abstractDue": [],
                            "finalDue": [],
                            "location": [],
                            "category": [],
                            "ccf": [],
                            "website": [],
                            "bestPaper": [],
                            "confRelated": [],
                            "journalRelated": []
                        }
                    },
                    "Paper": {
                        "semi": {
                            "doi": [],
                            "title": [],
                            "author": [],
                            "venue": [],
                            "year": [],
                            "institution": [],
                            "abstract": [],
                            "pdf": [],
                            "blog": []
                        },
                        "download": {
                            "path": []
                        }
                    },
                    "Journal": {
                        "semi": {
                            "name": [],
                            "ISSN": [],
                            "E_ISSN": [],
                            "IF": [],
                            "h_index": [],
                            "self_citing": [],
                            "ccf": [],
                            "sci": [],
                            "website": [],
                            "submit": [],
                            "OA": [],
                            "category": [],
                            "speed": [],
                            "rate": []
                        }
                    },
                    "Author": {
                        "semi": {
                            "name": [],
                            "field": [
                                "细胞凋亡"
                            ],
                            "affiliation": [],
                            "position": [
                                "副教授"
                            ],
                            "citations": [],
                            "h_index": [],
                            "pubs": [],
                            "institution": [
                                "北京协和医学院药物研究所"
                            ]
                        }
                    },
                    "Institution": {
                        "semi": {
                            "name": [],
                            "address": [],
                            "website": []
                        }
                    }
                },
                "dialog_act": {
                    "Author-Recommend": [
                        [
                            "Choice",
                            "0"
                        ]
                    ]
                },
                "span_info": []
            },
            {
                "text": "关于做机械性能方向的呢",
                "metadata": {},
                "dialog_act": {
                    "Author-Inform": [
                        [
                            "field",
                            "机械性能"
                        ]
                    ]
                },
                "span_info": [
                    [
                        "Author-Update",
                        "field",
                        "机械性能",
                        3,
                        6
                    ]
                ]
            },
            {
                "text": "找到0个相关的作者唉",
                "metadata": {
                    "Conference": {
                        "semi": {
                            "acronym": [],
                            "year": [],
                            "fullName": [],
                            "paperDue": [],
                            "noticeDue": [],
                            "heldDate": [],
                            "abstractDue": [],
                            "finalDue": [],
                            "location": [],
                            "category": [],
                            "ccf": [],
                            "website": [],
                            "bestPaper": [],
                            "confRelated": [],
                            "journalRelated": []
                        }
                    },
                    "Paper": {
                        "semi": {
                            "doi": [],
                            "title": [],
                            "author": [],
                            "venue": [],
                            "year": [],
                            "institution": [],
                            "abstract": [],
                            "pdf": [],
                            "blog": []
                        },
                        "download": {
                            "path": []
                        }
                    },
                    "Journal": {
                        "semi": {
                            "name": [],
                            "ISSN": [],
                            "E_ISSN": [],
                            "IF": [],
                            "h_index": [],
                            "self_citing": [],
                            "ccf": [],
                            "sci": [],
                            "website": [],
                            "submit": [],
                            "OA": [],
                            "category": [],
                            "speed": [],
                            "rate": []
                        }
                    },
                    "Author": {
                        "semi": {
                            "name": [],
                            "field": [
                                "机械性能"
                            ],
                            "affiliation": [],
                            "position": [
                                "副教授"
                            ],
                            "citations": [],
                            "h_index": [],
                            "pubs": [],
                            "institution": [
                                "北京协和医学院药物研究所"
                            ]
                        }
                    },
                    "Institution": {
                        "semi": {
                            "name": [],
                            "address": [],
                            "website": []
                        }
                    }
                },
                "dialog_act": {
                    "Author-Recommend": [
                        [
                            "Choice",
                            "0"
                        ]
                    ]
                },
                "span_info": []
            },
            {
                "text": "那放射科主任 教授 主任医师 博士研究生导师有哪些呢",
                "metadata": {},
                "dialog_act": {
                    "Author-Inform": [
                        [
                            "position",
                            "放射科主任 教授 主任医师 博士研究生导师"
                        ]
                    ]
                },
                "span_info": [
                    [
                        "Author-Update",
                        "position",
                        "放射科主任 教授 主任医师 博士研究生导师",
                        1,
                        21
                    ]
                ]
            },
            {
                "text": "符合条件的会议有0个，你确定找的是北京大学的放射科主任 教授 主任医师 博士研究生导师嘛",
                "metadata": {
                    "Conference": {
                        "semi": {
                            "acronym": [],
                            "year": [],
                            "fullName": [],
                            "paperDue": [],
                            "noticeDue": [],
                            "heldDate": [],
                            "abstractDue": [],
                            "finalDue": [],
                            "location": [],
                            "category": [],
                            "ccf": [],
                            "website": [],
                            "bestPaper": [],
                            "confRelated": [],
                            "journalRelated": []
                        }
                    },
                    "Paper": {
                        "semi": {
                            "doi": [],
                            "title": [],
                            "author": [],
                            "venue": [],
                            "year": [],
                            "institution": [],
                            "abstract": [],
                            "pdf": [],
                            "blog": []
                        },
                        "download": {
                            "path": []
                        }
                    },
                    "Journal": {
                        "semi": {
                            "name": [],
                            "ISSN": [],
                            "E_ISSN": [],
                            "IF": [],
                            "h_index": [],
                            "self_citing": [],
                            "ccf": [],
                            "sci": [],
                            "website": [],
                            "submit": [],
                            "OA": [],
                            "category": [],
                            "speed": [],
                            "rate": []
                        }
                    },
                    "Author": {
                        "semi": {
                            "name": [],
                            "field": [
                                "机械性能"
                            ],
                            "affiliation": [],
                            "position": [
                                "放射科主任 教授 主任医师 博士研究生导师"
                            ],
                            "citations": [],
                            "h_index": [],
                            "pubs": [],
                            "institution": [
                                "北京协和医学院药物研究所"
                            ]
                        }
                    },
                    "Institution": {
                        "semi": {
                            "name": [],
                            "address": [],
                            "website": []
                        }
                    }
                },
                "dialog_act": {
                    "Author-Recommend": [
                        [
                            "Choice",
                            "0"
                        ]
                    ],
                    "Author-Confirm": [
                        [
                            "position",
                            "放射科主任 教授 主任医师 博士研究生导师"
                        ]
                    ]
                },
                "span_info": [
                    [
                        "Author-Confirm",
                        "position",
                        "放射科主任 教授 主任医师 博士研究生导师",
                        22,
                        42
                    ]
                ]
            },
            {
                "text": "是的呢，你了解哪些中国科学院半导体研究所的讲座教授，和我说说",
                "metadata": {},
                "dialog_act": {
                    "Author-Inform": [
                        [
                            "institution",
                            "中国科学院半导体研究所"
                        ],
                        [
                            "position",
                            "讲座教授"
                        ]
                    ],
                    "General-Positive": [
                        [
                            null,
                            null
                        ]
                    ]
                },
                "span_info": [
                    [
                        "Author-Inform",
                        "institution",
                        "中国科学院半导体研究所",
                        9,
                        19
                    ],
                    [
                        "Author-Inform",
                        "position",
                        "讲座教授",
                        21,
                        24
                    ]
                ]
            },
            {
                "text": "抱歉没有找到符合条件的会议唉，你要不问一下未知职称的学者",
                "metadata": {
                    "Conference": {
                        "semi": {
                            "acronym": [],
                            "year": [],
                            "fullName": [],
                            "paperDue": [],
                            "noticeDue": [],
                            "heldDate": [],
                            "abstractDue": [],
                            "finalDue": [],
                            "location": [],
                            "category": [],
                            "ccf": [],
                            "website": [],
                            "bestPaper": [],
                            "confRelated": [],
                            "journalRelated": []
                        }
                    },
                    "Paper": {
                        "semi": {
                            "doi": [],
                            "title": [],
                            "author": [],
                            "venue": [],
                            "year": [],
                            "institution": [],
                            "abstract": [],
                            "pdf": [],
                            "blog": []
                        },
                        "download": {
                            "path": []
                        }
                    },
                    "Journal": {
                        "semi": {
                            "name": [],
                            "ISSN": [],
                            "E_ISSN": [],
                            "IF": [],
                            "h_index": [],
                            "self_citing": [],
                            "ccf": [],
                            "sci": [],
                            "website": [],
                            "submit": [],
                            "OA": [],
                            "category": [],
                            "speed": [],
                            "rate": []
                        }
                    },
                    "Author": {
                        "semi": {
                            "name": [],
                            "field": [],
                            "affiliation": [],
                            "position": [
                                "讲座教授"
                            ],
                            "citations": [],
                            "h_index": [],
                            "pubs": [],
                            "institution": [
                                "中国科学院半导体研究所"
                            ]
                        }
                    },
                    "Institution": {
                        "semi": {
                            "name": [],
                            "address": [],
                            "website": []
                        }
                    }
                },
                "dialog_act": {
                    "Author-Recommend": [
                        [
                            "Choice",
                            "0"
                        ],
                        [
                            "position",
                            "未知"
                        ]
                    ]
                },
                "span_info": [
                    [
                        "Author-Recommend",
                        "position",
                        "未知",
                        21,
                        22
                    ]
                ]
            },
            {
                "text": "其中未知有哪些呢",
                "metadata": {},
                "dialog_act": {
                    "Author-Inform": [
                        [
                            "position",
                            "未知"
                        ]
                    ]
                },
                "span_info": [
                    [
                        "Author-Update",
                        "position",
                        "未知",
                        2,
                        3
                    ]
                ]
            },
            {
                "text": "没找到相应的作者",
                "metadata": {
                    "Conference": {
                        "semi": {
                            "acronym": [],
                            "year": [],
                            "fullName": [],
                            "paperDue": [],
                            "noticeDue": [],
                            "heldDate": [],
                            "abstractDue": [],
                            "finalDue": [],
                            "location": [],
                            "category": [],
                            "ccf": [],
                            "website": [],
                            "bestPaper": [],
                            "confRelated": [],
                            "journalRelated": []
                        }
                    },
                    "Paper": {
                        "semi": {
                            "doi": [],
                            "title": [],
                            "author": [],
                            "venue": [],
                            "year": [],
                            "institution": [],
                            "abstract": [],
                            "pdf": [],
                            "blog": []
                        },
                        "download": {
                            "path": []
                        }
                    },
                    "Journal": {
                        "semi": {
                            "name": [],
                            "ISSN": [],
                            "E_ISSN": [],
                            "IF": [],
                            "h_index": [],
                            "self_citing": [],
                            "ccf": [],
                            "sci": [],
                            "website": [],
                            "submit": [],
                            "OA": [],
                            "category": [],
                            "speed": [],
                            "rate": []
                        }
                    },
                    "Author": {
                        "semi": {
                            "name": [],
                            "field": [],
                            "affiliation": [],
                            "position": [
                                "未知"
                            ],
                            "citations": [],
                            "h_index": [],
                            "pubs": [],
                            "institution": [
                                "中国科学院半导体研究所"
                            ]
                        }
                    },
                    "Institution": {
                        "semi": {
                            "name": [],
                            "address": [],
                            "website": []
                        }
                    }
                },
                "dialog_act": {
                    "Author-Recommend": [
                        [
                            "Choice",
                            "0"
                        ]
                    ]
                },
                "span_info": []
            },
            {
                "text": "是博导的人有哪些呢",
                "metadata": {},
                "dialog_act": {
                    "Author-Inform": [
                        [
                            "position",
                            "博导"
                        ]
                    ]
                },
                "span_info": [
                    [
                        "Author-Update",
                        "position",
                        "博导",
                        1,
                        2
                    ]
                ]
            },
            {
                "text": "抱歉没有找到符合条件的会议唉，你要不问一下主任职称的学者",
                "metadata": {
                    "Conference": {
                        "semi": {
                            "acronym": [],
                            "year": [],
                            "fullName": [],
                            "paperDue": [],
                            "noticeDue": [],
                            "heldDate": [],
                            "abstractDue": [],
                            "finalDue": [],
                            "location": [],
                            "category": [],
                            "ccf": [],
                            "website": [],
                            "bestPaper": [],
                            "confRelated": [],
                            "journalRelated": []
                        }
                    },
                    "Paper": {
                        "semi": {
                            "doi": [],
                            "title": [],
                            "author": [],
                            "venue": [],
                            "year": [],
                            "institution": [],
                            "abstract": [],
                            "pdf": [],
                            "blog": []
                        },
                        "download": {
                            "path": []
                        }
                    },
                    "Journal": {
                        "semi": {
                            "name": [],
                            "ISSN": [],
                            "E_ISSN": [],
                            "IF": [],
                            "h_index": [],
                            "self_citing": [],
                            "ccf": [],
                            "sci": [],
                            "website": [],
                            "submit": [],
                            "OA": [],
                            "category": [],
                            "speed": [],
                            "rate": []
                        }
                    },
                    "Author": {
                        "semi": {
                            "name": [],
                            "field": [],
                            "affiliation": [],
                            "position": [
                                "博导"
                            ],
                            "citations": [],
                            "h_index": [],
                            "pubs": [],
                            "institution": [
                                "中国科学院半导体研究所"
                            ]
                        }
                    },
                    "Institution": {
                        "semi": {
                            "name": [],
                            "address": [],
                            "website": []
                        }
                    }
                },
                "dialog_act": {
                    "Author-Recommend": [
                        [
                            "Choice",
                            "0"
                        ],
                        [
                            "position",
                            "主任"
                        ]
                    ]
                },
                "span_info": [
                    [
                        "Author-Recommend",
                        "position",
                        "主任",
                        21,
                        22
                    ]
                ]
            },
            {
                "text": "是主任的人有哪些呢",
                "metadata": {},
                "dialog_act": {
                    "Author-Inform": [
                        [
                            "position",
                            "主任"
                        ]
                    ]
                },
                "span_info": [
                    [
                        "Author-Update",
                        "position",
                        "主任",
                        1,
                        2
                    ]
                ]
            },
            {
                "text": "抱歉没有找到符合条件的会议唉，你要不问一下主任医师职称的学者",
                "metadata": {
                    "Conference": {
                        "semi": {
                            "acronym": [],
                            "year": [],
                            "fullName": [],
                            "paperDue": [],
                            "noticeDue": [],
                            "heldDate": [],
                            "abstractDue": [],
                            "finalDue": [],
                            "location": [],
                            "category": [],
                            "ccf": [],
                            "website": [],
                            "bestPaper": [],
                            "confRelated": [],
                            "journalRelated": []
                        }
                    },
                    "Paper": {
                        "semi": {
                            "doi": [],
                            "title": [],
                            "author": [],
                            "venue": [],
                            "year": [],
                            "institution": [],
                            "abstract": [],
                            "pdf": [],
                            "blog": []
                        },
                        "download": {
                            "path": []
                        }
                    },
                    "Journal": {
                        "semi": {
                            "name": [],
                            "ISSN": [],
                            "E_ISSN": [],
                            "IF": [],
                            "h_index": [],
                            "self_citing": [],
                            "ccf": [],
                            "sci": [],
                            "website": [],
                            "submit": [],
                            "OA": [],
                            "category": [],
                            "speed": [],
                            "rate": []
                        }
                    },
                    "Author": {
                        "semi": {
                            "name": [],
                            "field": [],
                            "affiliation": [],
                            "position": [
                                "主任"
                            ],
                            "citations": [],
                            "h_index": [],
                            "pubs": [],
                            "institution": [
                                "中国科学院半导体研究所"
                            ]
                        }
                    },
                    "Institution": {
                        "semi": {
                            "name": [],
                            "address": [],
                            "website": []
                        }
                    }
                },
                "dialog_act": {
                    "Author-Recommend": [
                        [
                            "Choice",
                            "0"
                        ],
                        [
                            "position",
                            "主任医师"
                        ]
                    ]
                },
                "span_info": [
                    [
                        "Author-Recommend",
                        "position",
                        "主任医师",
                        21,
                        24
                    ]
                ]
            },
            {
                "text": "其中作为主任医师的人有哪些呢",
                "metadata": {},
                "dialog_act": {
                    "Author-Inform": [
                        [
                            "position",
                            "主任医师"
                        ]
                    ]
                },
                "span_info": [
                    [
                        "Author-Update",
                        "position",
                        "主任医师",
                        4,
                        7
                    ]
                ]
            },
            {
                "text": "符合条件的作者有0个",
                "metadata": {
                    "Conference": {
                        "semi": {
                            "acronym": [],
                            "year": [],
                            "fullName": [],
                            "paperDue": [],
                            "noticeDue": [],
                            "heldDate": [],
                            "abstractDue": [],
                            "finalDue": [],
                            "location": [],
                            "category": [],
                            "ccf": [],
                            "website": [],
                            "bestPaper": [],
                            "confRelated": [],
                            "journalRelated": []
                        }
                    },
                    "Paper": {
                        "semi": {
                            "doi": [],
                            "title": [],
                            "author": [],
                            "venue": [],
                            "year": [],
                            "institution": [],
                            "abstract": [],
                            "pdf": [],
                            "blog": []
                        },
                        "download": {
                            "path": []
                        }
                    },
                    "Journal": {
                        "semi": {
                            "name": [],
                            "ISSN": [],
                            "E_ISSN": [],
                            "IF": [],
                            "h_index": [],
                            "self_citing": [],
                            "ccf": [],
                            "sci": [],
                            "website": [],
                            "submit": [],
                            "OA": [],
                            "category": [],
                            "speed": [],
                            "rate": []
                        }
                    },
                    "Author": {
                        "semi": {
                            "name": [],
                            "field": [],
                            "affiliation": [],
                            "position": [
                                "主任医师"
                            ],
                            "citations": [],
                            "h_index": [],
                            "pubs": [],
                            "institution": [
                                "中国科学院半导体研究所"
                            ]
                        }
                    },
                    "Institution": {
                        "semi": {
                            "name": [],
                            "address": [],
                            "website": []
                        }
                    }
                },
                "dialog_act": {
                    "Author-Recommend": [
                        [
                            "Choice",
                            "0"
                        ]
                    ]
                },
                "span_info": []
            },
            {
                "text": "其中关于副研究员的呢",
                "metadata": {},
                "dialog_act": {
                    "Author-Inform": [
                        [
                            "position",
                            "副研究员"
                        ]
                    ]
                },
                "span_info": [
                    [
                        "Author-Update",
                        "position",
                        "副研究员",
                        4,
                        7
                    ]
                ]
            },
            {
                "text": "找到0个相关的会议唉，你要不问一下讲座教授职称的学者",
                "metadata": {
                    "Conference": {
                        "semi": {
                            "acronym": [],
                            "year": [],
                            "fullName": [],
                            "paperDue": [],
                            "noticeDue": [],
                            "heldDate": [],
                            "abstractDue": [],
                            "finalDue": [],
                            "location": [],
                            "category": [],
                            "ccf": [],
                            "website": [],
                            "bestPaper": [],
                            "confRelated": [],
                            "journalRelated": []
                        }
                    },
                    "Paper": {
                        "semi": {
                            "doi": [],
                            "title": [],
                            "author": [],
                            "venue": [],
                            "year": [],
                            "institution": [],
                            "abstract": [],
                            "pdf": [],
                            "blog": []
                        },
                        "download": {
                            "path": []
                        }
                    },
                    "Journal": {
                        "semi": {
                            "name": [],
                            "ISSN": [],
                            "E_ISSN": [],
                            "IF": [],
                            "h_index": [],
                            "self_citing": [],
                            "ccf": [],
                            "sci": [],
                            "website": [],
                            "submit": [],
                            "OA": [],
                            "category": [],
                            "speed": [],
                            "rate": []
                        }
                    },
                    "Author": {
                        "semi": {
                            "name": [],
                            "field": [],
                            "affiliation": [],
                            "position": [
                                "副研究员"
                            ],
                            "citations": [],
                            "h_index": [],
                            "pubs": [],
                            "institution": [
                                "中国科学院半导体研究所"
                            ]
                        }
                    },
                    "Institution": {
                        "semi": {
                            "name": [],
                            "address": [],
                            "website": []
                        }
                    }
                },
                "dialog_act": {
                    "Author-Recommend": [
                        [
                            "Choice",
                            "0"
                        ],
                        [
                            "position",
                            "讲座教授"
                        ]
                    ]
                },
                "span_info": [
                    [
                        "Author-Recommend",
                        "position",
                        "讲座教授",
                        17,
                        20
                    ]
                ]
            },
            {
                "text": "涉及职称是讲座教授的人有哪些",
                "metadata": {},
                "dialog_act": {
                    "Author-Inform": [
                        [
                            "position",
                            "讲座教授"
                        ]
                    ]
                },
                "span_info": [
                    [
                        "Author-Update",
                        "position",
                        "讲座教授",
                        5,
                        8
                    ]
                ]
            },
            {
                "text": "符合条件的会议有0个，你要不问一下江西农业大学农学学院江西省作物生理生态遗传育种重点实验室的学者",
                "metadata": {
                    "Conference": {
                        "semi": {
                            "acronym": [],
                            "year": [],
                            "fullName": [],
                            "paperDue": [],
                            "noticeDue": [],
                            "heldDate": [],
                            "abstractDue": [],
                            "finalDue": [],
                            "location": [],
                            "category": [],
                            "ccf": [],
                            "website": [],
                            "bestPaper": [],
                            "confRelated": [],
                            "journalRelated": []
                        }
                    },
                    "Paper": {
                        "semi": {
                            "doi": [],
                            "title": [],
                            "author": [],
                            "venue": [],
                            "year": [],
                            "institution": [],
                            "abstract": [],
                            "pdf": [],
                            "blog": []
                        },
                        "download": {
                            "path": []
                        }
                    },
                    "Journal": {
                        "semi": {
                            "name": [],
                            "ISSN": [],
                            "E_ISSN": [],
                            "IF": [],
                            "h_index": [],
                            "self_citing": [],
                            "ccf": [],
                            "sci": [],
                            "website": [],
                            "submit": [],
                            "OA": [],
                            "category": [],
                            "speed": [],
                            "rate": []
                        }
                    },
                    "Author": {
                        "semi": {
                            "name": [],
                            "field": [],
                            "affiliation": [],
                            "position": [
                                "讲座教授"
                            ],
                            "citations": [],
                            "h_index": [],
                            "pubs": [],
                            "institution": [
                                "中国科学院半导体研究所"
                            ]
                        }
                    },
                    "Institution": {
                        "semi": {
                            "name": [],
                            "address": [],
                            "website": []
                        }
                    }
                },
                "dialog_act": {
                    "Author-Recommend": [
                        [
                            "Choice",
                            "0"
                        ],
                        [
                            "institution",
                            "江西农业大学农学学院江西省作物生理生态遗传育种重点实验室"
                        ]
                    ]
                },
                "span_info": [
                    [
                        "Author-Recommend",
                        "institution",
                        "江西农业大学农学学院江西省作物生理生态遗传育种重点实验室",
                        17,
                        44
                    ]
                ]
            },
            {
                "text": "那江西农业大学农学学院江西省作物生理生态遗传育种重点实验室的有吗",
                "metadata": {},
                "dialog_act": {
                    "Author-Inform": [
                        [
                            "institution",
                            "江西农业大学农学学院江西省作物生理生态遗传育种重点实验室"
                        ]
                    ]
                },
                "span_info": [
                    [
                        "Author-Update",
                        "institution",
                        "江西农业大学农学学院江西省作物生理生态遗传育种重点实验室",
                        1,
                        28
                    ]
                ]
            },
            {
                "text": "没有相关的作者",
                "metadata": {
                    "Conference": {
                        "semi": {
                            "acronym": [],
                            "year": [],
                            "fullName": [],
                            "paperDue": [],
                            "noticeDue": [],
                            "heldDate": [],
                            "abstractDue": [],
                            "finalDue": [],
                            "location": [],
                            "category": [],
                            "ccf": [],
                            "website": [],
                            "bestPaper": [],
                            "confRelated": [],
                            "journalRelated": []
                        }
                    },
                    "Paper": {
                        "semi": {
                            "doi": [],
                            "title": [],
                            "author": [],
                            "venue": [],
                            "year": [],
                            "institution": [],
                            "abstract": [],
                            "pdf": [],
                            "blog": []
                        },
                        "download": {
                            "path": []
                        }
                    },
                    "Journal": {
                        "semi": {
                            "name": [],
                            "ISSN": [],
                            "E_ISSN": [],
                            "IF": [],
                            "h_index": [],
                            "self_citing": [],
                            "ccf": [],
                            "sci": [],
                            "website": [],
                            "submit": [],
                            "OA": [],
                            "category": [],
                            "speed": [],
                            "rate": []
                        }
                    },
                    "Author": {
                        "semi": {
                            "name": [],
                            "field": [],
                            "affiliation": [],
                            "position": [
                                "讲座教授"
                            ],
                            "citations": [],
                            "h_index": [],
                            "pubs": [],
                            "institution": [
                                "江西农业大学农学学院江西省作物生理生态遗传育种重点实验室"
                            ]
                        }
                    },
                    "Institution": {
                        "semi": {
                            "name": [],
                            "address": [],
                            "website": []
                        }
                    }
                },
                "dialog_act": {
                    "Author-Recommend": [
                        [
                            "Choice",
                            "0"
                        ]
                    ]
                },
                "span_info": []
            },
            {
                "text": "请问做肝硬化的学者有哪些呢",
                "metadata": {},
                "dialog_act": {
                    "Author-Inform": [
                        [
                            "field",
                            "肝硬化"
                        ]
                    ]
                },
                "span_info": [
                    [
                        "Author-Inform",
                        "field",
                        "肝硬化",
                        3,
                        5
                    ]
                ]
            },
            {
                "text": "共找到50个符合条件的作者，您还有什么其他的要求嘛",
                "metadata": {
                    "Conference": {
                        "semi": {
                            "acronym": [],
                            "year": [],
                            "fullName": [],
                            "paperDue": [],
                            "noticeDue": [],
                            "heldDate": [],
                            "abstractDue": [],
                            "finalDue": [],
                            "location": [],
                            "category": [],
                            "ccf": [],
                            "website": [],
                            "bestPaper": [],
                            "confRelated": [],
                            "journalRelated": []
                        }
                    },
                    "Paper": {
                        "semi": {
                            "doi": [],
                            "title": [],
                            "author": [],
                            "venue": [],
                            "year": [],
                            "institution": [],
                            "abstract": [],
                            "pdf": [],
                            "blog": []
                        },
                        "download": {
                            "path": []
                        }
                    },
                    "Journal": {
                        "semi": {
                            "name": [],
                            "ISSN": [],
                            "E_ISSN": [],
                            "IF": [],
                            "h_index": [],
                            "self_citing": [],
                            "ccf": [],
                            "sci": [],
                            "website": [],
                            "submit": [],
                            "OA": [],
                            "category": [],
                            "speed": [],
                            "rate": []
                        }
                    },
                    "Author": {
                        "semi": {
                            "name": [],
                            "field": [
                                "肝硬化"
                            ],
                            "affiliation": [],
                            "position": [],
                            "citations": [],
                            "h_index": [],
                            "pubs": []
                        }
                    },
                    "Institution": {
                        "semi": {
                            "name": [],
                            "address": [],
                            "website": []
                        }
                    }
                },
                "dialog_act": {
                    "Author-Recommend": [
                        [
                            "Choice",
                            "11"
                        ]
                    ],
                    "Author-Reqmore": [
                        [
                            "?",
                            "?"
                        ]
                    ]
                },
                "span_info": []
            },
            {
                "text": "其中有哪些人是教授、博导呢",
                "metadata": {},
                "dialog_act": {
                    "Author-Inform": [
                        [
                            "position",
                            "教授、博导"
                        ]
                    ]
                },
                "span_info": [
                    [
                        "Author-Add",
                        "position",
                        "教授、博导",
                        7,
                        11
                    ]
                ]
            },
            {
                "text": "符合条件的会议有0个，你要不问一下纳米粒子领域的学者",
                "metadata": {
                    "Conference": {
                        "semi": {
                            "acronym": [],
                            "year": [],
                            "fullName": [],
                            "paperDue": [],
                            "noticeDue": [],
                            "heldDate": [],
                            "abstractDue": [],
                            "finalDue": [],
                            "location": [],
                            "category": [],
                            "ccf": [],
                            "website": [],
                            "bestPaper": [],
                            "confRelated": [],
                            "journalRelated": []
                        }
                    },
                    "Paper": {
                        "semi": {
                            "doi": [],
                            "title": [],
                            "author": [],
                            "venue": [],
                            "year": [],
                            "institution": [],
                            "abstract": [],
                            "pdf": [],
                            "blog": []
                        },
                        "download": {
                            "path": []
                        }
                    },
                    "Journal": {
                        "semi": {
                            "name": [],
                            "ISSN": [],
                            "E_ISSN": [],
                            "IF": [],
                            "h_index": [],
                            "self_citing": [],
                            "ccf": [],
                            "sci": [],
                            "website": [],
                            "submit": [],
                            "OA": [],
                            "category": [],
                            "speed": [],
                            "rate": []
                        }
                    },
                    "Author": {
                        "semi": {
                            "name": [],
                            "field": [
                                "肝硬化"
                            ],
                            "affiliation": [],
                            "position": [
                                "教授、博导"
                            ],
                            "citations": [],
                            "h_index": [],
                            "pubs": []
                        }
                    },
                    "Institution": {
                        "semi": {
                            "name": [],
                            "address": [],
                            "website": []
                        }
                    }
                },
                "dialog_act": {
                    "Author-Recommend": [
                        [
                            "Choice",
                            "0"
                        ],
                        [
                            "field",
                            "纳米粒子"
                        ]
                    ]
                },
                "span_info": [
                    [
                        "Author-Recommend",
                        "field",
                        "纳米粒子",
                        17,
                        20
                    ]
                ]
            },
            {
                "text": "在这之中做纳米粒子方向的呢",
                "metadata": {},
                "dialog_act": {
                    "Author-Inform": [
                        [
                            "field",
                            "纳米粒子"
                        ]
                    ]
                },
                "span_info": [
                    [
                        "Author-Update",
                        "field",
                        "纳米粒子",
                        5,
                        8
                    ]
                ]
            },
            {
                "text": "没有相关的会议，你要不问一下副校长职称的学者",
                "metadata": {
                    "Conference": {
                        "semi": {
                            "acronym": [],
                            "year": [],
                            "fullName": [],
                            "paperDue": [],
                            "noticeDue": [],
                            "heldDate": [],
                            "abstractDue": [],
                            "finalDue": [],
                            "location": [],
                            "category": [],
                            "ccf": [],
                            "website": [],
                            "bestPaper": [],
                            "confRelated": [],
                            "journalRelated": []
                        }
                    },
                    "Paper": {
                        "semi": {
                            "doi": [],
                            "title": [],
                            "author": [],
                            "venue": [],
                            "year": [],
                            "institution": [],
                            "abstract": [],
                            "pdf": [],
                            "blog": []
                        },
                        "download": {
                            "path": []
                        }
                    },
                    "Journal": {
                        "semi": {
                            "name": [],
                            "ISSN": [],
                            "E_ISSN": [],
                            "IF": [],
                            "h_index": [],
                            "self_citing": [],
                            "ccf": [],
                            "sci": [],
                            "website": [],
                            "submit": [],
                            "OA": [],
                            "category": [],
                            "speed": [],
                            "rate": []
                        }
                    },
                    "Author": {
                        "semi": {
                            "name": [],
                            "field": [
                                "纳米粒子"
                            ],
                            "affiliation": [],
                            "position": [
                                "教授、博导"
                            ],
                            "citations": [],
                            "h_index": [],
                            "pubs": []
                        }
                    },
                    "Institution": {
                        "semi": {
                            "name": [],
                            "address": [],
                            "website": []
                        }
                    }
                },
                "dialog_act": {
                    "Author-Recommend": [
                        [
                            "Choice",
                            "0"
                        ],
                        [
                            "position",
                            "副校长"
                        ]
                    ]
                },
                "span_info": [
                    [
                        "Author-Recommend",
                        "position",
                        "副校长",
                        14,
                        16
                    ]
                ]
            },
            {
                "text": "在这之中副校长有哪些呢",
                "metadata": {},
                "dialog_act": {
                    "Author-Inform": [
                        [
                            "position",
                            "副校长"
                        ]
                    ]
                },
                "span_info": [
                    [
                        "Author-Update",
                        "position",
                        "副校长",
                        4,
                        6
                    ]
                ]
            },
            {
                "text": "共找到1个符合条件的作者，它就是逯高清",
                "metadata": {
                    "Conference": {
                        "semi": {
                            "acronym": [],
                            "year": [],
                            "fullName": [],
                            "paperDue": [],
                            "noticeDue": [],
                            "heldDate": [],
                            "abstractDue": [],
                            "finalDue": [],
                            "location": [],
                            "category": [],
                            "ccf": [],
                            "website": [],
                            "bestPaper": [],
                            "confRelated": [],
                            "journalRelated": []
                        }
                    },
                    "Paper": {
                        "semi": {
                            "doi": [],
                            "title": [],
                            "author": [],
                            "venue": [],
                            "year": [],
                            "institution": [],
                            "abstract": [],
                            "pdf": [],
                            "blog": []
                        },
                        "download": {
                            "path": []
                        }
                    },
                    "Journal": {
                        "semi": {
                            "name": [],
                            "ISSN": [],
                            "E_ISSN": [],
                            "IF": [],
                            "h_index": [],
                            "self_citing": [],
                            "ccf": [],
                            "sci": [],
                            "website": [],
                            "submit": [],
                            "OA": [],
                            "category": [],
                            "speed": [],
                            "rate": []
                        }
                    },
                    "Author": {
                        "semi": {
                            "name": [],
                            "field": [
                                "纳米粒子"
                            ],
                            "affiliation": [],
                            "position": [
                                "副校长"
                            ],
                            "citations": [],
                            "h_index": [],
                            "pubs": []
                        }
                    },
                    "Institution": {
                        "semi": {
                            "name": [],
                            "address": [],
                            "website": []
                        }
                    }
                },
                "dialog_act": {
                    "Author-Recommend": [
                        [
                            "Choice",
                            "1"
                        ],
                        [
                            "name",
                            "逯高清"
                        ]
                    ]
                },
                "span_info": [
                    [
                        "Author-Recommend",
                        "name",
                        "逯高清",
                        16,
                        18
                    ]
                ]
            },
            {
                "text": "逯高清的研究工作是在北京理工大学进行的吗",
                "metadata": {},
                "dialog_act": {
                    "Author-Inform": [
                        [
                            "name",
                            "逯高清"
                        ]
                    ],
                    "Author-Confirm": [
                        [
                            "institution",
                            "卡内基梅隆大学计算机科学系"
                        ]
                    ]
                },
                "span_info": [
                    [
                        "Author-Inform",
                        "name",
                        "逯高清",
                        0,
                        2
                    ],
                    [
                        "Author-Confirm",
                        "institution",
                        "卡内基梅隆大学计算机科学系",
                        -1,
                        11
                    ]
                ]
            },
            {
                "text": "对的",
                "metadata": {
                    "Conference": {
                        "semi": {
                            "acronym": [],
                            "year": [],
                            "fullName": [],
                            "paperDue": [],
                            "noticeDue": [],
                            "heldDate": [],
                            "abstractDue": [],
                            "finalDue": [],
                            "location": [],
                            "category": [],
                            "ccf": [],
                            "website": [],
                            "bestPaper": [],
                            "confRelated": [],
                            "journalRelated": []
                        }
                    },
                    "Paper": {
                        "semi": {
                            "doi": [],
                            "title": [],
                            "author": [],
                            "venue": [],
                            "year": [],
                            "institution": [],
                            "abstract": [],
                            "pdf": [],
                            "blog": []
                        },
                        "download": {
                            "path": []
                        }
                    },
                    "Journal": {
                        "semi": {
                            "name": [],
                            "ISSN": [],
                            "E_ISSN": [],
                            "IF": [],
                            "h_index": [],
                            "self_citing": [],
                            "ccf": [],
                            "sci": [],
                            "website": [],
                            "submit": [],
                            "OA": [],
                            "category": [],
                            "speed": [],
                            "rate": []
                        }
                    },
                    "Author": {
                        "semi": {
                            "name": [
                                "逯高清"
                            ],
                            "field": [
                                "纳米粒子"
                            ],
                            "affiliation": [],
                            "position": [
                                "副校长"
                            ],
                            "citations": [],
                            "h_index": [],
                            "pubs": [],
                            "institution": [
                                "卡内基梅隆大学计算机科学系"
                            ]
                        }
                    },
                    "Institution": {
                        "semi": {
                            "name": [],
                            "address": [],
                            "website": []
                        }
                    }
                },
                "dialog_act": {
                    "General-Positive": [
                        [
                            null,
                            null
                        ]
                    ]
                },
                "span_info": []
            }
        ]
    }
}