{
    "SFTF_039088": {
        "goal": {
            "Conference": {
                "semi": {
                    "acronym": [],
                    "year": [],
                    "fullName": [],
                    "paperDue": [],
                    "noticeDue": [],
                    "heldDate": [],
                    "abstractDue": [],
                    "finalDue": [],
                    "location": [],
                    "category": [],
                    "ccf": [],
                    "website": [],
                    "bestPaper": [],
                    "confRelated": [],
                    "journalRelated": []
                }
            },
            "Paper": {
                "semi": {
                    "doi": [],
                    "title": [
                        "Deep Learning-Based Beam Management and Interference Coordination in Dense mmWave Networks"
                    ],
                    "author": [
                        "韩笑"
                    ],
                    "venue": [
                        "IEEE Trans. Veh. Technol."
                    ],
                    "year": [],
                    "institution": [],
                    "abstract": [],
                    "pdf": [],
                    "blog": [],
                    "path": [
                        "D盘"
                    ]
                },
                "download": {
                    "path": [],
                    "title": [
                        "Deep Learning-Based Beam Management and Interference Coordination in Dense mmWave Networks"
                    ]
                }
            },
            "Journal": {
                "semi": {
                    "name": [],
                    "ISSN": [],
                    "E_ISSN": [],
                    "IF": [],
                    "h_index": [],
                    "self_citing": [],
                    "ccf": [],
                    "sci": [],
                    "website": [],
                    "submit": [],
                    "OA": [],
                    "category": [],
                    "speed": [],
                    "rate": []
                }
            },
            "Author": {
                "semi": {
                    "name": [],
                    "field": [],
                    "affiliation": [],
                    "position": [],
                    "citations": [],
                    "h_index": [],
                    "pubs": []
                }
            },
            "Institution": {
                "semi": {
                    "name": [],
                    "address": [],
                    "website": []
                }
            },
            "description": [
                "Given author,venue; Recommend Paper",
                "Download the paper without path",
                "tell path"
            ]
        },
        "log": [
            {
                "text": "你知道韩笑老师在IEEE Trans. Veh. Technol.会议上发表过哪些论文呢",
                "metadata": {},
                "dialog_act": {
                    "Paper-Inform": [
                        [
                            "author",
                            "韩笑"
                        ],
                        [
                            "venue",
                            "IEEE Trans. Veh. Technol."
                        ]
                    ]
                },
                "span_info": [
                    [
                        "Paper-Inform",
                        "author",
                        "韩笑",
                        3,
                        4
                    ],
                    [
                        "Paper-Inform",
                        "venue",
                        "IEEE Trans. Veh. Technol.",
                        8,
                        32
                    ]
                ]
            },
            {
                "text": "只有1篇满足条件的论文，它就是Deep Learning-Based Beam Management and Interference Coordination in Dense mmWave Networks",
                "metadata": {
                    "Conference": {
                        "semi": {
                            "acronym": [],
                            "year": [],
                            "fullName": [],
                            "paperDue": [],
                            "noticeDue": [],
                            "heldDate": [],
                            "abstractDue": [],
                            "finalDue": [],
                            "location": [],
                            "category": [],
                            "ccf": [],
                            "website": [],
                            "bestPaper": [],
                            "confRelated": [],
                            "journalRelated": []
                        }
                    },
                    "Paper": {
                        "semi": {
                            "doi": [],
                            "title": [],
                            "author": [
                                "韩笑"
                            ],
                            "venue": [
                                "IEEE Trans. Veh. Technol."
                            ],
                            "year": [],
                            "institution": [],
                            "abstract": [],
                            "pdf": [],
                            "blog": []
                        },
                        "download": {
                            "path": []
                        }
                    },
                    "Journal": {
                        "semi": {
                            "name": [],
                            "ISSN": [],
                            "E_ISSN": [],
                            "IF": [],
                            "h_index": [],
                            "self_citing": [],
                            "ccf": [],
                            "sci": [],
                            "website": [],
                            "submit": [],
                            "OA": [],
                            "category": [],
                            "speed": [],
                            "rate": []
                        }
                    },
                    "Author": {
                        "semi": {
                            "name": [],
                            "field": [],
                            "affiliation": [],
                            "position": [],
                            "citations": [],
                            "h_index": [],
                            "pubs": []
                        }
                    },
                    "Institution": {
                        "semi": {
                            "name": [],
                            "address": [],
                            "website": []
                        }
                    }
                },
                "dialog_act": {
                    "Paper-Recommend": [
                        [
                            "Choice",
                            "1"
                        ],
                        [
                            "title",
                            "Deep Learning-Based Beam Management and Interference Coordination in Dense mmWave Networks"
                        ]
                    ]
                },
                "span_info": [
                    [
                        "Paper-Recommend",
                        "title",
                        "Deep Learning-Based Beam Management and Interference Coordination in Dense mmWave Networks",
                        15,
                        104
                    ]
                ]
            },
            {
                "text": "你好可以下载一下Deep Learning-Based Beam Management and Interference Coordination in Dense mmWave Networks吗",
                "metadata": {},
                "dialog_act": {
                    "Paper-Download": [
                        [
                            "title",
                            "Deep Learning-Based Beam Management and Interference Coordination in Dense mmWave Networks"
                        ]
                    ]
                },
                "span_info": [
                    [
                        "Paper-Download",
                        "title",
                        "Deep Learning-Based Beam Management and Interference Coordination in Dense mmWave Networks",
                        8,
                        97
                    ]
                ]
            },
            {
                "text": "你想要下载到本地哪里呢",
                "metadata": {
                    "Conference": {
                        "semi": {
                            "acronym": [],
                            "year": [],
                            "fullName": [],
                            "paperDue": [],
                            "noticeDue": [],
                            "heldDate": [],
                            "abstractDue": [],
                            "finalDue": [],
                            "location": [],
                            "category": [],
                            "ccf": [],
                            "website": [],
                            "bestPaper": [],
                            "confRelated": [],
                            "journalRelated": []
                        }
                    },
                    "Paper": {
                        "semi": {
                            "doi": [],
                            "title": [
                                "Deep Learning-Based Beam Management and Interference Coordination in Dense mmWave Networks"
                            ],
                            "author": [
                                "韩笑"
                            ],
                            "venue": [
                                "IEEE Trans. Veh. Technol."
                            ],
                            "year": [],
                            "institution": [],
                            "abstract": [],
                            "pdf": [],
                            "blog": []
                        },
                        "download": {
                            "path": [],
                            "title": [
                                "Deep Learning-Based Beam Management and Interference Coordination in Dense mmWave Networks"
                            ]
                        }
                    },
                    "Journal": {
                        "semi": {
                            "name": [],
                            "ISSN": [],
                            "E_ISSN": [],
                            "IF": [],
                            "h_index": [],
                            "self_citing": [],
                            "ccf": [],
                            "sci": [],
                            "website": [],
                            "submit": [],
                            "OA": [],
                            "category": [],
                            "speed": [],
                            "rate": []
                        }
                    },
                    "Author": {
                        "semi": {
                            "name": [],
                            "field": [],
                            "affiliation": [],
                            "position": [],
                            "citations": [],
                            "h_index": [],
                            "pubs": []
                        }
                    },
                    "Institution": {
                        "semi": {
                            "name": [],
                            "address": [],
                            "website": []
                        }
                    }
                },
                "dialog_act": {
                    "Paper-Reqmore": [
                        [
                            "path",
                            "?"
                        ]
                    ]
                },
                "span_info": []
            },
            {
                "text": "把它下载到D盘上吧",
                "metadata": {},
                "dialog_act": {
                    "Paper-Inform": [
                        [
                            "path",
                            "D盘"
                        ]
                    ]
                },
                "span_info": [
                    [
                        "Paper-Inform",
                        "path",
                        "D盘",
                        5,
                        6
                    ]
                ]
            },
            {
                "text": "我们为你成功下载到D盘上",
                "metadata": {
                    "Conference": {
                        "semi": {
                            "acronym": [],
                            "year": [],
                            "fullName": [],
                            "paperDue": [],
                            "noticeDue": [],
                            "heldDate": [],
                            "abstractDue": [],
                            "finalDue": [],
                            "location": [],
                            "category": [],
                            "ccf": [],
                            "website": [],
                            "bestPaper": [],
                            "confRelated": [],
                            "journalRelated": []
                        }
                    },
                    "Paper": {
                        "semi": {
                            "doi": [],
                            "title": [
                                "Deep Learning-Based Beam Management and Interference Coordination in Dense mmWave Networks"
                            ],
                            "author": [
                                "韩笑"
                            ],
                            "venue": [
                                "IEEE Trans. Veh. Technol."
                            ],
                            "year": [],
                            "institution": [],
                            "abstract": [],
                            "pdf": [],
                            "blog": [],
                            "path": [
                                "D盘"
                            ]
                        },
                        "download": {
                            "path": [],
                            "title": [
                                "Deep Learning-Based Beam Management and Interference Coordination in Dense mmWave Networks"
                            ]
                        }
                    },
                    "Journal": {
                        "semi": {
                            "name": [],
                            "ISSN": [],
                            "E_ISSN": [],
                            "IF": [],
                            "h_index": [],
                            "self_citing": [],
                            "ccf": [],
                            "sci": [],
                            "website": [],
                            "submit": [],
                            "OA": [],
                            "category": [],
                            "speed": [],
                            "rate": []
                        }
                    },
                    "Author": {
                        "semi": {
                            "name": [],
                            "field": [],
                            "affiliation": [],
                            "position": [],
                            "citations": [],
                            "h_index": [],
                            "pubs": []
                        }
                    },
                    "Institution": {
                        "semi": {
                            "name": [],
                            "address": [],
                            "website": []
                        }
                    }
                },
                "dialog_act": {
                    "Paper-Download": [
                        [
                            "title",
                            "Deep Learning-Based Beam Management and Interference Coordination in Dense mmWave Networks"
                        ],
                        [
                            "path",
                            "D盘"
                        ]
                    ]
                },
                "span_info": [
                    [
                        "Paper-Download",
                        "title",
                        "Deep Learning-Based Beam Management and Interference Coordination in Dense mmWave Networks",
                        -1,
                        88
                    ],
                    [
                        "Paper-Download",
                        "path",
                        "D盘",
                        9,
                        10
                    ]
                ]
            }
        ]
    }
}