{
    "SFTF_040450": {
        "goal": {
            "Conference": {
                "semi": {
                    "acronym": [],
                    "year": [],
                    "fullName": [],
                    "paperDue": [],
                    "noticeDue": [],
                    "heldDate": [],
                    "abstractDue": [],
                    "finalDue": [],
                    "location": [],
                    "category": [],
                    "ccf": [],
                    "website": [],
                    "bestPaper": [],
                    "confRelated": [],
                    "journalRelated": []
                }
            },
            "Paper": {
                "semi": {
                    "doi": [],
                    "title": [],
                    "author": [],
                    "venue": [],
                    "year": [],
                    "institution": [],
                    "abstract": [],
                    "pdf": [],
                    "blog": []
                },
                "download": {
                    "path": []
                }
            },
            "Journal": {
                "semi": {
                    "name": [],
                    "ISSN": [],
                    "E_ISSN": [],
                    "IF": [],
                    "h_index": [],
                    "self_citing": [],
                    "ccf": [],
                    "sci": [],
                    "website": [],
                    "submit": [],
                    "OA": [],
                    "category": [],
                    "speed": [],
                    "rate": []
                }
            },
            "Author": {
                "semi": {
                    "name": [
                        "教授"
                    ],
                    "field": [
                        "微观结构"
                    ],
                    "affiliation": [],
                    "position": [
                        "Professor"
                    ],
                    "citations": [
                        516
                    ],
                    "h_index": [
                        15
                    ],
                    "pubs": [
                        70
                    ]
                }
            },
            "Institution": {
                "semi": {
                    "name": [],
                    "address": [],
                    "website": []
                }
            },
            "description": [
                "Given field,position; Recommend Author",
                "Given field; Recommend Author",
                "When system confirms, give positive answer",
                "Request detail of pubs",
                "Request detail of h_index",
                "Confirm detail of position",
                "Request detail of citations",
                "Request detail of institution"
            ]
        },
        "log": [
            {
                "text": "我不太了解做预后方向的讲师有哪些，你可以告诉我吗",
                "metadata": {},
                "dialog_act": {
                    "Author-Inform": [
                        [
                            "field",
                            "预后"
                        ],
                        [
                            "position",
                            "讲师"
                        ]
                    ]
                },
                "span_info": [
                    [
                        "Author-Inform",
                        "field",
                        "预后",
                        6,
                        7
                    ],
                    [
                        "Author-Inform",
                        "position",
                        "讲师",
                        11,
                        12
                    ]
                ]
            },
            {
                "text": "符合条件的作者有0个",
                "metadata": {
                    "Conference": {
                        "semi": {
                            "acronym": [],
                            "year": [],
                            "fullName": [],
                            "paperDue": [],
                            "noticeDue": [],
                            "heldDate": [],
                            "abstractDue": [],
                            "finalDue": [],
                            "location": [],
                            "category": [],
                            "ccf": [],
                            "website": [],
                            "bestPaper": [],
                            "confRelated": [],
                            "journalRelated": []
                        }
                    },
                    "Paper": {
                        "semi": {
                            "doi": [],
                            "title": [],
                            "author": [],
                            "venue": [],
                            "year": [],
                            "institution": [],
                            "abstract": [],
                            "pdf": [],
                            "blog": []
                        },
                        "download": {
                            "path": []
                        }
                    },
                    "Journal": {
                        "semi": {
                            "name": [],
                            "ISSN": [],
                            "E_ISSN": [],
                            "IF": [],
                            "h_index": [],
                            "self_citing": [],
                            "ccf": [],
                            "sci": [],
                            "website": [],
                            "submit": [],
                            "OA": [],
                            "category": [],
                            "speed": [],
                            "rate": []
                        }
                    },
                    "Author": {
                        "semi": {
                            "name": [],
                            "field": [
                                "预后"
                            ],
                            "affiliation": [],
                            "position": [
                                "讲师"
                            ],
                            "citations": [],
                            "h_index": [],
                            "pubs": []
                        }
                    },
                    "Institution": {
                        "semi": {
                            "name": [],
                            "address": [],
                            "website": []
                        }
                    }
                },
                "dialog_act": {
                    "Author-Recommend": [
                        [
                            "Choice",
                            "0"
                        ]
                    ]
                },
                "span_info": []
            },
            {
                "text": "你知道做微观结构的学者有哪些吗",
                "metadata": {},
                "dialog_act": {
                    "Author-Inform": [
                        [
                            "field",
                            "微观结构"
                        ]
                    ]
                },
                "span_info": [
                    [
                        "Author-Inform",
                        "field",
                        "微观结构",
                        4,
                        7
                    ]
                ]
            },
            {
                "text": "共找到50个符合条件的作者，你确定要返回结果嘛",
                "metadata": {
                    "Conference": {
                        "semi": {
                            "acronym": [],
                            "year": [],
                            "fullName": [],
                            "paperDue": [],
                            "noticeDue": [],
                            "heldDate": [],
                            "abstractDue": [],
                            "finalDue": [],
                            "location": [],
                            "category": [],
                            "ccf": [],
                            "website": [],
                            "bestPaper": [],
                            "confRelated": [],
                            "journalRelated": []
                        }
                    },
                    "Paper": {
                        "semi": {
                            "doi": [],
                            "title": [],
                            "author": [],
                            "venue": [],
                            "year": [],
                            "institution": [],
                            "abstract": [],
                            "pdf": [],
                            "blog": []
                        },
                        "download": {
                            "path": []
                        }
                    },
                    "Journal": {
                        "semi": {
                            "name": [],
                            "ISSN": [],
                            "E_ISSN": [],
                            "IF": [],
                            "h_index": [],
                            "self_citing": [],
                            "ccf": [],
                            "sci": [],
                            "website": [],
                            "submit": [],
                            "OA": [],
                            "category": [],
                            "speed": [],
                            "rate": []
                        }
                    },
                    "Author": {
                        "semi": {
                            "name": [],
                            "field": [
                                "微观结构"
                            ],
                            "affiliation": [],
                            "position": [],
                            "citations": [],
                            "h_index": [],
                            "pubs": []
                        }
                    },
                    "Institution": {
                        "semi": {
                            "name": [],
                            "address": [],
                            "website": []
                        }
                    }
                },
                "dialog_act": {
                    "Author-Recommend": [
                        [
                            "Choice",
                            "19"
                        ]
                    ],
                    "Author-Confirm": [
                        [
                            null,
                            null
                        ]
                    ]
                },
                "span_info": []
            },
            {
                "text": "对的",
                "metadata": {},
                "dialog_act": {
                    "General-Positive": [
                        [
                            null,
                            null
                        ]
                    ]
                },
                "span_info": []
            },
            {
                "text": "共有50个满足条件的作者，点击展开可查看具体信息",
                "metadata": {
                    "Conference": {
                        "semi": {
                            "acronym": [],
                            "year": [],
                            "fullName": [],
                            "paperDue": [],
                            "noticeDue": [],
                            "heldDate": [],
                            "abstractDue": [],
                            "finalDue": [],
                            "location": [],
                            "category": [],
                            "ccf": [],
                            "website": [],
                            "bestPaper": [],
                            "confRelated": [],
                            "journalRelated": []
                        }
                    },
                    "Paper": {
                        "semi": {
                            "doi": [],
                            "title": [],
                            "author": [],
                            "venue": [],
                            "year": [],
                            "institution": [],
                            "abstract": [],
                            "pdf": [],
                            "blog": []
                        },
                        "download": {
                            "path": []
                        }
                    },
                    "Journal": {
                        "semi": {
                            "name": [],
                            "ISSN": [],
                            "E_ISSN": [],
                            "IF": [],
                            "h_index": [],
                            "self_citing": [],
                            "ccf": [],
                            "sci": [],
                            "website": [],
                            "submit": [],
                            "OA": [],
                            "category": [],
                            "speed": [],
                            "rate": []
                        }
                    },
                    "Author": {
                        "semi": {
                            "name": [],
                            "field": [
                                "微观结构"
                            ],
                            "affiliation": [],
                            "position": [],
                            "citations": [],
                            "h_index": [],
                            "pubs": []
                        }
                    },
                    "Institution": {
                        "semi": {
                            "name": [],
                            "address": [],
                            "website": []
                        }
                    }
                },
                "dialog_act": {
                    "Author-Recommend": [
                        [
                            "Choice",
                            "19"
                        ],
                        [
                            "name",
                            "教授"
                        ],
                        [
                            "name",
                            "王欣"
                        ],
                        [
                            "name",
                            "李强"
                        ]
                    ]
                },
                "span_info": [
                    [
                        "Author-Recommend",
                        "name",
                        "教授",
                        -1,
                        0
                    ],
                    [
                        "Author-Recommend",
                        "name",
                        "王欣",
                        -1,
                        0
                    ],
                    [
                        "Author-Recommend",
                        "name",
                        "李强",
                        -1,
                        0
                    ]
                ]
            },
            {
                "text": "请问教授作为作者目前发表过的论文的总数是多少",
                "metadata": {},
                "dialog_act": {
                    "Author-Inform": [
                        [
                            "name",
                            "教授"
                        ]
                    ],
                    "Author-Request": [
                        [
                            "pubs",
                            "?"
                        ]
                    ]
                },
                "span_info": [
                    [
                        "Author-Inform",
                        "name",
                        "教授",
                        2,
                        3
                    ]
                ]
            },
            {
                "text": "教授的总发表数是XXX",
                "metadata": {
                    "Conference": {
                        "semi": {
                            "acronym": [],
                            "year": [],
                            "fullName": [],
                            "paperDue": [],
                            "noticeDue": [],
                            "heldDate": [],
                            "abstractDue": [],
                            "finalDue": [],
                            "location": [],
                            "category": [],
                            "ccf": [],
                            "website": [],
                            "bestPaper": [],
                            "confRelated": [],
                            "journalRelated": []
                        }
                    },
                    "Paper": {
                        "semi": {
                            "doi": [],
                            "title": [],
                            "author": [],
                            "venue": [],
                            "year": [],
                            "institution": [],
                            "abstract": [],
                            "pdf": [],
                            "blog": []
                        },
                        "download": {
                            "path": []
                        }
                    },
                    "Journal": {
                        "semi": {
                            "name": [],
                            "ISSN": [],
                            "E_ISSN": [],
                            "IF": [],
                            "h_index": [],
                            "self_citing": [],
                            "ccf": [],
                            "sci": [],
                            "website": [],
                            "submit": [],
                            "OA": [],
                            "category": [],
                            "speed": [],
                            "rate": []
                        }
                    },
                    "Author": {
                        "semi": {
                            "name": [
                                "教授"
                            ],
                            "field": [
                                "微观结构"
                            ],
                            "affiliation": [],
                            "position": [],
                            "citations": [],
                            "h_index": [],
                            "pubs": []
                        }
                    },
                    "Institution": {
                        "semi": {
                            "name": [],
                            "address": [],
                            "website": []
                        }
                    }
                },
                "dialog_act": {
                    "Author-Inform": [
                        [
                            "name",
                            "教授"
                        ],
                        [
                            "pubs",
                            70
                        ]
                    ]
                },
                "span_info": [
                    [
                        "Author-Inform",
                        "name",
                        "教授",
                        0,
                        1
                    ]
                ]
            },
            {
                "text": "目前教授的h5指数是多少呢",
                "metadata": {},
                "dialog_act": {
                    "Author-Inform": [
                        [
                            "name",
                            "教授"
                        ]
                    ],
                    "Author-Request": [
                        [
                            "h_index",
                            "?"
                        ]
                    ]
                },
                "span_info": [
                    [
                        "Author-Inform",
                        "name",
                        "教授",
                        2,
                        3
                    ]
                ]
            },
            {
                "text": "教授的h5指数是XXX",
                "metadata": {
                    "Conference": {
                        "semi": {
                            "acronym": [],
                            "year": [],
                            "fullName": [],
                            "paperDue": [],
                            "noticeDue": [],
                            "heldDate": [],
                            "abstractDue": [],
                            "finalDue": [],
                            "location": [],
                            "category": [],
                            "ccf": [],
                            "website": [],
                            "bestPaper": [],
                            "confRelated": [],
                            "journalRelated": []
                        }
                    },
                    "Paper": {
                        "semi": {
                            "doi": [],
                            "title": [],
                            "author": [],
                            "venue": [],
                            "year": [],
                            "institution": [],
                            "abstract": [],
                            "pdf": [],
                            "blog": []
                        },
                        "download": {
                            "path": []
                        }
                    },
                    "Journal": {
                        "semi": {
                            "name": [],
                            "ISSN": [],
                            "E_ISSN": [],
                            "IF": [],
                            "h_index": [],
                            "self_citing": [],
                            "ccf": [],
                            "sci": [],
                            "website": [],
                            "submit": [],
                            "OA": [],
                            "category": [],
                            "speed": [],
                            "rate": []
                        }
                    },
                    "Author": {
                        "semi": {
                            "name": [
                                "教授"
                            ],
                            "field": [
                                "微观结构"
                            ],
                            "affiliation": [],
                            "position": [],
                            "citations": [],
                            "h_index": [],
                            "pubs": [
                                70
                            ]
                        }
                    },
                    "Institution": {
                        "semi": {
                            "name": [],
                            "address": [],
                            "website": []
                        }
                    }
                },
                "dialog_act": {
                    "Author-Inform": [
                        [
                            "name",
                            "教授"
                        ],
                        [
                            "h_index",
                            15
                        ]
                    ]
                },
                "span_info": [
                    [
                        "Author-Inform",
                        "name",
                        "教授",
                        0,
                        1
                    ]
                ]
            },
            {
                "text": "不好意思打扰一下Professor现在是Professor嘛",
                "metadata": {},
                "dialog_act": {
                    "Author-Inform": [
                        [
                            "name",
                            "教授"
                        ]
                    ],
                    "Author-Confirm": [
                        [
                            "position",
                            "Professor"
                        ]
                    ]
                },
                "span_info": [
                    [
                        "Author-Inform",
                        "name",
                        "教授",
                        -1,
                        0
                    ],
                    [
                        "Author-Confirm",
                        "position",
                        "Professor",
                        8,
                        16
                    ]
                ]
            },
            {
                "text": "你理解的没错",
                "metadata": {
                    "Conference": {
                        "semi": {
                            "acronym": [],
                            "year": [],
                            "fullName": [],
                            "paperDue": [],
                            "noticeDue": [],
                            "heldDate": [],
                            "abstractDue": [],
                            "finalDue": [],
                            "location": [],
                            "category": [],
                            "ccf": [],
                            "website": [],
                            "bestPaper": [],
                            "confRelated": [],
                            "journalRelated": []
                        }
                    },
                    "Paper": {
                        "semi": {
                            "doi": [],
                            "title": [],
                            "author": [],
                            "venue": [],
                            "year": [],
                            "institution": [],
                            "abstract": [],
                            "pdf": [],
                            "blog": []
                        },
                        "download": {
                            "path": []
                        }
                    },
                    "Journal": {
                        "semi": {
                            "name": [],
                            "ISSN": [],
                            "E_ISSN": [],
                            "IF": [],
                            "h_index": [],
                            "self_citing": [],
                            "ccf": [],
                            "sci": [],
                            "website": [],
                            "submit": [],
                            "OA": [],
                            "category": [],
                            "speed": [],
                            "rate": []
                        }
                    },
                    "Author": {
                        "semi": {
                            "name": [
                                "教授"
                            ],
                            "field": [
                                "微观结构"
                            ],
                            "affiliation": [],
                            "position": [
                                "Professor"
                            ],
                            "citations": [],
                            "h_index": [
                                15
                            ],
                            "pubs": [
                                70
                            ]
                        }
                    },
                    "Institution": {
                        "semi": {
                            "name": [],
                            "address": [],
                            "website": []
                        }
                    }
                },
                "dialog_act": {
                    "General-Positive": [
                        [
                            null,
                            null
                        ]
                    ]
                },
                "span_info": []
            },
            {
                "text": "教授目前发表过的论文的总引用量是多少呢",
                "metadata": {},
                "dialog_act": {
                    "Author-Inform": [
                        [
                            "name",
                            "教授"
                        ]
                    ],
                    "Author-Request": [
                        [
                            "citations",
                            "?"
                        ]
                    ]
                },
                "span_info": [
                    [
                        "Author-Inform",
                        "name",
                        "教授",
                        0,
                        1
                    ]
                ]
            },
            {
                "text": "教授的总引用量是XXX",
                "metadata": {
                    "Conference": {
                        "semi": {
                            "acronym": [],
                            "year": [],
                            "fullName": [],
                            "paperDue": [],
                            "noticeDue": [],
                            "heldDate": [],
                            "abstractDue": [],
                            "finalDue": [],
                            "location": [],
                            "category": [],
                            "ccf": [],
                            "website": [],
                            "bestPaper": [],
                            "confRelated": [],
                            "journalRelated": []
                        }
                    },
                    "Paper": {
                        "semi": {
                            "doi": [],
                            "title": [],
                            "author": [],
                            "venue": [],
                            "year": [],
                            "institution": [],
                            "abstract": [],
                            "pdf": [],
                            "blog": []
                        },
                        "download": {
                            "path": []
                        }
                    },
                    "Journal": {
                        "semi": {
                            "name": [],
                            "ISSN": [],
                            "E_ISSN": [],
                            "IF": [],
                            "h_index": [],
                            "self_citing": [],
                            "ccf": [],
                            "sci": [],
                            "website": [],
                            "submit": [],
                            "OA": [],
                            "category": [],
                            "speed": [],
                            "rate": []
                        }
                    },
                    "Author": {
                        "semi": {
                            "name": [
                                "教授"
                            ],
                            "field": [
                                "微观结构"
                            ],
                            "affiliation": [],
                            "position": [
                                "Professor"
                            ],
                            "citations": [],
                            "h_index": [
                                15
                            ],
                            "pubs": [
                                70
                            ]
                        }
                    },
                    "Institution": {
                        "semi": {
                            "name": [],
                            "address": [],
                            "website": []
                        }
                    }
                },
                "dialog_act": {
                    "Author-Inform": [
                        [
                            "name",
                            "教授"
                        ],
                        [
                            "citations",
                            516
                        ]
                    ]
                },
                "span_info": [
                    [
                        "Author-Inform",
                        "name",
                        "教授",
                        0,
                        1
                    ]
                ]
            },
            {
                "text": "教授是在哪从事研究工作的呢",
                "metadata": {},
                "dialog_act": {
                    "Author-Inform": [
                        [
                            "name",
                            "教授"
                        ]
                    ],
                    "Author-Request": [
                        [
                            "institution",
                            "?"
                        ]
                    ]
                },
                "span_info": [
                    [
                        "Author-Inform",
                        "name",
                        "教授",
                        0,
                        1
                    ]
                ]
            },
            {
                "text": "目前数据库中没有找到教授的工作机构，之后我们会不断完善数据，感谢您的理解",
                "metadata": {
                    "Conference": {
                        "semi": {
                            "acronym": [],
                            "year": [],
                            "fullName": [],
                            "paperDue": [],
                            "noticeDue": [],
                            "heldDate": [],
                            "abstractDue": [],
                            "finalDue": [],
                            "location": [],
                            "category": [],
                            "ccf": [],
                            "website": [],
                            "bestPaper": [],
                            "confRelated": [],
                            "journalRelated": []
                        }
                    },
                    "Paper": {
                        "semi": {
                            "doi": [],
                            "title": [],
                            "author": [],
                            "venue": [],
                            "year": [],
                            "institution": [],
                            "abstract": [],
                            "pdf": [],
                            "blog": []
                        },
                        "download": {
                            "path": []
                        }
                    },
                    "Journal": {
                        "semi": {
                            "name": [],
                            "ISSN": [],
                            "E_ISSN": [],
                            "IF": [],
                            "h_index": [],
                            "self_citing": [],
                            "ccf": [],
                            "sci": [],
                            "website": [],
                            "submit": [],
                            "OA": [],
                            "category": [],
                            "speed": [],
                            "rate": []
                        }
                    },
                    "Author": {
                        "semi": {
                            "name": [
                                "教授"
                            ],
                            "field": [
                                "微观结构"
                            ],
                            "affiliation": [],
                            "position": [
                                "Professor"
                            ],
                            "citations": [
                                516
                            ],
                            "h_index": [
                                15
                            ],
                            "pubs": [
                                70
                            ]
                        }
                    },
                    "Institution": {
                        "semi": {
                            "name": [],
                            "address": [],
                            "website": []
                        }
                    }
                },
                "dialog_act": {
                    "Author-Inform": [
                        [
                            "name",
                            "教授"
                        ]
                    ],
                    "Author-NoInform": [
                        [
                            "institution",
                            null
                        ]
                    ]
                },
                "span_info": [
                    [
                        "Author-Inform",
                        "name",
                        "教授",
                        10,
                        11
                    ]
                ]
            }
        ]
    }
}